거래ID,거래처코드,거래처명,신용점수,국가리스크등급,거래금액_USD,결제조건일수,과거연체횟수,누적거래횟수,업력_년,담보여부,수출보험여부,연체여부
TX000000,P057,Summit Industries,488,5,108600.0,30,5,4,2.6,0,0,1
TX000001,P012,Prime Power,640,2,38600.0,60,1,60,5.1,0,1,0
TX000002,P028,Pacific Global,610,2,41900.0,60,1,51,14.6,0,1,0
TX000003,P089,Golden Power,818,1,612100.0,60,1,45,23.9,1,0,0
TX000004,P113,Meridian Agro,622,3,47500.0,30,2,52,8.1,0,0,0
TX000005,P067,Vega Materials,803,2,635200.0,30,0,51,22.4,0,0,0
TX000006,P026,Summit Materials,735,3,112300.0,60,0,31,8.1,0,0,0
TX000007,P075,Marina Industries,613,3,35300.0,60,1,49,11.9,1,0,0
TX000008,P046,Vega Agro,621,4,57200.0,60,0,56,9.0,0,1,1
TX000009,P114,Corona Logistics,741,1,224600.0,60,1,52,18.8,0,1,0
TX000010,P102,Falcon Power,784,1,289900.0,90,0,49,22.7,1,1,0
TX000011,P120,Orient Chemicals,637,2,70600.0,0,0,50,13.0,0,0,0
TX000012,P098,Marina Agro,655,3,25900.0,30,1,57,17.2,1,0,0
TX000013,P035,Sierra Materials,678,3,56000.0,90,1,66,8.4,1,0,0
TX000014,P117,Falcon Energy,691,2,92500.0,30,1,50,6.8,0,1,0
TX000015,P028,Pacific Global,627,2,39700.0,30,1,51,14.7,0,0,0
TX000016,P070,Crest Metals,819,1,764500.0,0,1,45,24.0,0,0,0
TX000017,P027,Summit Power,725,3,159300.0,30,1,21,3.3,0,1,0
TX000018,P062,Aurora Industries,658,3,104400.0,60,1,33,7.5,0,1,0
TX000019,P018,Marina Global,641,3,44000.0,30,1,58,15.1,0,0,0
TX000020,P061,Harbor Metals,656,2,63900.0,0,2,58,15.1,0,0,0
TX000021,P065,Crest Global,689,2,99900.0,60,0,15,14.2,0,0,1
TX000022,P014,Orient Global,818,1,302600.0,90,0,44,19.2,0,0,0
TX000023,P102,Falcon Power,796,1,242400.0,60,0,49,23.0,0,0,0
TX000024,P099,Aurora Global,688,1,91000.0,90,1,26,11.7,0,0,0
TX000025,P097,Marina Chemicals,819,2,223600.0,90,1,35,18.7,1,0,0
TX000026,P066,Orient Energy,632,3,45100.0,0,3,54,5.9,0,1,1
TX000027,P068,Cobalt Trading,701,4,199700.0,60,0,21,0.5,0,1,0
TX000028,P118,Pacific Chemicals,785,1,259200.0,30,1,44,26.6,1,1,0
TX000029,P061,Harbor Metals,653,2,33500.0,90,1,58,14.7,0,1,1
TX000030,P031,Vega Power,757,2,303900.0,90,0,38,16.8,0,0,0
TX000031,P110,Meridian Energy,815,1,416000.0,30,0,50,23.4,1,1,0
TX000032,P014,Orient Global,812,1,479700.0,30,0,44,18.2,0,1,0
TX000033,P016,Aurora Energy,804,1,241600.0,30,0,45,27.1,0,1,0
TX000034,P066,Orient Energy,616,3,59200.0,60,2,54,6.0,0,1,0
TX000035,P110,Meridian Energy,815,1,298500.0,90,0,50,22.5,0,0,0
TX000036,P088,Falcon Trading,619,3,41500.0,60,1,43,13.0,0,1,0
TX000037,P072,Meridian Logistics,659,3,21700.0,30,0,51,8.9,0,0,0
TX000038,P045,Meridian Materials,683,4,65600.0,60,1,51,10.6,1,1,0
TX000039,P031,Vega Power,787,2,368700.0,0,0,38,17.8,0,1,0
TX000040,P106,Prime Industries,708,2,111600.0,90,2,20,7.6,0,0,0
TX000041,P093,Union Global,838,2,407900.0,0,1,52,20.8,0,0,0
TX000042,P027,Summit Power,724,3,85700.0,60,0,21,3.6,0,0,0
TX000043,P018,Marina Global,621,3,52200.0,0,1,58,15.2,0,1,0
TX000044,P078,Pacific Materials,824,1,207400.0,60,2,37,23.1,0,0,0
TX000045,P066,Orient Energy,627,3,31400.0,60,1,54,5.6,0,1,0
TX000046,P098,Marina Agro,641,3,38200.0,60,3,57,17.3,0,1,0
TX000047,P015,Crest Materials,768,1,301300.0,30,0,34,24.3,1,1,0
TX000048,P048,Orient Metals,631,2,49300.0,0,1,45,12.2,0,0,0
TX000049,P113,Meridian Agro,606,3,62700.0,90,1,52,8.6,1,1,0
TX000050,P081,Vega Industries,490,4,87800.0,30,3,6,5.4,0,1,1
TX000051,P114,Corona Logistics,734,1,522700.0,0,0,52,19.3,0,0,0
TX000052,P005,Zenith Trading,607,3,23000.0,0,2,56,17.2,1,0,0
TX000053,P090,Falcon Agro,832,2,465500.0,30,0,36,21.1,0,0,0
TX000054,P028,Pacific Global,630,2,91600.0,30,2,51,14.4,0,1,0
TX000055,P076,Nordic Materials,628,3,49500.0,90,1,58,11.8,0,1,0
TX000056,P022,Sierra Metals,839,2,203800.0,90,1,46,22.5,0,0,0
TX000057,P120,Orient Chemicals,662,2,87900.0,30,1,50,12.5,0,0,0
TX000058,P106,Prime Industries,719,2,165400.0,30,2,20,9.2,0,1,0
TX000059,P055,Delta Energy,692,3,27300.0,30,3,53,10.0,0,0,1
TX000060,P092,Falcon Metals,675,2,28600.0,30,2,47,15.3,0,1,0
TX000061,P116,Aurora Materials,628,3,38600.0,30,2,55,10.0,0,0,0
TX000062,P045,Meridian Materials,681,4,61900.0,30,1,51,9.7,0,0,0
TX000063,P027,Summit Power,705,3,60300.0,60,0,21,3.3,0,1,0
TX000064,P068,Cobalt Trading,673,4,256100.0,30,0,21,0.6,0,1,0
TX000065,P033,Delta Industries,677,2,156400.0,60,0,24,6.6,0,1,0
TX000066,P048,Orient Metals,630,2,69500.0,30,1,45,11.8,0,0,0
TX000067,P034,Union Trading,750,2,252700.0,30,1,54,18.3,1,0,0
TX000068,P097,Marina Chemicals,796,2,214200.0,0,1,35,19.2,1,1,0
TX000069,P048,Orient Metals,604,2,47300.0,60,1,45,12.6,0,1,1
TX000070,P022,Sierra Metals,859,2,264800.0,60,1,46,21.9,0,1,0
TX000071,P051,Union Energy,719,3,114100.0,30,0,51,12.1,1,0,0
TX000072,P120,Orient Chemicals,622,2,55400.0,60,0,50,13.2,0,1,0
TX000073,P022,Sierra Metals,840,2,288200.0,0,3,46,21.2,0,0,0
TX000074,P110,Meridian Energy,809,1,349000.0,60,1,50,23.1,0,0,0
TX000075,P059,Falcon Materials,702,2,114600.0,60,2,21,9.6,0,1,0
TX000076,P062,Aurora Industries,685,3,105300.0,30,1,33,8.0,1,1,0
TX000077,P028,Pacific Global,632,2,74800.0,0,2,51,14.1,0,1,0
TX000078,P024,Zenith Energy,694,3,191000.0,60,0,16,8.0,0,0,1
TX000079,P071,Golden Metals,787,1,263700.0,60,0,47,27.0,0,1,0
TX000080,P097,Marina Chemicals,802,2,362200.0,60,1,35,19.6,1,1,0
TX000081,P048,Orient Metals,622,2,66600.0,30,1,45,11.8,0,0,1
TX000082,P035,Sierra Materials,662,3,35600.0,30,1,66,9.5,1,1,0
TX000083,P041,Falcon Industries,631,3,99200.0,30,1,63,5.7,0,0,1
TX000084,P036,Prime Trading,773,1,138200.0,30,1,40,23.4,0,0,0
TX000085,P096,Prime Materials,775,2,743800.0,90,0,50,23.1,0,0,0
TX000086,P048,Orient Metals,629,2,40400.0,60,2,45,11.9,0,0,0
TX000087,P051,Union Energy,694,3,40200.0,60,0,51,11.8,0,0,0
TX000088,P083,Crest Agro,691,3,186500.0,30,0,19,7.9,1,0,0
TX000089,P045,Meridian Materials,676,4,84000.0,0,1,51,10.1,0,0,1
TX000090,P069,Sierra Global,678,2,155700.0,0,1,31,3.8,1,0,0
TX000091,P076,Nordic Materials,624,3,43900.0,60,0,58,10.9,0,0,0
TX000092,P113,Meridian Agro,604,3,63500.0,30,2,52,8.7,1,1,0
TX000093,P077,Corona Energy,806,2,516000.0,0,0,37,18.3,1,1,0
TX000094,P076,Nordic Materials,648,3,56600.0,30,1,58,12.8,0,1,0
TX000095,P033,Delta Industries,667,2,59800.0,30,0,24,6.1,0,0,0
TX000096,P120,Orient Chemicals,641,2,55700.0,90,0,50,12.9,0,0,0
TX000097,P082,Union Materials,633,3,115200.0,30,1,14,11.8,0,0,0
TX000098,P072,Meridian Logistics,658,3,50300.0,90,2,51,8.0,1,0,1
TX000099,P041,Falcon Industries,642,3,55700.0,30,2,63,7.4,0,1,0
TX000100,P072,Meridian Logistics,629,3,54300.0,0,0,51,7.9,0,1,0
TX000101,P045,Meridian Materials,693,4,45400.0,0,1,51,9.9,1,1,0
TX000102,P066,Orient Energy,602,3,47000.0,0,1,54,6.2,0,0,1
TX000103,P054,Golden Global,647,3,63900.0,60,2,58,16.1,0,0,1
TX000104,P102,Falcon Power,783,1,299200.0,30,0,49,22.2,0,1,0
TX000105,P027,Summit Power,740,3,139600.0,30,1,21,2.7,0,1,0
TX000106,P046,Vega Agro,632,4,27600.0,90,0,56,10.4,0,1,0
TX000107,P086,Sierra Energy,438,4,71400.0,0,4,5,14.8,1,1,1
TX000108,P014,Orient Global,818,1,356900.0,0,0,44,18.7,1,0,0
TX000109,P093,Union Global,836,2,503100.0,60,2,52,19.1,0,0,0
TX000110,P022,Sierra Metals,859,2,248600.0,30,1,46,21.6,0,0,0
TX000111,P076,Nordic Materials,622,3,32000.0,0,1,58,11.8,0,1,0
TX000112,P094,Union Chemicals,783,1,656700.0,90,0,48,16.5,0,1,0
TX000113,P107,Prime Metals,796,2,285900.0,30,1,47,23.3,0,0,0
TX000114,P022,Sierra Metals,837,2,247500.0,60,2,46,21.2,0,0,0
TX000115,P110,Meridian Energy,830,1,433300.0,30,0,50,23.1,1,1,0
TX000116,P061,Harbor Metals,646,2,32800.0,0,1,58,14.6,1,0,0
TX000117,P101,Aurora Agro,707,3,118000.0,0,1,12,6.9,1,0,0
TX000118,P116,Aurora Materials,649,3,57500.0,60,3,55,8.9,0,1,1
TX000119,P079,Golden Agro,659,2,45500.0,60,0,54,13.6,1,0,0
TX000120,P078,Pacific Materials,819,1,275700.0,30,0,37,22.6,0,0,0
TX000121,P095,Meridian Trading,792,2,304800.0,30,0,44,20.5,1,1,0
TX000122,P106,Prime Industries,731,2,69100.0,30,3,20,6.6,0,1,0
TX000123,P036,Prime Trading,763,1,299900.0,30,0,40,23.5,0,0,0
TX000124,P070,Crest Metals,833,1,560900.0,0,0,45,24.0,0,0,0
TX000125,P075,Marina Industries,591,3,23400.0,60,2,49,11.6,1,0,1
TX000126,P059,Falcon Materials,679,2,176000.0,30,2,21,8.7,0,0,1
TX000127,P051,Union Energy,687,3,57200.0,0,0,51,10.7,1,1,0
TX000128,P113,Meridian Agro,615,3,40300.0,30,1,52,8.0,0,0,0
TX000129,P055,Delta Energy,681,3,33700.0,60,3,53,11.2,0,1,1
TX000130,P073,Vega Metals,719,2,248400.0,90,1,23,10.6,0,1,0
TX000131,P018,Marina Global,647,3,47300.0,60,1,58,15.5,0,1,0
TX000132,P071,Golden Metals,799,1,232300.0,60,0,47,26.7,0,1,0
TX000133,P034,Union Trading,733,2,235500.0,30,1,54,17.9,0,0,1
TX000134,P084,Meridian Metals,768,1,230700.0,30,0,45,23.5,0,0,0
TX000135,P027,Summit Power,697,3,85400.0,30,1,21,3.8,0,1,0
TX000136,P026,Summit Materials,711,3,138000.0,60,0,31,8.4,0,1,0
TX000137,P102,Falcon Power,778,1,368900.0,30,0,49,22.9,0,0,0
TX000138,P041,Falcon Industries,655,3,38400.0,60,1,63,6.9,0,0,0
TX000139,P117,Falcon Energy,680,2,70400.0,60,1,50,8.2,1,1,0
TX000140,P117,Falcon Energy,670,2,59300.0,0,3,50,7.6,1,0,0
TX000141,P002,Corona Agro,687,3,310400.0,0,1,25,4.3,1,0,0
TX000142,P043,Atlas Chemicals,814,2,622400.0,30,0,46,22.2,0,0,0
TX000143,P083,Crest Agro,708,3,200200.0,60,0,19,7.4,0,1,1
TX000144,P076,Nordic Materials,630,3,46800.0,60,0,58,12.4,0,1,0
TX000145,P114,Corona Logistics,739,1,389900.0,0,0,52,19.1,0,1,0
TX000146,P010,Delta Chemicals,672,3,54200.0,30,1,51,11.2,1,0,0
TX000147,P005,Zenith Trading,618,3,32300.0,90,1,56,17.6,0,0,1
TX000148,P113,Meridian Agro,639,3,26000.0,90,2,52,8.3,1,0,1
TX000149,P002,Corona Agro,689,3,130400.0,0,1,25,2.8,1,1,0
TX000150,P069,Sierra Global,655,2,143300.0,30,2,31,4.1,0,1,0
TX000151,P072,Meridian Logistics,653,3,95700.0,60,0,51,8.6,0,0,0
TX000152,P009,Falcon Global,621,3,34400.0,60,1,51,8.6,0,1,1
TX000153,P002,Corona Agro,689,3,216300.0,30,1,25,2.9,0,1,1
TX000154,P118,Pacific Chemicals,771,1,182200.0,30,1,44,27.1,0,0,0
TX000155,P069,Sierra Global,667,2,146500.0,0,1,31,4.0,1,0,1
TX000156,P032,Cobalt Logistics,706,3,101600.0,60,0,23,4.3,1,0,0
TX000157,P075,Marina Industries,608,3,48300.0,30,1,49,12.9,1,1,0
TX000158,P069,Sierra Global,671,2,108900.0,30,1,31,3.4,0,1,0
TX000159,P067,Vega Materials,778,2,530300.0,30,0,51,21.4,0,1,0
TX000160,P102,Falcon Power,785,1,224500.0,30,2,49,23.4,0,0,0
TX000161,P088,Falcon Trading,616,3,27100.0,60,2,43,12.9,0,0,1
TX000162,P113,Meridian Agro,604,3,37300.0,30,1,52,8.7,0,0,0
TX000163,P021,Harbor Power,656,3,137900.0,30,1,15,12.6,1,1,0
TX000164,P056,Union Agro,712,2,60200.0,90,1,22,7.9,1,0,0
TX000165,P035,Sierra Materials,669,3,52500.0,30,1,66,9.1,0,1,1
TX000166,P015,Crest Materials,766,1,221200.0,60,0,34,24.4,1,0,0
TX000167,P035,Sierra Materials,678,3,32100.0,60,1,66,9.3,0,1,0
TX000168,P066,Orient Energy,627,3,55500.0,30,1,54,5.4,0,0,0
TX000169,P041,Falcon Industries,635,3,57600.0,30,1,63,6.6,1,1,0
TX000170,P022,Sierra Metals,868,2,295200.0,30,1,46,21.9,0,0,0
TX000171,P112,Orient Materials,826,1,162800.0,0,0,45,24.4,0,1,0
TX000172,P079,Golden Agro,681,2,26100.0,30,0,54,13.7,0,0,0
TX000173,P065,Crest Global,687,2,89900.0,30,1,15,13.6,0,1,0
TX000174,P100,Nordic Agro,696,3,173500.0,0,1,14,11.3,0,1,0
TX000175,P089,Golden Power,795,1,447000.0,60,0,45,24.8,0,1,0
TX000176,P048,Orient Metals,632,2,43900.0,30,1,45,11.7,0,0,0
TX000177,P100,Nordic Agro,675,3,85300.0,60,0,14,12.3,1,1,0
TX000178,P067,Vega Materials,796,2,447200.0,30,1,51,21.9,1,0,0
TX000179,P027,Summit Power,704,3,85700.0,60,0,21,2.3,0,0,0
TX000180,P073,Vega Metals,727,2,158100.0,30,1,23,11.0,0,1,0
TX000181,P082,Union Materials,681,3,121600.0,0,1,14,12.6,0,0,1
TX000182,P076,Nordic Materials,635,3,88800.0,60,0,58,11.8,0,0,0
TX000183,P120,Orient Chemicals,666,2,87400.0,30,0,50,13.1,0,0,0
TX000184,P020,Corona Materials,674,3,50000.0,60,0,40,15.6,0,1,0
TX000185,P010,Delta Chemicals,690,3,74400.0,30,0,51,10.1,0,1,0
TX000186,P052,Vega Energy,461,5,67900.0,90,2,2,6.0,0,0,1
TX000187,P116,Aurora Materials,652,3,38800.0,30,2,55,10.8,0,1,1
TX000188,P018,Marina Global,628,3,35800.0,0,1,58,15.4,0,1,0
TX000189,P091,Nordic Trading,844,2,1047600.0,0,0,45,20.3,0,1,0
TX000190,P031,Vega Power,789,2,460500.0,0,0,38,17.1,0,0,1
TX000191,P117,Falcon Energy,673,2,64200.0,60,1,50,8.1,0,0,0
TX000192,P012,Prime Power,629,2,75700.0,90,1,60,4.5,1,1,0
TX000193,P014,Orient Global,819,1,667100.0,60,0,44,18.3,0,0,0
TX000194,P116,Aurora Materials,656,3,48600.0,60,2,55,10.3,0,1,0
TX000195,P061,Harbor Metals,658,2,56300.0,0,2,58,15.3,1,0,0
TX000196,P055,Delta Energy,666,3,31900.0,60,2,53,11.1,0,0,1
TX000197,P096,Prime Materials,796,2,556900.0,30,0,50,23.5,1,1,0
TX000198,P084,Meridian Metals,774,1,331900.0,0,0,45,23.1,1,1,0
TX000199,P006,Harbor Agro,702,3,154300.0,60,0,28,4.4,1,0,0
TX000200,P016,Aurora Energy,821,1,335700.0,60,1,45,27.1,0,0,0
TX000201,P001,Delta Power,710,2,92900.0,0,0,19,3.2,0,0,0
TX000202,P024,Zenith Energy,702,3,156100.0,60,0,16,7.6,1,0,1
TX000203,P031,Vega Power,780,2,302500.0,0,0,38,16.7,0,1,0
TX000204,P079,Golden Agro,675,2,65000.0,30,0,54,12.8,0,0,0
TX000205,P120,Orient Chemicals,655,2,86500.0,90,0,50,13.1,1,0,0
TX000206,P013,Orient Logistics,739,2,255100.0,30,1,37,18.1,0,0,0
TX000207,P070,Crest Metals,844,1,757700.0,60,0,45,23.8,0,1,0
TX000208,P034,Union Trading,746,2,303500.0,90,0,54,17.7,0,0,0
TX000209,P102,Falcon Power,766,1,357600.0,30,0,49,22.3,1,1,0
TX000210,P108,Orient Power,709,3,22700.0,30,0,41,11.6,1,0,0
TX000211,P073,Vega Metals,719,2,214600.0,30,1,23,9.8,1,1,0
TX000212,P098,Marina Agro,657,3,38600.0,60,2,57,17.7,1,1,0
TX000213,P062,Aurora Industries,670,3,112400.0,30,1,33,8.4,1,1,0
TX000214,P035,Sierra Materials,643,3,48100.0,0,2,66,9.8,0,0,0
TX000215,P084,Meridian Metals,757,1,336800.0,30,0,45,23.0,0,1,0
TX000216,P071,Golden Metals,820,1,256000.0,30,0,47,27.4,1,0,0
TX000217,P087,Corona Metals,686,2,139100.0,0,1,19,12.9,0,0,0
TX000218,P015,Crest Materials,767,1,400400.0,0,1,34,23.4,1,1,0
TX000219,P055,Delta Energy,677,3,28500.0,60,2,53,10.0,0,0,1
TX000220,P016,Aurora Energy,814,1,446400.0,60,1,45,26.1,0,0,0
TX000221,P083,Crest Agro,692,3,196400.0,30,0,19,8.3,0,1,0
TX000222,P016,Aurora Energy,792,1,152200.0,30,1,45,27.5,1,1,0
TX000223,P117,Falcon Energy,689,2,46100.0,60,2,50,7.7,0,1,0
TX000224,P018,Marina Global,616,3,37900.0,60,1,58,15.6,0,0,0
TX000225,P041,Falcon Industries,629,3,24200.0,30,1,63,7.2,1,1,0
TX000226,P045,Meridian Materials,677,4,58800.0,60,1,51,9.0,0,0,0
TX000227,P083,Crest Agro,705,3,155300.0,0,0,19,7.1,0,0,0
TX000228,P102,Falcon Power,774,1,554200.0,60,0,49,23.4,1,1,0
TX000229,P009,Falcon Global,639,3,29400.0,60,1,51,9.0,1,0,0
TX000230,P085,Pacific Agro,683,3,49400.0,30,1,55,16.0,0,1,0
TX000231,P045,Meridian Materials,682,4,73600.0,90,1,51,10.8,0,1,0
TX000232,P034,Union Trading,737,2,254800.0,0,0,54,18.2,0,0,0
TX000233,P026,Summit Materials,754,3,101800.0,90,0,31,9.7,0,1,0
TX000234,P120,Orient Chemicals,623,2,38700.0,60,1,50,13.8,1,0,0
TX000235,P075,Marina Industries,614,3,63500.0,60,2,49,12.6,1,0,0
TX000236,P088,Falcon Trading,641,3,55500.0,90,1,43,13.0,0,0,0
TX000237,P031,Vega Power,760,2,370800.0,30,1,38,17.9,0,1,0
TX000238,P082,Union Materials,681,3,144000.0,60,1,14,12.0,1,1,0
TX000239,P092,Falcon Metals,701,2,34600.0,0,2,47,16.1,0,1,0
TX000240,P038,Marina Logistics,514,5,67100.0,90,2,14,4.6,0,1,1
TX000241,P093,Union Global,821,2,459700.0,60,1,52,20.8,0,0,0
TX000242,P071,Golden Metals,791,1,282300.0,30,1,47,26.8,1,0,0
TX000243,P061,Harbor Metals,654,2,47800.0,30,1,58,15.2,0,1,0
TX000244,P104,Summit Energy,827,2,337800.0,60,1,41,21.8,0,1,0
TX000245,P011,Corona Industries,665,3,193400.0,60,1,20,11.0,0,0,0
TX000246,P107,Prime Metals,800,2,388600.0,90,1,47,22.8,1,1,0
TX000247,P072,Meridian Logistics,660,3,38400.0,60,0,51,7.8,0,0,0
TX000248,P076,Nordic Materials,619,3,34100.0,30,0,58,12.6,0,1,0
TX000249,P089,Golden Power,834,1,263800.0,0,0,45,24.4,0,0,0
TX000250,P002,Corona Agro,691,3,245300.0,0,1,25,3.6,0,1,0
TX000251,P085,Pacific Agro,696,3,37900.0,0,1,55,16.2,1,0,0
TX000252,P082,Union Materials,671,3,110500.0,30,2,14,11.9,0,0,0
TX000253,P002,Corona Agro,681,3,110700.0,60,1,25,3.0,1,1,0
TX000254,P026,Summit Materials,712,3,129900.0,60,0,31,8.3,1,1,0
TX000255,P075,Marina Industries,600,3,39900.0,30,2,49,12.1,0,1,1
TX000256,P044,Summit Agro,705,2,250200.0,30,0,23,8.3,0,0,0
TX000257,P001,Delta Power,694,2,94500.0,60,1,19,2.1,0,1,1
TX000258,P043,Atlas Chemicals,821,2,513100.0,60,0,46,21.1,1,1,0
TX000259,P107,Prime Metals,794,2,149600.0,60,0,47,22.9,0,0,0
TX000260,P006,Harbor Agro,692,3,58300.0,30,1,28,4.7,0,0,0
TX000261,P032,Cobalt Logistics,704,3,117600.0,30,0,23,3.9,0,1,0
TX000262,P101,Aurora Agro,684,3,182600.0,90,1,12,7.1,1,0,0
TX000263,P003,Delta Materials,827,1,378000.0,30,2,41,20.0,1,0,0
TX000264,P072,Meridian Logistics,643,3,32300.0,60,0,51,8.6,0,1,0
TX000265,P104,Summit Energy,840,2,410400.0,0,1,41,22.4,0,1,0
TX000266,P002,Corona Agro,665,3,157200.0,90,1,25,3.5,0,0,0
TX000267,P046,Vega Agro,646,4,55200.0,60,0,56,9.3,0,1,0
TX000268,P028,Pacific Global,643,2,88700.0,0,1,51,14.3,0,0,0
TX000269,P092,Falcon Metals,675,2,42900.0,60,1,47,14.6,1,1,0
TX000270,P072,Meridian Logistics,632,3,39500.0,0,0,51,8.3,0,0,0
TX000271,P038,Marina Logistics,513,5,60700.0,60,1,14,4.4,1,1,0
TX000272,P035,Sierra Materials,667,3,41800.0,60,2,66,9.5,0,1,0
TX000273,P077,Corona Energy,814,2,472200.0,60,1,37,18.1,0,0,0
TX000274,P035,Sierra Materials,658,3,46600.0,0,1,66,10.0,0,1,0
TX000275,P007,Cairo Grid Co,520,4,138300.0,0,4,19,2.5,0,1,1
TX000276,P022,Sierra Metals,840,2,241900.0,0,1,46,21.8,1,0,0
TX000277,P104,Summit Energy,842,2,317300.0,60,1,41,21.9,1,0,0
TX000278,P018,Marina Global,642,3,54700.0,90,2,58,15.8,0,0,0
TX000279,P066,Orient Energy,616,3,37300.0,30,2,54,5.3,0,0,0
TX000280,P076,Nordic Materials,633,3,58000.0,0,1,58,12.6,0,1,0
TX000281,P066,Orient Energy,620,3,43500.0,30,2,54,5.5,1,1,0
TX000282,P020,Corona Materials,689,3,63800.0,30,0,40,15.2,1,1,0
TX000283,P115,Vega Trading,687,2,114600.0,30,0,20,7.5,0,0,0
TX000284,P045,Meridian Materials,677,4,50600.0,90,1,51,11.1,1,1,0
TX000285,P102,Falcon Power,773,1,369400.0,30,1,49,23.1,0,1,0
TX000286,P043,Atlas Chemicals,802,2,522000.0,60,1,46,21.5,0,1,0
TX000287,P112,Orient Materials,795,1,259100.0,0,0,45,23.0,1,1,0
TX000288,P012,Prime Power,640,2,42600.0,90,0,60,4.4,0,1,0
TX000289,P104,Summit Energy,826,2,447000.0,60,1,41,23.0,1,0,0
TX000290,P036,Prime Trading,748,1,298000.0,30,0,40,23.5,0,1,0
TX000291,P061,Harbor Metals,665,2,56400.0,30,1,58,15.1,0,1,0
TX000292,P091,Nordic Trading,851,2,363800.0,60,0,45,19.8,0,0,0
TX000293,P003,Delta Materials,850,1,333800.0,30,1,41,20.9,1,0,0
TX000294,P115,Vega Trading,692,2,110400.0,60,0,20,7.1,0,1,0
TX000295,P071,Golden Metals,801,1,432400.0,30,1,47,26.7,0,1,0
TX000296,P007,Cairo Grid Co,515,4,136800.0,60,3,19,1.0,1,0,1
TX000297,P064,Zenith Chemicals,674,4,33000.0,90,1,44,7.9,0,1,0
TX000298,P100,Nordic Agro,695,3,132000.0,90,1,14,11.6,0,0,0
TX000299,P059,Falcon Materials,702,2,174900.0,60,2,21,9.8,0,0,0
TX000300,P034,Union Trading,772,2,536900.0,0,1,54,17.9,0,1,0
TX000301,P118,Pacific Chemicals,781,1,130200.0,30,0,44,25.8,0,1,0
TX000302,P118,Pacific Chemicals,780,1,299200.0,60,0,44,26.5,1,0,0
TX000303,P036,Prime Trading,758,1,165500.0,30,2,40,23.3,0,0,0
TX000304,P109,Delta Trading,817,1,310000.0,30,1,40,23.0,0,1,0
TX000305,P120,Orient Chemicals,648,2,66200.0,30,0,50,12.6,0,0,0
TX000306,P114,Corona Logistics,758,1,961600.0,60,2,52,18.8,0,0,0
TX000307,P096,Prime Materials,780,2,660200.0,0,1,50,24.0,0,1,0
TX000308,P070,Crest Metals,840,1,867800.0,90,0,45,22.9,0,1,0
TX000309,P117,Falcon Energy,676,2,85400.0,60,1,50,6.8,0,0,0
TX000310,P034,Union Trading,740,2,345200.0,60,0,54,19.1,1,0,0
TX000311,P018,Marina Global,660,3,32200.0,90,1,58,14.9,0,0,0
TX000312,P023,Sierra Trading,492,4,156400.0,30,2,19,4.1,0,1,1
TX000313,P090,Falcon Agro,829,2,284500.0,0,0,36,21.4,0,0,0
TX000314,P016,Aurora Energy,811,1,249700.0,30,1,45,26.9,0,0,0
TX000315,P077,Corona Energy,796,2,735100.0,90,0,37,18.3,1,1,0
TX000316,P112,Orient Materials,805,1,243200.0,30,0,45,23.5,0,1,0
TX000317,P036,Prime Trading,753,1,204900.0,30,0,40,23.4,0,0,0
TX000318,P107,Prime Metals,799,2,238500.0,30,2,47,23.4,0,0,0
TX000319,P070,Crest Metals,823,1,958500.0,30,1,45,23.6,1,0,0
TX000320,P107,Prime Metals,813,2,156100.0,60,1,47,22.0,0,0,0
TX000321,P095,Meridian Trading,808,2,383300.0,90,0,44,20.4,1,1,0
TX000322,P098,Marina Agro,684,3,40600.0,60,1,57,16.7,0,1,1
TX000323,P056,Union Agro,713,2,176100.0,60,0,22,8.4,0,0,0
TX000324,P031,Vega Power,744,2,476300.0,60,0,38,16.6,1,1,0
TX000325,P046,Vega Agro,630,4,26200.0,30,1,56,11.0,0,1,0
TX000326,P066,Orient Energy,617,3,62300.0,0,2,54,5.4,0,1,0
TX000327,P105,Prime Logistics,516,4,68600.0,30,3,12,3.4,1,0,0
TX000328,P065,Crest Global,664,2,210200.0,90,1,15,13.4,0,1,0
TX000329,P117,Falcon Energy,702,2,56700.0,90,1,50,7.8,0,0,0
TX000330,P091,Nordic Trading,830,2,323900.0,90,0,45,18.8,0,0,0
TX000331,P095,Meridian Trading,824,2,314000.0,60,0,44,21.0,1,0,0
TX000332,P094,Union Chemicals,780,1,666600.0,90,0,48,17.0,0,0,0
TX000333,P107,Prime Metals,809,2,209700.0,30,0,47,23.1,0,1,0
TX000334,P076,Nordic Materials,633,3,68500.0,60,0,58,12.3,0,1,0
TX000335,P022,Sierra Metals,868,2,193500.0,30,1,46,21.4,0,0,0
TX000336,P016,Aurora Energy,806,1,216300.0,60,0,45,26.1,1,1,0
TX000337,P066,Orient Energy,615,3,28000.0,0,2,54,5.7,0,0,0
TX000338,P047,Pacific Metals,671,3,150300.0,30,1,11,6.4,0,1,0
TX000339,P010,Delta Chemicals,671,3,56800.0,0,0,51,11.3,1,0,0
TX000340,P072,Meridian Logistics,654,3,108200.0,30,0,51,8.2,1,1,0
TX000341,P073,Vega Metals,699,2,142900.0,30,1,23,10.4,1,1,0
TX000342,P094,Union Chemicals,797,1,788600.0,0,0,48,16.8,1,1,0
TX000343,P021,Harbor Power,691,3,76700.0,60,0,15,12.8,1,1,0
TX000344,P076,Nordic Materials,618,3,47400.0,60,0,58,11.1,0,1,0
TX000345,P098,Marina Agro,639,3,26300.0,30,2,57,17.7,0,1,0
TX000346,P066,Orient Energy,600,3,40100.0,90,1,54,5.6,1,1,0
TX000347,P090,Falcon Agro,826,2,270100.0,60,2,36,20.1,1,0,0
TX000348,P111,Prime Global,724,2,175500.0,0,0,21,4.6,0,1,0
TX000349,P025,Crest Industries,682,2,285600.0,30,0,14,6.9,1,1,0
TX000350,P056,Union Agro,703,2,131300.0,60,0,22,8.0,0,1,0
TX000351,P091,Nordic Trading,882,2,426400.0,0,0,45,19.7,0,1,0
TX000352,P108,Orient Power,680,3,26800.0,0,1,41,11.3,0,0,0
TX000353,P012,Prime Power,653,2,32500.0,30,0,60,4.0,0,1,0
TX000354,P012,Prime Power,636,2,42700.0,60,0,60,4.4,0,1,0
TX000355,P055,Delta Energy,666,3,39800.0,30,2,53,10.3,1,0,0
TX000356,P020,Corona Materials,687,3,72200.0,60,0,40,14.8,0,0,0
TX000357,P101,Aurora Agro,705,3,127000.0,0,0,12,7.2,0,0,0
TX000358,P089,Golden Power,822,1,318100.0,90,0,45,24.7,0,0,0
TX000359,P035,Sierra Materials,681,3,33500.0,30,2,66,10.0,0,0,0
TX000360,P097,Marina Chemicals,793,2,240100.0,60,2,35,19.8,0,1,0
TX000361,P043,Atlas Chemicals,818,2,363300.0,60,0,46,22.0,1,1,0
TX000362,P032,Cobalt Logistics,711,3,147200.0,30,0,23,3.9,0,0,0
TX000363,P118,Pacific Chemicals,767,1,295600.0,30,0,44,27.2,0,1,0
TX000364,P070,Crest Metals,836,1,461200.0,90,0,45,23.9,0,0,0
TX000365,P092,Falcon Metals,657,2,27500.0,60,1,47,16.3,1,1,0
TX000366,P023,Sierra Trading,476,4,152500.0,30,3,19,4.0,1,0,1
TX000367,P098,Marina Agro,663,3,40400.0,60,1,57,16.5,0,0,0
TX000368,P009,Falcon Global,616,3,58500.0,60,1,51,9.3,1,1,0
TX000369,P077,Corona Energy,790,2,578000.0,30,0,37,19.0,0,0,0
TX000370,P041,Falcon Industries,644,3,40300.0,0,1,63,6.9,0,0,0
TX000371,P120,Orient Chemicals,649,2,45600.0,30,0,50,13.8,0,1,0
TX000372,P107,Prime Metals,817,2,250000.0,60,0,47,23.7,0,0,0
TX000373,P014,Orient Global,807,1,348500.0,60,1,44,17.9,0,1,0
TX000374,P110,Meridian Energy,823,1,318100.0,30,0,50,23.4,1,1,0
TX000375,P014,Orient Global,817,1,423000.0,60,1,44,19.0,0,0,0
TX000376,P070,Crest Metals,803,1,796000.0,60,0,45,23.6,0,1,1
TX000377,P016,Aurora Energy,804,1,218600.0,90,0,45,27.4,0,1,0
TX000378,P010,Delta Chemicals,670,3,53400.0,90,1,51,10.2,0,1,0
TX000379,P094,Union Chemicals,772,1,605400.0,60,0,48,16.9,0,0,0
TX000380,P014,Orient Global,796,1,478200.0,0,1,44,17.3,0,0,0
TX000381,P026,Summit Materials,720,3,258800.0,60,1,31,8.7,0,1,0
TX000382,P108,Orient Power,684,3,41100.0,60,0,41,11.4,0,1,0
TX000383,P097,Marina Chemicals,814,2,379800.0,30,1,35,20.1,1,0,0
TX000384,P083,Crest Agro,686,3,175000.0,60,0,19,6.7,0,1,0
TX000385,P031,Vega Power,761,2,325700.0,60,0,38,17.4,0,0,0
TX000386,P058,Zenith Logistics,718,3,279700.0,90,0,19,8.2,0,1,1
TX000387,P015,Crest Materials,771,1,518800.0,30,0,34,24.1,0,1,0
TX000388,P070,Crest Metals,811,1,586400.0,30,0,45,24.0,0,0,0
TX000389,P005,Zenith Trading,625,3,40500.0,0,1,56,18.9,0,1,0
TX000390,P116,Aurora Materials,680,3,43300.0,0,2,55,10.6,1,1,0
TX000391,P078,Pacific Materials,832,1,247600.0,60,0,37,22.0,0,1,0
TX000392,P110,Meridian Energy,810,1,341200.0,60,0,50,23.3,0,0,0
TX000393,P001,Delta Power,701,2,131500.0,0,1,19,2.4,0,0,0
TX000394,P071,Golden Metals,795,1,263400.0,90,1,47,26.9,1,1,0
TX000395,P065,Crest Global,685,2,75200.0,90,1,15,13.6,1,0,0
TX000396,P087,Corona Metals,671,2,113300.0,60,2,19,12.3,0,0,0
TX000397,P110,Meridian Energy,805,1,404700.0,0,0,50,22.1,1,0,0
TX000398,P028,Pacific Global,622,2,36600.0,90,1,51,15.1,0,0,0
TX000399,P014,Orient Global,821,1,729400.0,60,0,44,18.7,0,1,0
TX000400,P106,Prime Industries,730,2,70100.0,60,2,20,7.9,0,1,0
TX000401,P036,Prime Trading,753,1,308000.0,30,0,40,23.3,0,0,0
TX000402,P082,Union Materials,680,3,124300.0,30,1,14,12.4,0,1,0
TX000403,P002,Corona Agro,708,3,256000.0,0,1,25,3.3,0,0,0
TX000404,P096,Prime Materials,797,2,535400.0,30,0,50,23.8,1,0,0
TX000405,P026,Summit Materials,708,3,118100.0,60,0,31,8.5,0,0,0
TX000406,P088,Falcon Trading,607,3,51700.0,30,1,43,12.5,0,1,0
TX000407,P024,Zenith Energy,719,3,129300.0,30,0,16,8.4,0,0,0
TX000408,P043,Atlas Chemicals,792,2,611800.0,30,0,46,21.9,0,1,0
TX000409,P034,Union Trading,761,2,410300.0,90,1,54,18.3,1,1,0
TX000410,P035,Sierra Materials,667,3,18900.0,0,3,66,9.0,1,1,0
TX000411,P034,Union Trading,755,2,196600.0,60,1,54,18.3,0,0,0
TX000412,P078,Pacific Materials,807,1,257100.0,90,0,37,22.0,1,1,0
TX000413,P014,Orient Global,800,1,721400.0,0,0,44,17.6,0,1,0
TX000414,P120,Orient Chemicals,649,2,71500.0,60,0,50,12.5,0,1,0
TX000415,P036,Prime Trading,746,1,267600.0,30,0,40,23.3,0,0,0
TX000416,P110,Meridian Energy,789,1,347300.0,60,1,50,22.9,0,1,0
TX000417,P099,Aurora Global,689,1,213000.0,60,1,26,11.4,0,1,0
TX000418,P048,Orient Metals,635,2,59900.0,60,2,45,12.0,0,0,0
TX000419,P004,Al-Rashid Trading,452,5,194300.0,30,3,6,5.4,1,0,1
TX000420,P114,Corona Logistics,749,1,469700.0,30,0,52,17.9,0,0,0
TX000421,P066,Orient Energy,586,3,49000.0,30,1,54,6.3,1,0,0
TX000422,P017,Lagos Agro Ltd,489,4,172400.0,60,3,7,3.4,0,1,1
TX000423,P037,Nordic Global,678,3,57600.0,60,1,45,13.9,0,0,0
TX000424,P036,Prime Trading,740,1,156200.0,0,0,40,23.4,1,1,0
TX000425,P096,Prime Materials,785,2,696900.0,0,0,50,23.4,0,1,0
TX000426,P014,Orient Global,819,1,385200.0,90,1,44,18.5,1,1,0
TX000427,P016,Aurora Energy,811,1,175600.0,0,0,45,26.4,1,1,0
TX000428,P051,Union Energy,689,3,42500.0,90,0,51,12.0,0,1,0
TX000429,P080,Harbor Global,515,4,87200.0,90,2,20,4.8,0,0,1
TX000430,P022,Sierra Metals,845,2,169200.0,30,1,46,22.0,0,0,0
TX000431,P011,Corona Industries,687,3,162300.0,60,1,20,11.0,0,0,0
TX000432,P018,Marina Global,663,3,65100.0,60,1,58,15.4,0,0,0
TX000433,P120,Orient Chemicals,625,2,64300.0,60,0,50,13.5,0,0,0
TX000434,P034,Union Trading,761,2,733400.0,30,0,54,19.3,1,1,0
TX000435,P109,Delta Trading,858,1,222200.0,60,1,40,24.1,1,1,0
TX000436,P080,Harbor Global,519,4,125500.0,90,2,20,5.3,0,1,1
TX000437,P113,Meridian Agro,613,3,30400.0,30,3,52,9.3,0,1,0
TX000438,P012,Prime Power,630,2,46700.0,30,0,60,4.9,0,0,0
TX000439,P036,Prime Trading,739,1,201900.0,0,0,40,23.1,0,1,0
TX000440,P092,Falcon Metals,672,2,43500.0,60,1,47,15.6,1,0,0
TX000441,P077,Corona Energy,792,2,374100.0,90,1,37,18.6,0,0,0
TX000442,P051,Union Energy,667,3,53400.0,60,0,51,11.1,0,0,0
TX000443,P061,Harbor Metals,641,2,90500.0,0,2,58,14.6,0,1,0
TX000444,P082,Union Materials,677,3,169900.0,0,1,14,12.5,1,0,0
TX000445,P002,Corona Agro,704,3,149300.0,30,1,25,2.8,0,0,0
TX000446,P023,Sierra Trading,482,4,77700.0,30,2,19,3.6,1,1,1
TX000447,P040,Union Power,728,3,109300.0,60,1,15,3.9,0,1,0
TX000448,P083,Crest Agro,725,3,167400.0,30,1,19,8.6,0,0,0
TX000449,P104,Summit Energy,837,2,521900.0,30,1,41,21.7,0,0,0
TX000450,P006,Harbor Agro,690,3,136100.0,30,1,28,5.2,0,0,0
TX000451,P034,Union Trading,745,2,282400.0,0,0,54,18.8,0,0,0
TX000452,P065,Crest Global,696,2,98900.0,0,1,15,14.1,0,1,0
TX000453,P059,Falcon Materials,701,2,118400.0,0,2,21,8.4,0,0,0
TX000454,P028,Pacific Global,618,2,87300.0,30,2,51,15.1,0,0,0
TX000455,P020,Corona Materials,670,3,87300.0,30,1,40,16.1,0,0,0
TX000456,P012,Prime Power,618,2,26600.0,60,0,60,4.5,0,0,0
TX000457,P045,Meridian Materials,688,4,29400.0,30,1,51,10.7,0,1,0
TX000458,P102,Falcon Power,776,1,348700.0,0,2,49,22.4,1,0,0
TX000459,P079,Golden Agro,674,2,40000.0,30,0,54,13.7,1,0,0
TX000460,P036,Prime Trading,750,1,427700.0,60,0,40,22.7,1,1,0
TX000461,P022,Sierra Metals,821,2,273800.0,60,2,46,20.9,0,1,0
TX000462,P054,Golden Global,653,3,49200.0,30,2,58,16.0,0,0,0
TX000463,P055,Delta Energy,675,3,42700.0,60,2,53,10.5,0,1,0
TX000464,P035,Sierra Materials,662,3,43700.0,60,1,66,10.4,0,0,0
TX000465,P109,Delta Trading,840,1,352000.0,90,0,40,23.4,0,1,0
TX000466,P003,Delta Materials,849,1,768600.0,0,1,41,20.7,0,0,0
TX000467,P036,Prime Trading,762,1,436900.0,30,0,40,23.8,0,0,0
TX000468,P115,Vega Trading,722,2,80100.0,0,1,20,8.1,1,1,0
TX000469,P067,Vega Materials,765,2,532500.0,60,0,51,21.7,0,0,0
TX000470,P114,Corona Logistics,739,1,327500.0,90,1,52,18.1,0,0,0
TX000471,P070,Crest Metals,830,1,321100.0,60,0,45,24.0,0,1,0
TX000472,P026,Summit Materials,748,3,98900.0,0,0,31,8.6,0,0,0
TX000473,P036,Prime Trading,755,1,218000.0,60,0,40,23.7,1,0,0
TX000474,P104,Summit Energy,840,2,572100.0,0,1,41,22.5,0,1,0
TX000475,P028,Pacific Global,637,2,75400.0,30,1,51,14.8,1,1,0
TX000476,P090,Falcon Agro,824,2,306200.0,0,0,36,21.0,0,1,0
TX000477,P041,Falcon Industries,605,3,42100.0,0,3,63,7.1,1,1,0
TX000478,P059,Falcon Materials,684,2,229400.0,90,3,21,9.4,0,1,1
TX000479,P024,Zenith Energy,699,3,122100.0,60,0,16,8.5,0,0,0
TX000480,P037,Nordic Global,658,3,53200.0,0,1,45,14.0,1,0,0
TX000481,P101,Aurora Agro,675,3,222800.0,60,0,12,7.4,0,0,0
TX000482,P120,Orient Chemicals,628,2,94200.0,30,1,50,13.5,0,1,0
TX000483,P114,Corona Logistics,753,1,391500.0,30,0,52,19.9,0,1,0
TX000484,P079,Golden Agro,653,2,52100.0,30,0,54,13.0,0,0,0
TX000485,P117,Falcon Energy,687,2,73400.0,30,1,50,8.5,0,0,0
TX000486,P046,Vega Agro,635,4,24800.0,90,0,56,11.8,0,1,0
TX000487,P067,Vega Materials,794,2,534700.0,30,0,51,21.7,0,0,0
TX000488,P018,Marina Global,627,3,43200.0,30,1,58,15.4,0,0,1
TX000489,P003,Delta Materials,846,1,415200.0,90,1,41,20.3,0,1,0
TX000490,P048,Orient Metals,616,2,45300.0,30,1,45,12.6,0,1,1
TX000491,P042,Corona Power,736,3,110700.0,30,0,25,12.3,0,0,0
TX000492,P009,Falcon Global,623,3,72700.0,0,2,51,8.5,1,0,0
TX000493,P114,Corona Logistics,747,1,162300.0,60,0,52,18.7,0,0,0
TX000494,P119,Meridian Chemicals,634,1,57400.0,0,1,25,11.2,0,0,0
TX000495,P041,Falcon Industries,649,3,35700.0,30,2,63,6.6,0,0,1
TX000496,P042,Corona Power,711,3,158300.0,60,0,25,13.1,1,1,0
TX000497,P079,Golden Agro,656,2,38600.0,90,2,54,13.3,1,0,0
TX000498,P101,Aurora Agro,691,3,164000.0,30,0,12,7.9,1,0,0
TX000499,P064,Zenith Chemicals,674,4,34000.0,30,2,44,7.0,0,0,1
TX000500,P018,Marina Global,657,3,46400.0,30,2,58,16.3,0,0,0
TX000501,P092,Falcon Metals,702,2,41500.0,90,1,47,15.9,0,1,0
TX000502,P078,Pacific Materials,826,1,242100.0,30,0,37,23.1,0,0,0
TX000503,P064,Zenith Chemicals,659,4,19300.0,90,3,44,8.1,0,1,0
TX000504,P005,Zenith Trading,640,3,38900.0,90,1,56,18.2,1,0,0
TX000505,P018,Marina Global,660,3,41900.0,30,1,58,15.2,1,0,0
TX000506,P063,Prime Agro,485,4,114600.0,0,3,13,0.5,1,0,1
TX000507,P066,Orient Energy,608,3,48900.0,60,1,54,6.1,0,1,0
TX000508,P099,Aurora Global,678,1,121400.0,60,2,26,11.0,0,0,0
TX000509,P003,Delta Materials,839,1,405600.0,0,1,41,20.9,1,1,0
TX000510,P088,Falcon Trading,619,3,74700.0,0,1,43,12.9,1,0,0
TX000511,P096,Prime Materials,803,2,572200.0,0,0,50,23.8,1,1,0
TX000512,P009,Falcon Global,618,3,54300.0,30,1,51,9.5,0,1,0
TX000513,P113,Meridian Agro,627,3,48900.0,0,1,52,8.8,0,1,0
TX000514,P092,Falcon Metals,686,2,52000.0,0,1,47,16.1,0,1,0
TX000515,P109,Delta Trading,822,1,431800.0,0,0,40,23.3,0,0,0
TX000516,P046,Vega Agro,627,4,35000.0,60,0,56,10.6,0,1,0
TX000517,P034,Union Trading,757,2,315400.0,90,0,54,18.1,0,1,0
TX000518,P048,Orient Metals,615,2,82400.0,60,1,45,10.9,0,0,1
TX000519,P096,Prime Materials,786,2,1085300.0,30,0,50,23.8,0,1,0
TX000520,P043,Atlas Chemicals,816,2,302500.0,30,0,46,22.1,0,1,0
TX000521,P117,Falcon Energy,685,2,110400.0,90,1,50,7.4,0,0,0
TX000522,P026,Summit Materials,710,3,261800.0,0,0,31,8.7,0,0,0
TX000523,P018,Marina Global,642,3,49400.0,30,1,58,15.1,0,0,0
TX000524,P041,Falcon Industries,604,3,41800.0,60,1,63,6.9,0,1,1
TX000525,P076,Nordic Materials,640,3,73700.0,30,0,58,11.8,0,1,0
TX000526,P089,Golden Power,806,1,322800.0,60,0,45,24.0,0,0,0
TX000527,P112,Orient Materials,811,1,447000.0,60,0,45,23.6,1,1,0
TX000528,P059,Falcon Materials,700,2,134000.0,0,2,21,8.8,0,0,0
TX000529,P105,Prime Logistics,490,4,104200.0,60,3,12,2.6,1,0,1
TX000530,P114,Corona Logistics,744,1,484200.0,90,0,52,19.2,0,1,0
TX000531,P027,Summit Power,720,3,95100.0,30,0,21,3.5,1,1,0
TX000532,P025,Crest Industries,706,2,182800.0,0,1,14,7.4,0,0,0
TX000533,P026,Summit Materials,735,3,155500.0,90,0,31,8.1,0,0,0
TX000534,P076,Nordic Materials,620,3,52600.0,30,1,58,12.2,1,0,0
TX000535,P061,Harbor Metals,658,2,36700.0,90,1,58,14.9,0,1,0
TX000536,P064,Zenith Chemicals,651,4,64400.0,90,1,44,7.6,0,1,1
TX000537,P062,Aurora Industries,684,3,153500.0,0,3,33,8.2,0,0,0
TX000538,P064,Zenith Chemicals,670,4,61300.0,30,1,44,8.2,1,1,0
TX000539,P009,Falcon Global,656,3,31300.0,30,1,51,9.1,0,1,0
TX000540,P111,Prime Global,742,2,151900.0,60,0,21,3.9,0,0,0
TX000541,P077,Corona Energy,810,2,562400.0,0,0,37,18.9,1,1,0
TX000542,P098,Marina Agro,667,3,33300.0,90,2,57,17.2,0,1,0
TX000543,P078,Pacific Materials,838,1,342300.0,60,0,37,22.3,0,1,0
TX000544,P094,Union Chemicals,788,1,790200.0,90,1,48,15.9,0,0,0
TX000545,P028,Pacific Global,624,2,73100.0,30,1,51,13.5,0,0,0
TX000546,P067,Vega Materials,779,2,786100.0,30,0,51,21.0,0,1,0
TX000547,P009,Falcon Global,644,3,52200.0,60,2,51,10.2,0,0,0
TX000548,P001,Delta Power,703,2,144700.0,60,0,19,2.0,1,0,0
TX000549,P054,Golden Global,640,3,45200.0,30,1,58,16.7,0,1,0
TX000550,P055,Delta Energy,686,3,36200.0,90,2,53,10.0,1,1,0
TX000551,P037,Nordic Global,670,3,36900.0,90,1,45,13.7,0,0,0
TX000552,P090,Falcon Agro,811,2,378100.0,30,0,36,21.6,0,1,0
TX000553,P046,Vega Agro,645,4,47600.0,60,1,56,10.7,0,1,0
TX000554,P091,Nordic Trading,869,2,241300.0,90,0,45,19.6,1,0,0
TX000555,P043,Atlas Chemicals,806,2,404800.0,30,0,46,22.1,1,0,0
TX000556,P096,Prime Materials,799,2,536300.0,30,0,50,24.6,0,0,0
TX000557,P003,Delta Materials,837,1,414700.0,90,1,41,20.7,0,1,0
TX000558,P104,Summit Energy,820,2,451300.0,90,1,41,21.9,0,0,0
TX000559,P055,Delta Energy,702,3,31200.0,0,2,53,10.3,0,1,0
TX000560,P066,Orient Energy,618,3,54100.0,30,1,54,5.6,0,1,0
TX000561,P035,Sierra Materials,657,3,32000.0,90,1,66,8.3,0,0,1
TX000562,P022,Sierra Metals,867,2,234000.0,90,1,46,21.4,1,0,0
TX000563,P079,Golden Agro,670,2,42700.0,0,1,54,13.2,1,1,1
TX000564,P116,Aurora Materials,668,3,42000.0,0,2,55,10.3,1,0,1
TX000565,P104,Summit Energy,828,2,413100.0,60,1,41,22.1,1,0,0
TX000566,P104,Summit Energy,836,2,662200.0,0,2,41,21.6,0,0,0
TX000567,P012,Prime Power,600,2,52600.0,60,0,60,4.6,0,1,0
TX000568,P077,Corona Energy,813,2,262700.0,60,0,37,17.9,1,0,0
TX000569,P102,Falcon Power,794,1,326800.0,30,0,49,23.0,0,1,0
TX000570,P108,Orient Power,676,3,39200.0,90,0,41,11.7,0,0,0
TX000571,P020,Corona Materials,675,3,74400.0,30,0,40,13.8,1,1,0
TX000572,P085,Pacific Agro,704,3,25100.0,60,1,55,15.5,1,0,0
TX000573,P066,Orient Energy,631,3,52500.0,30,1,54,5.6,0,0,0
TX000574,P036,Prime Trading,753,1,173400.0,30,0,40,22.7,1,0,0
TX000575,P076,Nordic Materials,613,3,43200.0,0,1,58,12.1,0,1,0
TX000576,P001,Delta Power,725,2,138000.0,90,1,19,2.6,0,0,1
TX000577,P042,Corona Power,702,3,213000.0,30,0,25,12.3,0,0,0
TX000578,P001,Delta Power,703,2,188900.0,30,0,19,2.9,1,0,0
TX000579,P075,Marina Industries,610,3,37000.0,90,1,49,12.5,0,0,0
TX000580,P082,Union Materials,664,3,109900.0,30,2,14,11.6,0,1,0
TX000581,P097,Marina Chemicals,832,2,367600.0,60,1,35,19.3,0,0,0
TX000582,P080,Harbor Global,533,4,155900.0,30,2,20,5.4,0,0,1
TX000583,P100,Nordic Agro,683,3,167900.0,30,0,14,11.2,0,0,0
TX000584,P079,Golden Agro,672,2,27900.0,60,0,54,13.6,0,1,0
TX000585,P034,Union Trading,747,2,667100.0,30,0,54,18.5,0,0,0
TX000586,P042,Corona Power,719,3,152300.0,0,1,25,11.3,0,0,0
TX000587,P018,Marina Global,648,3,29000.0,90,1,58,16.0,0,0,0
TX000588,P014,Orient Global,810,1,237100.0,30,1,44,18.1,1,1,0
TX000589,P064,Zenith Chemicals,670,4,18700.0,60,1,44,6.7,0,0,0
TX000590,P033,Delta Industries,683,2,168700.0,0,0,24,6.6,1,0,0
TX000591,P109,Delta Trading,822,1,342800.0,90,1,40,23.4,0,1,0
TX000592,P099,Aurora Global,699,1,120000.0,30,1,26,11.6,1,0,0
TX000593,P012,Prime Power,627,2,31900.0,60,0,60,5.1,0,1,1
TX000594,P062,Aurora Industries,644,3,103400.0,60,1,33,8.9,0,0,0
TX000595,P005,Zenith Trading,607,3,41900.0,0,1,56,17.5,0,0,0
TX000596,P075,Marina Industries,610,3,54300.0,60,1,49,13.3,0,0,0
TX000597,P051,Union Energy,678,3,40500.0,90,1,51,10.7,0,1,0
TX000598,P037,Nordic Global,652,3,48700.0,60,1,45,13.8,0,0,1
TX000599,P070,Crest Metals,824,1,326800.0,30,0,45,23.7,1,1,0
TX000600,P097,Marina Chemicals,816,2,331100.0,30,1,35,19.4,1,0,0
TX000601,P109,Delta Trading,815,1,132700.0,60,1,40,23.0,0,1,0
TX000602,P115,Vega Trading,682,2,215300.0,60,0,20,7.2,1,0,0
TX000603,P097,Marina Chemicals,807,2,452700.0,0,3,35,19.6,1,0,0
TX000604,P072,Meridian Logistics,647,3,35100.0,60,0,51,8.7,0,0,0
TX000605,P022,Sierra Metals,846,2,223500.0,0,1,46,21.1,0,0,0
TX000606,P041,Falcon Industries,632,3,38200.0,60,1,63,7.5,0,1,1
TX000607,P037,Nordic Global,674,3,42900.0,60,1,45,13.8,0,1,1
TX000608,P038,Marina Logistics,525,5,112500.0,60,2,14,4.9,0,1,1
TX000609,P043,Atlas Chemicals,817,2,793800.0,60,0,46,21.4,1,0,0
TX000610,P069,Sierra Global,673,2,232200.0,30,2,31,4.0,0,0,0
TX000611,P069,Sierra Global,659,2,145700.0,30,3,31,3.9,1,1,1
TX000612,P011,Corona Industries,700,3,153200.0,0,1,20,11.5,0,0,0
TX000613,P085,Pacific Agro,669,3,26300.0,0,1,55,16.8,0,0,0
TX000614,P002,Corona Agro,699,3,231400.0,60,1,25,4.3,0,0,0
TX000615,P114,Corona Logistics,732,1,312200.0,90,0,52,19.4,0,1,0
TX000616,P088,Falcon Trading,616,3,62300.0,60,1,43,12.8,0,0,1
TX000617,P018,Marina Global,639,3,49700.0,30,1,58,15.1,1,1,0
TX000618,P053,Summit Global,750,3,138200.0,60,1,14,10.0,0,1,0
TX000619,P012,Prime Power,637,2,49600.0,90,0,60,4.3,0,1,0
TX000620,P110,Meridian Energy,804,1,326600.0,30,0,50,24.1,0,0,0
TX000621,P113,Meridian Agro,600,3,49300.0,60,1,52,7.7,0,0,0
TX000622,P009,Falcon Global,647,3,59500.0,60,2,51,8.7,0,0,0
TX000623,P029,Atlas Global,434,5,204200.0,60,2,8,0.5,1,1,1
TX000624,P113,Meridian Agro,643,3,70400.0,30,1,52,8.2,0,0,0
TX000625,P074,Aurora Logistics,467,5,125400.0,60,3,7,7.0,0,0,1
TX000626,P076,Nordic Materials,625,3,81500.0,0,2,58,11.4,1,1,0
TX000627,P101,Aurora Agro,688,3,159300.0,90,0,12,6.9,0,0,0
TX000628,P079,Golden Agro,674,2,59000.0,90,0,54,13.3,0,1,0
TX000629,P031,Vega Power,765,2,474800.0,30,1,38,17.0,0,0,0
TX000630,P001,Delta Power,699,2,120500.0,30,0,19,2.1,0,0,0
TX000631,P045,Meridian Materials,676,4,44500.0,60,1,51,10.2,0,0,0
TX000632,P017,Lagos Agro Ltd,489,4,190100.0,60,4,7,3.1,0,0,1
TX000633,P107,Prime Metals,781,2,196600.0,0,0,47,22.7,0,0,0
TX000634,P067,Vega Materials,785,2,438500.0,30,1,51,21.8,1,1,0
TX000635,P025,Crest Industries,713,2,243400.0,90,0,14,6.6,1,1,0
TX000636,P112,Orient Materials,820,1,304700.0,0,0,45,23.8,1,0,0
TX000637,P046,Vega Agro,639,4,49800.0,30,0,56,10.1,0,0,0
TX000638,P119,Meridian Chemicals,655,1,92600.0,60,1,25,10.6,0,1,0
TX000639,P020,Corona Materials,683,3,75300.0,30,1,40,15.6,0,1,1
TX000640,P109,Delta Trading,852,1,384300.0,60,0,40,23.3,1,0,0
TX000641,P036,Prime Trading,758,1,190300.0,60,0,40,23.8,0,1,0
TX000642,P070,Crest Metals,841,1,815600.0,30,0,45,23.7,1,1,0
TX000643,P061,Harbor Metals,662,2,53000.0,90,1,58,14.7,1,1,0
TX000644,P094,Union Chemicals,778,1,1083500.0,30,0,48,16.4,1,0,0
TX000645,P100,Nordic Agro,691,3,171500.0,60,1,14,10.9,0,1,0
TX000646,P010,Delta Chemicals,644,3,60800.0,30,0,51,10.9,0,1,0
TX000647,P034,Union Trading,766,2,452500.0,30,0,54,18.5,1,0,0
TX000648,P028,Pacific Global,643,2,34300.0,30,1,51,14.1,0,1,0
TX000649,P091,Nordic Trading,865,2,164200.0,90,0,45,20.3,0,1,0
TX000650,P077,Corona Energy,783,2,402400.0,90,0,37,18.2,0,0,0
TX000651,P096,Prime Materials,793,2,666300.0,0,0,50,23.6,0,1,0
TX000652,P110,Meridian Energy,792,1,363400.0,60,0,50,24.1,1,0,0
TX000653,P077,Corona Energy,778,2,414500.0,90,0,37,18.2,0,1,0
TX000654,P094,Union Chemicals,782,1,554700.0,90,0,48,17.4,0,0,0
TX000655,P061,Harbor Metals,654,2,43100.0,30,1,58,14.6,0,0,0
TX000656,P028,Pacific Global,621,2,50400.0,0,1,51,14.6,0,1,1
TX000657,P016,Aurora Energy,816,1,267800.0,90,0,45,26.0,0,1,0
TX000658,P093,Union Global,823,2,505700.0,30,1,52,21.2,0,0,0
TX000659,P023,Sierra Trading,474,4,114600.0,0,3,19,4.3,0,0,1
TX000660,P094,Union Chemicals,782,1,556300.0,60,2,48,16.8,1,0,0
TX000661,P012,Prime Power,639,2,20800.0,60,0,60,4.8,0,1,0
TX000662,P045,Meridian Materials,661,4,41900.0,60,1,51,12.2,1,0,0
TX000663,P034,Union Trading,757,2,304400.0,90,0,54,18.6,1,0,0
TX000664,P117,Falcon Energy,665,2,71100.0,0,1,50,7.6,0,1,0
TX000665,P047,Pacific Metals,679,3,177200.0,90,1,11,6.9,1,0,0
TX000666,P118,Pacific Chemicals,798,1,307900.0,0,2,44,26.5,0,1,0
TX000667,P107,Prime Metals,799,2,215300.0,60,0,47,23.5,0,1,0
TX000668,P035,Sierra Materials,653,3,35400.0,30,2,66,9.8,1,0,0
TX000669,P046,Vega Agro,631,4,64600.0,60,0,56,10.4,0,0,0
TX000670,P088,Falcon Trading,586,3,47700.0,30,1,43,11.7,1,1,0
TX000671,P045,Meridian Materials,685,4,82200.0,60,2,51,10.6,0,0,0
TX000672,P018,Marina Global,668,3,41800.0,60,1,58,14.2,0,0,0
TX000673,P071,Golden Metals,798,1,322300.0,30,0,47,26.9,0,0,0
TX000674,P013,Orient Logistics,757,2,328600.0,60,0,37,18.2,1,1,0
TX000675,P076,Nordic Materials,626,3,86500.0,60,1,58,12.1,1,0,0
TX000676,P043,Atlas Chemicals,812,2,698500.0,90,0,46,22.1,0,0,0
TX000677,P093,Union Global,840,2,311400.0,60,1,52,20.8,0,0,0
TX000678,P109,Delta Trading,823,1,285800.0,90,0,40,22.7,1,0,0
TX000679,P115,Vega Trading,700,2,151200.0,0,0,20,7.6,0,1,0
TX000680,P065,Crest Global,710,2,66700.0,90,0,15,13.5,1,1,0
TX000681,P120,Orient Chemicals,629,2,45400.0,90,0,50,11.9,0,0,0
TX000682,P091,Nordic Trading,861,2,476400.0,30,0,45,20.0,0,1,0
TX000683,P041,Falcon Industries,629,3,73000.0,30,1,63,7.3,1,0,0
TX000684,P024,Zenith Energy,694,3,84600.0,0,2,16,7.3,0,0,0
TX000685,P051,Union Energy,709,3,50100.0,60,0,51,11.3,0,0,0
TX000686,P103,Golden Materials,649,2,246300.0,30,0,8,10.4,0,0,0
TX000687,P072,Meridian Logistics,645,3,41100.0,30,0,51,9.2,0,0,1
TX000688,P114,Corona Logistics,736,1,378000.0,0,3,52,18.7,0,0,0
TX000689,P002,Corona Agro,687,3,115900.0,30,2,25,4.0,0,0,0
TX000690,P096,Prime Materials,795,2,410400.0,0,0,50,24.7,0,1,0
TX000691,P111,Prime Global,730,2,211600.0,0,0,21,4.1,1,1,0
TX000692,P005,Zenith Trading,592,3,24900.0,60,1,56,17.7,0,1,1
TX000693,P083,Crest Agro,712,3,177000.0,60,1,19,7.1,1,1,0
TX000694,P089,Golden Power,820,1,418000.0,30,0,45,24.5,0,0,0
TX000695,P016,Aurora Energy,797,1,360600.0,60,1,45,27.6,1,0,0
TX000696,P067,Vega Materials,790,2,451700.0,60,1,51,20.9,0,0,0
TX000697,P075,Marina Industries,601,3,39900.0,90,1,49,12.3,0,1,0
TX000698,P102,Falcon Power,808,1,432000.0,30,0,49,22.4,0,1,0
TX000699,P014,Orient Global,806,1,280700.0,90,0,44,17.3,0,0,0
TX000700,P082,Union Materials,681,3,75000.0,60,1,14,11.9,0,0,0
TX000701,P066,Orient Energy,609,3,29800.0,60,3,54,6.0,0,0,1
TX000702,P040,Union Power,701,3,176000.0,60,1,15,3.5,0,0,0
TX000703,P077,Corona Energy,807,2,319100.0,60,0,37,18.7,0,0,0
TX000704,P115,Vega Trading,693,2,111900.0,30,0,20,7.7,1,1,0
TX000705,P037,Nordic Global,675,3,32000.0,30,2,45,14.1,0,0,0
TX000706,P070,Crest Metals,828,1,510400.0,60,0,45,23.4,0,1,0
TX000707,P117,Falcon Energy,689,2,62000.0,60,1,50,7.1,0,0,0
TX000708,P076,Nordic Materials,626,3,87500.0,30,0,58,12.6,1,1,0
TX000709,P043,Atlas Chemicals,813,2,799900.0,0,0,46,22.1,0,0,0
TX000710,P011,Corona Industries,694,3,136700.0,30,0,20,11.0,1,0,0
TX000711,P104,Summit Energy,822,2,508900.0,30,1,41,21.1,1,0,0
TX000712,P115,Vega Trading,691,2,223700.0,90,1,20,7.7,0,0,0
TX000713,P045,Meridian Materials,677,4,57500.0,60,1,51,9.9,0,0,0
TX000714,P032,Cobalt Logistics,728,3,136700.0,30,0,23,5.3,0,0,0
TX000715,P118,Pacific Chemicals,783,1,204800.0,60,2,44,27.0,1,1,0
TX000716,P085,Pacific Agro,688,3,31100.0,60,1,55,15.3,0,0,0
TX000717,P033,Delta Industries,692,2,61600.0,0,0,24,5.2,0,0,0
TX000718,P010,Delta Chemicals,655,3,47500.0,60,0,51,10.5,0,0,0
TX000719,P046,Vega Agro,622,4,69200.0,60,0,56,11.2,1,1,0
TX000720,P068,Cobalt Trading,685,4,235700.0,60,1,21,0.5,1,1,0
TX000721,P114,Corona Logistics,746,1,222100.0,60,0,52,19.0,0,1,0
TX000722,P120,Orient Chemicals,647,2,56200.0,30,0,50,13.1,0,0,0
TX000723,P111,Prime Global,735,2,178900.0,0,0,21,4.5,0,1,0
TX000724,P061,Harbor Metals,660,2,62500.0,30,1,58,15.1,0,0,0
TX000725,P010,Delta Chemicals,652,3,75500.0,0,0,51,10.9,0,1,0
TX000726,P015,Crest Materials,787,1,547900.0,60,0,34,24.4,1,0,0
TX000727,P120,Orient Chemicals,629,2,57500.0,30,1,50,13.5,0,0,0
TX000728,P061,Harbor Metals,654,2,55100.0,0,1,58,14.1,1,0,1
TX000729,P075,Marina Industries,597,3,42600.0,60,1,49,12.1,0,0,1
TX000730,P076,Nordic Materials,624,3,59500.0,60,0,58,12.7,0,0,0
TX000731,P020,Corona Materials,683,3,125000.0,90,0,40,15.1,0,0,0
TX000732,P083,Crest Agro,696,3,274800.0,0,1,19,7.8,0,0,0
TX000733,P116,Aurora Materials,654,3,32300.0,30,2,55,10.2,0,1,1
TX000734,P071,Golden Metals,819,1,255900.0,60,1,47,26.7,0,0,0
TX000735,P071,Golden Metals,768,1,228400.0,30,0,47,27.8,0,1,0
TX000736,P094,Union Chemicals,777,1,491100.0,90,1,48,16.2,1,0,0
TX000737,P089,Golden Power,813,1,402600.0,30,1,45,24.4,0,0,0
TX000738,P014,Orient Global,790,1,362600.0,0,0,44,18.1,0,0,0
TX000739,P027,Summit Power,704,3,94100.0,60,0,21,3.1,0,1,0
TX000740,P012,Prime Power,621,2,34000.0,30,0,60,4.9,0,0,0
TX000741,P068,Cobalt Trading,704,4,204600.0,30,1,21,0.8,0,0,0
TX000742,P066,Orient Energy,629,3,63900.0,60,1,54,6.1,1,1,0
TX000743,P054,Golden Global,659,3,23600.0,90,1,58,16.0,0,0,1
TX000744,P016,Aurora Energy,797,1,253200.0,60,0,45,27.0,0,0,0
TX000745,P036,Prime Trading,761,1,215700.0,30,0,40,22.3,0,1,0
TX000746,P079,Golden Agro,656,2,78200.0,60,0,54,12.0,1,1,0
TX000747,P061,Harbor Metals,650,2,52000.0,30,1,58,15.1,0,0,0
TX000748,P045,Meridian Materials,673,4,58600.0,0,1,51,11.4,1,0,0
TX000749,P117,Falcon Energy,675,2,88600.0,90,1,50,7.5,0,1,1
TX000750,P072,Meridian Logistics,639,3,37500.0,30,0,51,8.5,0,0,0
TX000751,P062,Aurora Industries,676,3,101200.0,0,1,33,8.1,1,1,0
TX000752,P085,Pacific Agro,690,3,58200.0,60,1,55,16.2,1,1,0
TX000753,P110,Meridian Energy,805,1,405500.0,60,0,50,23.4,1,0,0
TX000754,P014,Orient Global,808,1,650600.0,30,0,44,18.0,0,0,0
TX000755,P043,Atlas Chemicals,798,2,426300.0,60,1,46,21.5,0,0,0
TX000756,P085,Pacific Agro,673,3,40800.0,60,2,55,15.6,0,0,1
TX000757,P002,Corona Agro,696,3,200300.0,90,2,25,4.5,0,1,0
TX000758,P046,Vega Agro,622,4,36500.0,30,0,56,10.6,1,0,0
TX000759,P042,Corona Power,731,3,111600.0,90,1,25,11.9,1,0,0
TX000760,P092,Falcon Metals,683,2,44500.0,30,1,47,15.6,0,0,0
TX000761,P076,Nordic Materials,634,3,42300.0,60,1,58,10.9,1,1,0
TX000762,P002,Corona Agro,681,3,134900.0,30,1,25,3.7,0,1,0
TX000763,P117,Falcon Energy,679,2,59400.0,30,4,50,8.4,0,1,0
TX000764,P093,Union Global,843,2,561800.0,30,2,52,21.1,0,0,0
TX000765,P072,Meridian Logistics,663,3,41900.0,30,1,51,7.6,0,1,0
TX000766,P055,Delta Energy,702,3,52900.0,60,2,53,10.4,0,1,0
TX000767,P051,Union Energy,699,3,39900.0,30,0,51,10.7,0,0,0
TX000768,P092,Falcon Metals,691,2,70000.0,90,1,47,15.6,0,0,0
TX000769,P110,Meridian Energy,798,1,379000.0,30,0,50,23.0,0,0,0
TX000770,P113,Meridian Agro,615,3,47300.0,90,2,52,9.0,0,0,1
TX000771,P031,Vega Power,775,2,429400.0,0,0,38,17.7,0,1,0
TX000772,P111,Prime Global,724,2,270900.0,90,0,21,4.1,1,0,0
TX000773,P069,Sierra Global,667,2,139600.0,90,1,31,3.4,0,0,0
TX000774,P118,Pacific Chemicals,792,1,398800.0,60,0,44,26.7,0,0,0
TX000775,P083,Crest Agro,710,3,155600.0,90,0,19,7.6,0,0,1
TX000776,P108,Orient Power,680,3,33600.0,0,0,41,12.1,0,0,0
TX000777,P094,Union Chemicals,776,1,858100.0,0,0,48,16.5,0,1,0
TX000778,P104,Summit Energy,816,2,613200.0,60,1,41,22.3,0,0,0
TX000779,P058,Zenith Logistics,723,3,248900.0,60,1,19,7.1,1,0,1
TX000780,P012,Prime Power,610,2,55700.0,30,0,60,2.8,0,0,0
TX000781,P066,Orient Energy,632,3,53400.0,0,2,54,6.2,0,0,0
TX000782,P002,Corona Agro,700,3,349800.0,90,1,25,4.2,0,0,0
TX000783,P108,Orient Power,696,3,41400.0,60,0,41,11.5,0,1,0
TX000784,P109,Delta Trading,816,1,432400.0,90,0,40,22.8,0,1,0
TX000785,P098,Marina Agro,644,3,33300.0,90,1,57,17.2,0,1,1
TX000786,P064,Zenith Chemicals,655,4,47500.0,90,3,44,7.8,0,1,1
TX000787,P067,Vega Materials,772,2,361300.0,90,0,51,22.3,1,0,0
TX000788,P096,Prime Materials,796,2,641300.0,60,0,50,23.6,1,0,0
TX000789,P104,Summit Energy,812,2,440800.0,0,1,41,21.9,0,0,0
TX000790,P071,Golden Metals,804,1,350200.0,60,0,47,27.5,0,0,0
TX000791,P066,Orient Energy,603,3,34200.0,60,2,54,5.7,0,0,0
TX000792,P020,Corona Materials,677,3,61100.0,30,1,40,15.0,0,0,0
TX000793,P113,Meridian Agro,621,3,44400.0,30,1,52,8.2,0,1,0
TX000794,P092,Falcon Metals,693,2,34400.0,0,1,47,15.9,1,0,0
TX000795,P051,Union Energy,675,3,67100.0,60,2,51,11.2,0,1,1
TX000796,P080,Harbor Global,545,4,113000.0,30,2,20,4.5,0,1,0
TX000797,P059,Falcon Materials,681,2,201600.0,30,2,21,9.4,0,0,0
TX000798,P014,Orient Global,812,1,420900.0,60,0,44,18.5,0,1,0
TX000799,P102,Falcon Power,791,1,286600.0,30,1,49,23.0,0,0,0
TX000800,P066,Orient Energy,612,3,39900.0,30,2,54,5.0,0,0,0
TX000801,P045,Meridian Materials,659,4,66500.0,30,1,51,10.6,0,1,0
TX000802,P055,Delta Energy,696,3,22200.0,30,2,53,11.6,0,0,0
TX000803,P015,Crest Materials,799,1,273500.0,0,0,34,23.6,0,0,0
TX000804,P036,Prime Trading,739,1,248300.0,30,0,40,23.1,1,1,0
TX000805,P070,Crest Metals,819,1,648000.0,0,0,45,23.9,0,0,0
TX000806,P035,Sierra Materials,680,3,37700.0,0,2,66,8.5,0,1,0
TX000807,P061,Harbor Metals,665,2,58800.0,60,1,58,14.8,0,1,0
TX000808,P096,Prime Materials,787,2,630900.0,60,1,50,23.5,0,1,0
TX000809,P061,Harbor Metals,673,2,71400.0,60,1,58,15.0,0,1,0
TX000810,P098,Marina Agro,663,3,22900.0,30,1,57,16.2,1,0,0
TX000811,P108,Orient Power,677,3,25100.0,90,0,41,11.5,1,1,0
TX000812,P117,Falcon Energy,681,2,47700.0,60,1,50,7.5,0,1,0
TX000813,P085,Pacific Agro,692,3,36800.0,60,1,55,16.1,0,0,0
TX000814,P104,Summit Energy,845,2,504800.0,30,1,41,20.9,0,1,0
TX000815,P084,Meridian Metals,750,1,190700.0,60,0,45,23.5,0,1,0
TX000816,P112,Orient Materials,802,1,238500.0,60,0,45,23.7,0,0,0
TX000817,P118,Pacific Chemicals,771,1,380400.0,60,0,44,26.7,0,0,0
TX000818,P008,Vega Logistics,710,2,146600.0,90,0,19,10.1,1,0,0
TX000819,P025,Crest Industries,708,2,201000.0,30,0,14,6.9,0,0,0
TX000820,P066,Orient Energy,605,3,48500.0,0,2,54,6.5,0,0,0
TX000821,P072,Meridian Logistics,642,3,34600.0,60,0,51,8.4,0,1,0
TX000822,P010,Delta Chemicals,681,3,43400.0,60,1,51,11.1,0,1,0
TX000823,P074,Aurora Logistics,486,5,101800.0,60,3,7,6.9,0,0,1
TX000824,P067,Vega Materials,790,2,473800.0,60,0,51,21.9,0,0,0
TX000825,P115,Vega Trading,707,2,195500.0,30,0,20,8.0,0,1,0
TX000826,P108,Orient Power,684,3,19100.0,0,0,41,11.4,1,1,0
TX000827,P005,Zenith Trading,616,3,27800.0,90,1,56,17.4,0,1,0
TX000828,P034,Union Trading,760,2,546300.0,30,0,54,18.5,1,1,0
TX000829,P009,Falcon Global,631,3,58100.0,30,1,51,8.8,1,0,0
TX000830,P016,Aurora Energy,816,1,270100.0,30,0,45,27.3,0,0,0
TX000831,P110,Meridian Energy,787,1,672400.0,90,0,50,23.0,0,0,0
TX000832,P075,Marina Industries,599,3,39100.0,90,1,49,11.4,0,1,1
TX000833,P010,Delta Chemicals,679,3,55900.0,90,0,51,10.5,0,1,0
TX000834,P088,Falcon Trading,632,3,50700.0,60,1,43,13.0,0,0,0
TX000835,P016,Aurora Energy,820,1,323900.0,90,0,45,28.7,1,0,0
TX000836,P012,Prime Power,673,2,31300.0,60,0,60,4.2,1,1,0
TX000837,P005,Zenith Trading,634,3,25400.0,0,1,56,18.7,0,0,0
TX000838,P072,Meridian Logistics,658,3,50800.0,30,0,51,8.3,1,0,0
TX000839,P116,Aurora Materials,646,3,29800.0,90,3,55,10.4,1,0,1
TX000840,P002,Corona Agro,678,3,111700.0,60,1,25,4.5,1,1,0
TX000841,P075,Marina Industries,599,3,51600.0,30,1,49,11.7,0,0,1
TX000842,P067,Vega Materials,784,2,482700.0,60,0,51,22.1,1,0,0
TX000843,P098,Marina Agro,668,3,24500.0,90,3,57,17.0,0,0,0
TX000844,P066,Orient Energy,614,3,68100.0,60,1,54,6.3,0,1,0
TX000845,P102,Falcon Power,773,1,245300.0,0,0,49,21.4,1,1,0
TX000846,P012,Prime Power,647,2,62000.0,30,0,60,4.1,0,0,0
TX000847,P043,Atlas Chemicals,810,2,430100.0,60,0,46,21.7,0,0,0
TX000848,P034,Union Trading,771,2,302000.0,90,0,54,18.2,0,0,0
TX000849,P091,Nordic Trading,861,2,478300.0,60,0,45,19.9,0,0,0
TX000850,P113,Meridian Agro,611,3,25200.0,0,1,52,9.8,0,0,0
TX000851,P114,Corona Logistics,714,1,471300.0,90,0,52,19.7,1,1,0
TX000852,P048,Orient Metals,626,2,37900.0,90,1,45,12.0,0,0,0
TX000853,P083,Crest Agro,716,3,149800.0,60,0,19,8.0,0,0,1
TX000854,P077,Corona Energy,811,2,350000.0,0,1,37,18.5,0,0,0
TX000855,P032,Cobalt Logistics,728,3,134300.0,0,0,23,5.1,1,1,0
TX000856,P045,Meridian Materials,692,4,68500.0,90,2,51,9.8,1,0,0
TX000857,P035,Sierra Materials,658,3,44100.0,30,1,66,9.3,0,1,0
TX000858,P111,Prime Global,721,2,157800.0,30,0,21,4.7,0,1,0
TX000859,P107,Prime Metals,801,2,128400.0,0,0,47,21.8,1,1,0
TX000860,P022,Sierra Metals,845,2,219500.0,0,3,46,21.9,1,0,0
TX000861,P056,Union Agro,721,2,155600.0,60,0,22,8.0,0,0,0
TX000862,P119,Meridian Chemicals,637,1,84200.0,0,1,25,12.2,1,0,0
TX000863,P066,Orient Energy,615,3,59200.0,90,1,54,5.6,1,0,0
TX000864,P096,Prime Materials,809,2,785700.0,30,0,50,23.6,0,0,0
TX000865,P109,Delta Trading,822,1,402100.0,90,0,40,23.6,1,0,0
TX000866,P090,Falcon Agro,829,2,422100.0,30,0,36,20.8,0,1,0
TX000867,P064,Zenith Chemicals,666,4,34500.0,60,1,44,8.4,0,0,1
TX000868,P079,Golden Agro,686,2,52200.0,60,0,54,13.8,0,0,0
TX000869,P112,Orient Materials,798,1,304500.0,0,1,45,24.5,0,0,0
TX000870,P038,Marina Logistics,526,5,76800.0,30,2,14,5.5,0,1,0
TX000871,P045,Meridian Materials,692,4,39500.0,30,1,51,10.7,0,0,1
TX000872,P116,Aurora Materials,640,3,73700.0,90,4,55,10.0,1,0,1
TX000873,P097,Marina Chemicals,833,2,316100.0,30,1,35,19.2,0,0,0
TX000874,P114,Corona Logistics,738,1,327300.0,30,0,52,19.0,0,0,0
TX000875,P083,Crest Agro,704,3,175900.0,90,0,19,7.9,0,1,1
TX000876,P045,Meridian Materials,667,4,79200.0,60,1,51,10.1,1,1,0
TX000877,P118,Pacific Chemicals,779,1,194000.0,30,1,44,26.3,0,1,0
TX000878,P042,Corona Power,734,3,124600.0,0,1,25,12.5,0,0,0
TX000879,P068,Cobalt Trading,696,4,345800.0,60,0,21,0.8,0,0,1
TX000880,P099,Aurora Global,666,1,141200.0,90,1,26,10.7,1,0,0
TX000881,P096,Prime Materials,797,2,747100.0,60,1,50,23.3,0,1,0
TX000882,P037,Nordic Global,659,3,40600.0,30,3,45,13.8,1,1,1
TX000883,P041,Falcon Industries,638,3,41000.0,0,1,63,8.0,1,0,0
TX000884,P095,Meridian Trading,815,2,251000.0,0,0,44,20.5,1,1,0
TX000885,P033,Delta Industries,683,2,136100.0,0,1,24,6.0,1,0,0
TX000886,P078,Pacific Materials,811,1,394000.0,0,0,37,22.1,1,1,0
TX000887,P078,Pacific Materials,813,1,382300.0,60,0,37,23.2,1,1,0
TX000888,P097,Marina Chemicals,797,2,771900.0,0,1,35,20.2,1,0,0
TX000889,P022,Sierra Metals,857,2,289100.0,60,1,46,21.9,0,1,1
TX000890,P034,Union Trading,751,2,378600.0,60,0,54,19.4,0,0,0
TX000891,P005,Zenith Trading,604,3,49800.0,60,1,56,17.8,0,1,1
TX000892,P120,Orient Chemicals,641,2,60100.0,30,0,50,13.9,0,0,0
TX000893,P103,Golden Materials,675,2,169600.0,60,0,8,9.8,0,0,1
TX000894,P076,Nordic Materials,631,3,74700.0,60,1,58,12.5,0,0,0
TX000895,P066,Orient Energy,605,3,37900.0,90,1,54,5.8,0,1,1
TX000896,P120,Orient Chemicals,640,2,66200.0,90,0,50,13.9,1,1,1
TX000897,P009,Falcon Global,636,3,44700.0,30,1,51,8.8,1,1,0
TX000898,P081,Vega Industries,530,4,63300.0,0,2,6,6.0,0,0,1
TX000899,P074,Aurora Logistics,459,5,172100.0,90,3,7,7.2,0,0,1
TX000900,P098,Marina Agro,678,3,49500.0,60,1,57,17.5,0,0,0
TX000901,P089,Golden Power,801,1,258800.0,30,1,45,24.9,0,1,0
TX000902,P063,Prime Agro,495,4,79800.0,60,3,13,1.8,0,0,1
TX000903,P114,Corona Logistics,748,1,290000.0,30,1,52,19.7,0,1,0
TX000904,P066,Orient Energy,632,3,49000.0,0,1,54,6.3,0,0,1
TX000905,P055,Delta Energy,669,3,26100.0,90,2,53,10.6,0,0,1
TX000906,P005,Zenith Trading,609,3,27700.0,30,3,56,17.8,1,1,0
TX000907,P036,Prime Trading,737,1,208100.0,0,0,40,23.6,0,1,0
TX000908,P075,Marina Industries,611,3,33300.0,0,1,49,11.5,0,1,0
TX000909,P043,Atlas Chemicals,806,2,638000.0,60,1,46,22.1,1,0,0
TX000910,P035,Sierra Materials,672,3,35500.0,0,1,66,10.0,1,1,0
TX000911,P014,Orient Global,817,1,437700.0,30,0,44,18.5,0,0,0
TX000912,P085,Pacific Agro,679,3,19600.0,60,3,55,16.4,1,0,0
TX000913,P117,Falcon Energy,682,2,87700.0,60,1,50,7.2,1,1,0
TX000914,P013,Orient Logistics,732,2,228200.0,60,1,37,18.3,0,0,0
TX000915,P068,Cobalt Trading,697,4,166300.0,30,0,21,0.5,1,0,0
TX000916,P045,Meridian Materials,669,4,51500.0,90,1,51,9.8,1,1,0
TX000917,P104,Summit Energy,839,2,604500.0,30,1,41,21.8,0,0,0
TX000918,P064,Zenith Chemicals,641,4,32300.0,30,3,44,8.9,0,0,1
TX000919,P069,Sierra Global,662,2,118700.0,30,3,31,3.4,1,0,0
TX000920,P066,Orient Energy,622,3,39200.0,60,1,54,5.2,0,0,0
TX000921,P046,Vega Agro,640,4,49600.0,60,0,56,10.4,0,0,0
TX000922,P092,Falcon Metals,675,2,59500.0,60,3,47,16.1,1,0,1
TX000923,P109,Delta Trading,819,1,205900.0,30,0,40,23.5,0,1,0
TX000924,P067,Vega Materials,790,2,398100.0,0,1,51,21.7,1,0,0
TX000925,P036,Prime Trading,761,1,201100.0,90,0,40,24.7,0,0,0
TX000926,P016,Aurora Energy,816,1,299500.0,0,0,45,26.6,0,1,0
TX000927,P087,Corona Metals,674,2,117400.0,60,1,19,13.0,1,0,0
TX000928,P048,Orient Metals,630,2,43800.0,30,3,45,11.4,0,1,1
TX000929,P040,Union Power,722,3,125900.0,30,1,15,3.3,0,0,0
TX000930,P080,Harbor Global,510,4,185300.0,60,2,20,5.4,0,0,1
TX000931,P118,Pacific Chemicals,801,1,206100.0,60,0,44,27.4,1,0,0
TX000932,P010,Delta Chemicals,663,3,52200.0,0,0,51,11.4,0,0,0
TX000933,P119,Meridian Chemicals,632,1,63500.0,30,1,25,12.1,1,1,0
TX000934,P066,Orient Energy,617,3,60400.0,60,1,54,6.4,1,1,0
TX000935,P099,Aurora Global,699,1,153200.0,30,2,26,11.2,0,1,0
TX000936,P055,Delta Energy,668,3,31400.0,30,4,53,10.5,0,1,0
TX000937,P109,Delta Trading,840,1,293000.0,60,0,40,24.5,0,0,0
TX000938,P070,Crest Metals,853,1,545000.0,90,0,45,23.6,1,0,0
TX000939,P087,Corona Metals,698,2,210600.0,60,1,19,13.3,0,0,0
TX000940,P006,Harbor Agro,713,3,207400.0,30,0,28,4.3,1,1,0
TX000941,P096,Prime Materials,782,2,666100.0,60,1,50,23.8,1,0,0
TX000942,P076,Nordic Materials,618,3,44500.0,60,1,58,12.5,0,0,1
TX000943,P009,Falcon Global,611,3,36300.0,30,1,51,8.5,1,1,0
TX000944,P108,Orient Power,716,3,18700.0,30,0,41,13.1,0,1,0
TX000945,P002,Corona Agro,676,3,265200.0,90,1,25,3.8,0,0,1
TX000946,P037,Nordic Global,660,3,100500.0,60,3,45,13.7,0,1,0
TX000947,P107,Prime Metals,796,2,186500.0,30,0,47,22.9,0,1,0
TX000948,P033,Delta Industries,683,2,121800.0,60,1,24,6.2,0,0,0
TX000949,P077,Corona Energy,803,2,289000.0,90,0,37,18.4,1,0,0
TX000950,P051,Union Energy,663,3,73400.0,0,1,51,11.3,0,1,0
TX000951,P106,Prime Industries,697,2,165300.0,60,2,20,7.8,0,1,0
TX000952,P076,Nordic Materials,625,3,38900.0,60,0,58,11.3,0,0,0
TX000953,P058,Zenith Logistics,718,3,211100.0,30,0,19,7.4,0,0,0
TX000954,P072,Meridian Logistics,637,3,46700.0,30,1,51,8.4,0,1,0
TX000955,P028,Pacific Global,634,2,59800.0,30,2,51,14.6,1,0,0
TX000956,P034,Union Trading,758,2,388800.0,30,0,54,19.4,1,0,0
TX000957,P010,Delta Chemicals,675,3,28400.0,30,0,51,11.0,0,1,0
TX000958,P024,Zenith Energy,669,3,164500.0,0,1,16,7.8,0,1,0
TX000959,P014,Orient Global,825,1,666900.0,0,1,44,17.3,0,1,0
TX000960,P104,Summit Energy,837,2,544900.0,90,2,41,21.6,1,0,0
TX000961,P042,Corona Power,725,3,122200.0,60,1,25,12.6,1,1,0
TX000962,P051,Union Energy,702,3,43600.0,30,1,51,10.0,0,0,0
TX000963,P016,Aurora Energy,817,1,244600.0,60,0,45,26.6,0,1,0
TX000964,P012,Prime Power,620,2,32000.0,60,0,60,4.6,1,0,0
TX000965,P009,Falcon Global,633,3,42400.0,60,2,51,9.7,0,1,1
TX000966,P035,Sierra Materials,657,3,38300.0,60,1,66,9.2,0,1,0
TX000967,P084,Meridian Metals,768,1,211800.0,90,1,45,22.9,0,0,0
TX000968,P107,Prime Metals,789,2,94000.0,0,2,47,22.6,0,1,0
TX000969,P098,Marina Agro,652,3,30000.0,30,1,57,17.6,1,0,0
TX000970,P036,Prime Trading,760,1,180800.0,30,0,40,23.8,0,1,0
TX000971,P084,Meridian Metals,759,1,197600.0,30,0,45,22.9,1,0,0
TX000972,P067,Vega Materials,809,2,404400.0,90,0,51,22.2,1,1,0
TX000973,P022,Sierra Metals,852,2,316700.0,90,1,46,22.0,1,0,0
TX000974,P006,Harbor Agro,713,3,158200.0,30,0,28,4.3,0,0,0
TX000975,P035,Sierra Materials,660,3,43400.0,60,1,66,8.7,0,1,0
TX000976,P028,Pacific Global,638,2,82500.0,90,1,51,14.1,0,1,0
TX000977,P111,Prime Global,738,2,113300.0,90,0,21,4.2,0,0,0
TX000978,P018,Marina Global,628,3,26400.0,60,1,58,15.4,1,0,0
TX000979,P074,Aurora Logistics,497,5,141900.0,90,3,7,7.8,0,1,1
TX000980,P031,Vega Power,783,2,497700.0,90,0,38,17.1,1,0,0
TX000981,P094,Union Chemicals,778,1,600900.0,30,1,48,16.2,0,0,0
TX000982,P026,Summit Materials,717,3,114600.0,60,1,31,9.4,1,1,0
TX000983,P053,Summit Global,747,3,166500.0,90,0,14,10.0,0,0,0
TX000984,P076,Nordic Materials,617,3,71500.0,30,1,58,11.9,0,1,0
TX000985,P116,Aurora Materials,656,3,35600.0,60,2,55,10.1,1,1,0
TX000986,P119,Meridian Chemicals,654,1,135800.0,90,1,25,11.1,0,1,0
TX000987,P116,Aurora Materials,659,3,37800.0,90,2,55,10.3,0,1,0
TX000988,P077,Corona Energy,803,2,486400.0,30,0,37,18.7,1,0,0
TX000989,P087,Corona Metals,686,2,154800.0,60,1,19,12.6,1,0,1
TX000990,P015,Crest Materials,773,1,409900.0,30,0,34,24.6,0,1,0
TX000991,P112,Orient Materials,800,1,233200.0,60,1,45,23.4,1,1,0
TX000992,P102,Falcon Power,772,1,326800.0,60,0,49,22.5,1,0,0
TX000993,P118,Pacific Chemicals,769,1,204100.0,30,0,44,26.7,1,1,0
TX000994,P037,Nordic Global,668,3,71700.0,0,2,45,13.9,0,1,0
TX000995,P021,Harbor Power,684,3,139900.0,0,0,15,12.1,1,0,0
TX000996,P054,Golden Global,652,3,45800.0,30,1,58,15.5,0,1,1
TX000997,P048,Orient Metals,618,2,86700.0,90,3,45,12.4,0,0,0
TX000998,P070,Crest Metals,830,1,455200.0,30,0,45,22.7,1,1,0
TX000999,P099,Aurora Global,692,1,204900.0,60,1,26,11.7,0,1,0
TX001000,P002,Corona Agro,683,3,139400.0,60,2,25,4.1,0,0,0
TX001001,P012,Prime Power,647,2,49400.0,60,0,60,4.5,1,1,0
TX001002,P028,Pacific Global,617,2,59200.0,60,1,51,14.9,0,0,0
TX001003,P083,Crest Agro,704,3,114400.0,30,0,19,8.8,0,0,0
TX001004,P092,Falcon Metals,686,2,41700.0,60,1,47,16.6,0,0,0
TX001005,P002,Corona Agro,699,3,100600.0,0,1,25,3.9,0,0,0
TX001006,P090,Falcon Agro,822,2,406000.0,30,3,36,20.7,1,1,0
TX001007,P016,Aurora Energy,816,1,250500.0,0,0,45,27.1,1,1,0
TX001008,P109,Delta Trading,827,1,399700.0,30,0,40,23.4,0,0,0
TX001009,P104,Summit Energy,831,2,908500.0,90,1,41,22.4,1,1,0
TX001010,P096,Prime Materials,780,2,763800.0,60,0,50,23.8,0,0,0
TX001011,P102,Falcon Power,814,1,345900.0,0,0,49,22.7,1,0,0
TX001012,P091,Nordic Trading,851,2,261600.0,30,1,45,20.0,0,0,0
TX001013,P108,Orient Power,677,3,22500.0,30,0,41,12.2,0,0,0
TX001014,P076,Nordic Materials,645,3,65300.0,60,0,58,12.1,0,1,1
TX001015,P120,Orient Chemicals,622,2,60600.0,30,1,50,13.4,0,1,0
TX001016,P120,Orient Chemicals,644,2,78000.0,60,0,50,13.5,0,1,0
TX001017,P092,Falcon Metals,677,2,88600.0,30,1,47,16.5,0,0,0
TX001018,P035,Sierra Materials,660,3,51000.0,90,2,66,10.3,0,1,1
TX001019,P098,Marina Agro,679,3,41500.0,90,1,57,17.5,1,0,0
TX001020,P061,Harbor Metals,647,2,57200.0,0,1,58,15.3,0,1,0
TX001021,P105,Prime Logistics,528,4,79800.0,0,3,12,2.5,0,0,1
TX001022,P015,Crest Materials,764,1,559300.0,90,0,34,24.6,1,1,0
TX001023,P015,Crest Materials,771,1,365200.0,30,0,34,24.1,0,0,1
TX001024,P068,Cobalt Trading,680,4,198500.0,90,0,21,0.6,1,0,0
TX001025,P102,Falcon Power,793,1,185700.0,60,0,49,21.7,0,0,0
TX001026,P054,Golden Global,662,3,49600.0,60,1,58,15.6,1,0,0
TX001027,P003,Delta Materials,824,1,434700.0,30,2,41,20.3,1,0,0
TX001028,P091,Nordic Trading,857,2,377100.0,30,0,45,19.6,1,0,0
TX001029,P098,Marina Agro,665,3,47600.0,30,1,57,16.7,0,1,0
TX001030,P010,Delta Chemicals,680,3,55200.0,30,2,51,11.7,0,1,0
TX001031,P093,Union Global,808,2,372000.0,30,1,52,21.1,0,0,0
TX001032,P120,Orient Chemicals,638,2,65400.0,30,0,50,13.1,1,0,0
TX001033,P113,Meridian Agro,632,3,51300.0,60,1,52,9.4,1,0,1
TX001034,P045,Meridian Materials,684,4,64300.0,0,2,51,10.4,0,0,0
TX001035,P020,Corona Materials,688,3,50800.0,0,0,40,14.7,0,1,1
TX001036,P022,Sierra Metals,849,2,451300.0,90,2,46,21.6,0,0,0
TX001037,P061,Harbor Metals,647,2,55400.0,0,2,58,14.9,0,1,0
TX001038,P078,Pacific Materials,837,1,325000.0,30,0,37,23.0,0,1,0
TX001039,P018,Marina Global,641,3,50800.0,0,1,58,16.0,0,1,0
TX001040,P058,Zenith Logistics,722,3,280500.0,60,0,19,8.0,0,1,0
TX001041,P094,Union Chemicals,785,1,519100.0,30,0,48,16.6,0,1,0
TX001042,P097,Marina Chemicals,813,2,259200.0,90,1,35,18.9,1,1,0
TX001043,P003,Delta Materials,848,1,690800.0,60,1,41,20.4,1,0,0
TX001044,P061,Harbor Metals,646,2,55400.0,30,1,58,15.0,0,1,0
TX001045,P042,Corona Power,728,3,111600.0,30,0,25,12.0,0,1,0
TX001046,P066,Orient Energy,620,3,41600.0,0,1,54,4.9,0,0,0
TX001047,P067,Vega Materials,795,2,415900.0,60,0,51,21.4,0,0,0
TX001048,P031,Vega Power,772,2,348300.0,90,0,38,16.5,0,0,0
TX001049,P043,Atlas Chemicals,796,2,458000.0,30,0,46,20.9,0,0,0
TX001050,P026,Summit Materials,721,3,160500.0,60,0,31,8.8,0,0,0
TX001051,P066,Orient Energy,591,3,46800.0,30,1,54,6.1,0,0,1
TX001052,P018,Marina Global,629,3,45300.0,30,1,58,15.2,0,0,1
TX001053,P081,Vega Industries,519,4,52800.0,0,3,6,5.5,0,0,0
TX001054,P042,Corona Power,700,3,115600.0,0,0,25,12.4,0,0,0
TX001055,P034,Union Trading,768,2,266400.0,60,0,54,18.7,0,0,0
TX001056,P094,Union Chemicals,790,1,1116900.0,0,1,48,16.8,0,0,0
TX001057,P110,Meridian Energy,791,1,401600.0,60,0,50,22.7,1,0,0
TX001058,P072,Meridian Logistics,640,3,67600.0,30,1,51,8.1,1,1,0
TX001059,P010,Delta Chemicals,676,3,62900.0,60,1,51,10.7,0,0,0
TX001060,P069,Sierra Global,650,2,109800.0,30,1,31,2.8,0,1,0
TX001061,P084,Meridian Metals,764,1,311800.0,60,0,45,22.1,0,1,0
TX001062,P001,Delta Power,714,2,107600.0,30,0,19,2.7,0,0,0
TX001063,P020,Corona Materials,680,3,73200.0,60,0,40,15.1,0,1,0
TX001064,P110,Meridian Energy,797,1,445000.0,0,0,50,22.4,0,0,0
TX001065,P080,Harbor Global,542,4,101700.0,60,2,20,3.9,0,0,0
TX001066,P033,Delta Industries,693,2,94400.0,60,0,24,6.3,0,1,0
TX001067,P093,Union Global,824,2,386000.0,30,2,52,20.7,0,0,0
TX001068,P026,Summit Materials,733,3,156700.0,0,0,31,9.0,0,0,0
TX001069,P016,Aurora Energy,825,1,277300.0,60,0,45,26.9,0,0,1
TX001070,P021,Harbor Power,670,3,107900.0,90,0,15,13.4,0,0,1
TX001071,P013,Orient Logistics,768,2,240500.0,90,3,37,18.5,0,1,0
TX001072,P061,Harbor Metals,675,2,62000.0,0,2,58,14.9,0,0,0
TX001073,P018,Marina Global,632,3,37400.0,90,1,58,15.6,0,0,0
TX001074,P061,Harbor Metals,642,2,48700.0,60,1,58,15.6,1,1,0
TX001075,P033,Delta Industries,668,2,101600.0,0,1,24,5.9,0,0,0
TX001076,P009,Falcon Global,629,3,57200.0,60,1,51,9.0,1,0,0
TX001077,P047,Pacific Metals,712,3,129600.0,60,1,11,6.5,0,1,0
TX001078,P007,Cairo Grid Co,522,4,127100.0,30,3,19,1.9,0,0,1
TX001079,P014,Orient Global,819,1,437700.0,60,1,44,18.5,1,0,0
TX001080,P034,Union Trading,757,2,466700.0,60,2,54,18.3,0,0,0
TX001081,P048,Orient Metals,618,2,38700.0,30,1,45,12.8,1,0,0
TX001082,P033,Delta Industries,658,2,201200.0,90,0,24,5.1,0,0,0
TX001083,P023,Sierra Trading,478,4,162200.0,30,2,19,4.0,0,1,1
TX001084,P071,Golden Metals,796,1,310100.0,60,1,47,27.3,0,1,0
TX001085,P022,Sierra Metals,849,2,215400.0,90,1,46,21.8,0,0,0
TX001086,P093,Union Global,835,2,477500.0,30,2,52,21.1,0,0,0
TX001087,P072,Meridian Logistics,636,3,35000.0,0,0,51,9.2,0,0,0
TX001088,P092,Falcon Metals,667,2,53100.0,0,1,47,16.6,1,1,0
TX001089,P038,Marina Logistics,517,5,151500.0,30,2,14,3.6,0,0,1
TX001090,P106,Prime Industries,723,2,159700.0,60,2,20,8.6,0,0,0
TX001091,P064,Zenith Chemicals,660,4,36600.0,0,2,44,8.9,1,0,0
TX001092,P088,Falcon Trading,627,3,57200.0,60,1,43,12.7,0,1,0
TX001093,P117,Falcon Energy,686,2,69600.0,0,1,50,7.3,0,1,0
TX001094,P010,Delta Chemicals,677,3,104000.0,0,0,51,10.6,0,1,0
TX001095,P120,Orient Chemicals,647,2,61400.0,0,2,50,13.4,1,0,0
TX001096,P045,Meridian Materials,686,4,53200.0,30,1,51,9.3,0,1,0
TX001097,P041,Falcon Industries,641,3,34600.0,0,1,63,6.9,0,1,1
TX001098,P093,Union Global,822,2,457600.0,90,1,52,20.7,0,0,0
TX001099,P061,Harbor Metals,658,2,35700.0,30,1,58,14.3,0,1,0
TX001100,P075,Marina Industries,600,3,26400.0,30,1,49,12.4,0,1,0
TX001101,P120,Orient Chemicals,634,2,65800.0,30,0,50,13.6,0,0,0
TX001102,P050,Crest Chemicals,699,2,111600.0,60,2,14,2.6,0,1,0
TX001103,P085,Pacific Agro,684,3,24500.0,90,2,55,16.4,0,0,1
TX001104,P112,Orient Materials,801,1,235900.0,30,0,45,23.6,0,1,0
TX001105,P002,Corona Agro,680,3,147200.0,30,2,25,3.8,1,1,0
TX001106,P028,Pacific Global,638,2,73700.0,30,1,51,14.1,1,0,0
TX001107,P038,Marina Logistics,544,5,67800.0,60,1,14,3.6,0,1,0
TX001108,P016,Aurora Energy,798,1,152600.0,90,0,45,28.0,0,0,0
TX001109,P077,Corona Energy,791,2,359600.0,0,0,37,18.8,0,1,0
TX001110,P109,Delta Trading,834,1,406100.0,60,0,40,23.0,0,1,0
TX001111,P114,Corona Logistics,751,1,349700.0,0,1,52,18.9,0,0,0
TX001112,P106,Prime Industries,727,2,154300.0,0,2,20,8.1,1,1,0
TX001113,P119,Meridian Chemicals,652,1,95200.0,30,2,25,10.9,0,0,0
TX001114,P018,Marina Global,640,3,40700.0,60,2,58,15.8,0,0,0
TX001115,P119,Meridian Chemicals,650,1,126100.0,0,1,25,10.6,0,0,0
TX001116,P110,Meridian Energy,789,1,223500.0,30,0,50,23.9,0,0,0
TX001117,P066,Orient Energy,622,3,56700.0,0,1,54,5.2,0,0,0
TX001118,P093,Union Global,822,2,390900.0,90,1,52,20.3,1,0,0
TX001119,P087,Corona Metals,702,2,113300.0,30,1,19,12.8,0,0,0
TX001120,P010,Delta Chemicals,668,3,64600.0,30,1,51,10.3,0,0,0
TX001121,P093,Union Global,836,2,1030900.0,60,1,52,21.1,1,0,0
TX001122,P109,Delta Trading,844,1,179300.0,60,0,40,23.6,0,0,0
TX001123,P037,Nordic Global,664,3,42200.0,60,1,45,13.3,0,0,1
TX001124,P112,Orient Materials,819,1,260500.0,90,0,45,23.7,0,1,0
TX001125,P110,Meridian Energy,787,1,286400.0,30,0,50,23.3,0,1,0
TX001126,P107,Prime Metals,807,2,192700.0,60,0,47,21.8,0,0,0
TX001127,P037,Nordic Global,674,3,54100.0,0,2,45,13.8,1,1,0
TX001128,P110,Meridian Energy,803,1,239100.0,60,0,50,23.1,0,1,0
TX001129,P095,Meridian Trading,805,2,276100.0,0,0,44,21.2,0,0,0
TX001130,P095,Meridian Trading,809,2,318900.0,60,0,44,21.2,1,1,0
TX001131,P102,Falcon Power,786,1,222500.0,60,0,49,22.0,1,1,0
TX001132,P045,Meridian Materials,675,4,36700.0,30,2,51,10.6,1,1,0
TX001133,P110,Meridian Energy,813,1,306900.0,60,0,50,23.2,1,1,0
TX001134,P094,Union Chemicals,780,1,1176200.0,60,0,48,16.4,0,0,0
TX001135,P055,Delta Energy,676,3,70200.0,0,2,53,11.2,0,1,0
TX001136,P048,Orient Metals,616,2,37500.0,0,1,45,11.7,0,1,0
TX001137,P117,Falcon Energy,679,2,51500.0,0,1,50,7.5,1,0,0
TX001138,P049,Orient Trading,497,4,68500.0,30,3,9,6.3,0,1,1
TX001139,P114,Corona Logistics,748,1,356100.0,0,0,52,19.1,1,0,0
TX001140,P067,Vega Materials,785,2,415200.0,30,1,51,21.9,0,1,0
TX001141,P109,Delta Trading,833,1,492700.0,60,1,40,23.3,0,1,0
TX001142,P070,Crest Metals,818,1,468500.0,30,0,45,25.3,1,0,0
TX001143,P112,Orient Materials,797,1,327800.0,90,0,45,24.2,1,0,0
TX001144,P035,Sierra Materials,649,3,29700.0,30,1,66,9.5,1,1,0
TX001145,P068,Cobalt Trading,699,4,240300.0,30,0,21,0.6,0,0,1
TX001146,P048,Orient Metals,620,2,44800.0,30,1,45,12.3,1,1,0
TX001147,P006,Harbor Agro,707,3,211600.0,30,1,28,5.0,0,1,0
TX001148,P049,Orient Trading,490,4,64100.0,60,3,9,5.5,0,0,1
TX001149,P023,Sierra Trading,479,4,78500.0,90,2,19,4.3,0,0,1
TX001150,P022,Sierra Metals,839,2,260600.0,30,1,46,21.5,1,0,0
TX001151,P113,Meridian Agro,602,3,39900.0,30,1,52,9.2,0,0,0
TX001152,P054,Golden Global,637,3,39700.0,30,2,58,15.3,0,0,0
TX001153,P101,Aurora Agro,668,3,258300.0,30,0,12,7.5,0,1,0
TX001154,P045,Meridian Materials,667,4,50200.0,30,1,51,10.3,0,0,1
TX001155,P042,Corona Power,723,3,149900.0,30,0,25,12.9,1,1,0
TX001156,P035,Sierra Materials,685,3,43600.0,0,1,66,9.0,0,1,0
TX001157,P054,Golden Global,642,3,39800.0,60,2,58,16.4,0,1,0
TX001158,P005,Zenith Trading,597,3,26200.0,90,1,56,18.8,0,0,0
TX001159,P002,Corona Agro,704,3,162100.0,60,3,25,3.2,1,1,0
TX001160,P112,Orient Materials,815,1,227500.0,30,0,45,23.9,1,1,0
TX001161,P109,Delta Trading,832,1,386700.0,60,0,40,23.0,1,0,0
TX001162,P078,Pacific Materials,820,1,381100.0,60,0,37,22.2,0,0,0
TX001163,P080,Harbor Global,507,4,161500.0,30,2,20,4.6,0,0,1
TX001164,P055,Delta Energy,678,3,39700.0,30,2,53,10.9,0,0,1
TX001165,P056,Union Agro,745,2,244300.0,0,0,22,7.5,0,1,0
TX001166,P046,Vega Agro,646,4,39500.0,30,0,56,10.8,1,0,0
TX001167,P078,Pacific Materials,811,1,246500.0,0,1,37,22.5,0,1,0
TX001168,P015,Crest Materials,770,1,405100.0,60,1,34,24.6,0,1,0
TX001169,P120,Orient Chemicals,638,2,45500.0,30,0,50,14.2,1,0,0
TX001170,P034,Union Trading,768,2,454600.0,60,0,54,19.1,0,0,0
TX001171,P045,Meridian Materials,698,4,44400.0,30,1,51,10.2,0,0,0
TX001172,P040,Union Power,703,3,96800.0,90,1,15,2.8,1,1,0
TX001173,P018,Marina Global,641,3,33200.0,0,1,58,15.7,1,1,1
TX001174,P045,Meridian Materials,671,4,48500.0,60,1,51,11.2,0,1,0
TX001175,P109,Delta Trading,827,1,252100.0,60,0,40,23.8,0,1,0
TX001176,P018,Marina Global,647,3,31800.0,60,1,58,15.0,1,1,0
TX001177,P026,Summit Materials,738,3,94500.0,0,0,31,8.3,0,1,0
TX001178,P091,Nordic Trading,856,2,455400.0,30,1,45,20.1,0,0,0
TX001179,P085,Pacific Agro,692,3,50100.0,90,1,55,16.4,1,0,0
TX001180,P096,Prime Materials,798,2,493500.0,30,1,50,24.4,0,0,0
TX001181,P102,Falcon Power,782,1,286400.0,30,0,49,22.9,0,0,0
TX001182,P024,Zenith Energy,715,3,111600.0,60,0,16,8.6,1,1,1
TX001183,P031,Vega Power,777,2,644500.0,90,0,38,16.4,0,0,0
TX001184,P098,Marina Agro,654,3,22500.0,60,2,57,16.9,0,0,1
TX001185,P043,Atlas Chemicals,793,2,849800.0,0,0,46,21.8,1,1,0
TX001186,P012,Prime Power,613,2,51600.0,30,1,60,4.1,0,0,0
TX001187,P071,Golden Metals,812,1,268000.0,0,1,47,27.5,1,1,0
TX001188,P093,Union Global,825,2,409600.0,60,1,52,20.4,1,1,0
TX001189,P096,Prime Materials,806,2,590600.0,30,1,50,24.1,0,1,0
TX001190,P011,Corona Industries,677,3,143500.0,90,1,20,11.0,0,0,0
TX001191,P033,Delta Industries,681,2,147400.0,90,0,24,5.9,0,1,0
TX001192,P104,Summit Energy,802,2,466000.0,30,2,41,22.5,0,0,0
TX001193,P098,Marina Agro,649,3,31100.0,0,2,57,16.9,0,0,0
TX001194,P012,Prime Power,625,2,32000.0,60,1,60,4.9,0,0,0
TX001195,P034,Union Trading,753,2,361700.0,60,0,54,18.3,0,1,0
TX001196,P038,Marina Logistics,527,5,109400.0,90,1,14,3.5,1,0,0
TX001197,P005,Zenith Trading,640,3,26700.0,30,1,56,17.3,0,1,0
TX001198,P092,Falcon Metals,674,2,67700.0,0,1,47,16.2,0,0,0
TX001199,P037,Nordic Global,660,3,89000.0,0,2,45,14.5,0,1,0
TX001200,P110,Meridian Energy,778,1,625800.0,60,0,50,22.5,1,0,0
TX001201,P114,Corona Logistics,761,1,364900.0,30,0,52,19.6,0,0,0
TX001202,P075,Marina Industries,592,3,14200.0,30,1,49,11.7,0,1,0
TX001203,P094,Union Chemicals,769,1,362400.0,30,2,48,16.5,0,1,0
TX001204,P005,Zenith Trading,583,3,33200.0,30,1,56,17.9,0,0,0
TX001205,P092,Falcon Metals,667,2,44000.0,60,1,47,16.7,1,0,0
TX001206,P090,Falcon Agro,816,2,281800.0,30,1,36,20.1,0,1,0
TX001207,P064,Zenith Chemicals,641,4,33900.0,30,1,44,6.4,0,0,0
TX001208,P041,Falcon Industries,622,3,18600.0,90,1,63,7.3,0,1,0
TX001209,P043,Atlas Chemicals,800,2,409700.0,0,1,46,21.2,0,1,0
TX001210,P008,Vega Logistics,718,2,253100.0,60,0,19,9.3,0,1,0
TX001211,P039,Nordic Chemicals,493,4,149100.0,30,3,12,7.8,0,0,1
TX001212,P088,Falcon Trading,625,3,54700.0,90,1,43,11.3,1,0,0
TX001213,P107,Prime Metals,798,2,225400.0,30,0,47,22.5,0,0,0
TX001214,P018,Marina Global,674,3,36800.0,0,1,58,15.4,1,1,0
TX001215,P009,Falcon Global,620,3,55100.0,30,1,51,9.8,0,1,0
TX001216,P104,Summit Energy,825,2,439200.0,60,2,41,22.3,0,1,0
TX001217,P043,Atlas Chemicals,812,2,342900.0,30,0,46,22.4,0,1,0
TX001218,P011,Corona Industries,691,3,165200.0,0,0,20,11.5,1,1,0
TX001219,P043,Atlas Chemicals,822,2,484000.0,30,0,46,21.9,1,0,0
TX001220,P026,Summit Materials,721,3,143800.0,30,0,31,9.0,1,0,0
TX001221,P044,Summit Agro,702,2,266800.0,30,0,23,8.2,0,1,0
TX001222,P113,Meridian Agro,634,3,67000.0,60,1,52,8.7,1,0,0
TX001223,P043,Atlas Chemicals,820,2,610600.0,90,1,46,21.0,1,1,0
TX001224,P048,Orient Metals,599,2,38100.0,60,1,45,12.3,1,0,1
TX001225,P022,Sierra Metals,883,2,204300.0,30,1,46,22.3,0,0,0
TX001226,P012,Prime Power,646,2,42000.0,30,3,60,5.2,0,1,0
TX001227,P095,Meridian Trading,821,2,328400.0,30,2,44,20.3,0,0,0
TX001228,P096,Prime Materials,777,2,1007600.0,60,0,50,23.8,0,0,0
TX001229,P035,Sierra Materials,688,3,63400.0,60,1,66,10.1,1,0,0
TX001230,P066,Orient Energy,640,3,45200.0,0,1,54,6.2,0,0,0
TX001231,P095,Meridian Trading,812,2,452800.0,60,0,44,20.9,0,0,0
TX001232,P091,Nordic Trading,862,2,307200.0,30,0,45,20.3,0,0,0
TX001233,P026,Summit Materials,726,3,221300.0,30,0,31,8.5,1,0,0
TX001234,P078,Pacific Materials,835,1,371900.0,60,0,37,22.9,1,0,0
TX001235,P096,Prime Materials,808,2,748400.0,90,0,50,24.0,1,0,0
TX001236,P120,Orient Chemicals,645,2,92600.0,30,0,50,12.6,0,0,0
TX001237,P043,Atlas Chemicals,819,2,620100.0,60,0,46,22.0,0,0,0
TX001238,P117,Falcon Energy,685,2,102600.0,30,1,50,7.3,0,1,0
TX001239,P098,Marina Agro,657,3,34400.0,60,1,57,16.9,0,0,0
TX001240,P041,Falcon Industries,632,3,47900.0,30,1,63,6.2,0,1,0
TX001241,P005,Zenith Trading,619,3,35700.0,60,1,56,17.9,1,0,1
TX001242,P032,Cobalt Logistics,707,3,150500.0,0,0,23,4.5,0,0,1
TX001243,P079,Golden Agro,660,2,23200.0,90,0,54,12.9,0,0,0
TX001244,P043,Atlas Chemicals,811,2,322800.0,30,0,46,21.6,0,0,0
TX001245,P114,Corona Logistics,754,1,323000.0,90,0,52,18.9,0,0,0
TX001246,P022,Sierra Metals,855,2,292500.0,30,1,46,22.1,0,1,0
TX001247,P001,Delta Power,717,2,152200.0,30,1,19,2.8,1,0,0
TX001248,P108,Orient Power,694,3,26600.0,60,1,41,12.1,0,1,0
TX001249,P024,Zenith Energy,698,3,147100.0,60,0,16,9.1,0,0,0
TX001250,P078,Pacific Materials,833,1,352700.0,60,1,37,23.0,1,1,0
TX001251,P061,Harbor Metals,664,2,44100.0,60,1,58,15.7,0,1,0
TX001252,P036,Prime Trading,746,1,188800.0,30,0,40,22.8,0,0,0
TX001253,P007,Cairo Grid Co,528,4,99700.0,30,3,19,1.4,0,0,1
TX001254,P048,Orient Metals,610,2,23900.0,0,1,45,12.7,0,1,0
TX001255,P005,Zenith Trading,619,3,43400.0,60,1,56,18.2,0,0,0
TX001256,P042,Corona Power,724,3,142200.0,90,0,25,12.5,1,0,0
TX001257,P097,Marina Chemicals,813,2,457300.0,30,1,35,19.1,1,0,0
TX001258,P021,Harbor Power,666,3,113000.0,60,0,15,12.4,0,1,1
TX001259,P095,Meridian Trading,800,2,301800.0,30,1,44,19.9,0,1,0
TX001260,P084,Meridian Metals,767,1,304300.0,60,0,45,22.2,0,0,0
TX001261,P005,Zenith Trading,619,3,46900.0,30,1,56,18.4,0,0,0
TX001262,P112,Orient Materials,818,1,459600.0,0,1,45,24.1,1,0,0
TX001263,P077,Corona Energy,787,2,361600.0,60,0,37,19.5,0,0,0
TX001264,P104,Summit Energy,837,2,443000.0,60,1,41,22.2,0,0,0
TX001265,P041,Falcon Industries,622,3,31900.0,30,1,63,7.1,0,1,1
TX001266,P087,Corona Metals,695,2,187000.0,90,1,19,12.8,1,1,1
TX001267,P031,Vega Power,768,2,430100.0,0,0,38,17.4,1,0,0
TX001268,P072,Meridian Logistics,660,3,55300.0,60,0,51,8.1,0,0,0
TX001269,P118,Pacific Chemicals,758,1,203000.0,0,0,44,26.6,0,1,0
TX001270,P090,Falcon Agro,824,2,225200.0,30,1,36,20.2,0,0,0
TX001271,P061,Harbor Metals,648,2,42900.0,90,1,58,15.1,0,1,1
TX001272,P116,Aurora Materials,656,3,40100.0,0,2,55,9.3,0,1,0
TX001273,P069,Sierra Global,643,2,127900.0,30,1,31,3.4,0,1,0
TX001274,P002,Corona Agro,697,3,231500.0,30,1,25,2.9,1,0,0
TX001275,P054,Golden Global,640,3,23800.0,30,2,58,16.5,0,0,0
TX001276,P076,Nordic Materials,652,3,62100.0,90,0,58,11.6,1,1,0
TX001277,P075,Marina Industries,608,3,37500.0,0,1,49,12.7,0,1,0
TX001278,P089,Golden Power,823,1,298400.0,30,0,45,25.0,0,1,0
TX001279,P064,Zenith Chemicals,661,4,55200.0,90,2,44,7.8,0,0,1
TX001280,P094,Union Chemicals,784,1,535400.0,30,0,48,16.5,1,1,0
TX001281,P078,Pacific Materials,826,1,267500.0,30,0,37,22.0,0,1,0
TX001282,P010,Delta Chemicals,651,3,74400.0,30,0,51,10.1,0,1,0
TX001283,P009,Falcon Global,633,3,36900.0,60,1,51,9.7,0,0,0
TX001284,P108,Orient Power,701,3,32000.0,30,0,41,11.9,1,0,0
TX001285,P023,Sierra Trading,458,4,121200.0,0,2,19,4.1,0,0,1
TX001286,P106,Prime Industries,716,2,177800.0,0,2,20,6.7,1,0,0
TX001287,P045,Meridian Materials,682,4,77400.0,60,1,51,11.1,0,1,1
TX001288,P079,Golden Agro,672,2,37500.0,0,0,54,13.6,0,1,0
TX001289,P035,Sierra Materials,656,3,62900.0,60,1,66,10.1,1,1,0
TX001290,P006,Harbor Agro,723,3,84700.0,60,0,28,4.7,0,1,0
TX001291,P113,Meridian Agro,622,3,68200.0,0,1,52,8.8,1,0,1
TX001292,P096,Prime Materials,811,2,594100.0,0,1,50,23.0,0,1,0
TX001293,P026,Summit Materials,745,3,106300.0,90,0,31,8.8,1,0,0
TX001294,P070,Crest Metals,829,1,667700.0,30,0,45,23.6,0,0,0
TX001295,P089,Golden Power,805,1,336900.0,60,0,45,24.1,1,0,0
TX001296,P006,Harbor Agro,699,3,137400.0,60,0,28,4.8,0,0,0
TX001297,P117,Falcon Energy,694,2,98100.0,30,2,50,8.2,0,1,0
TX001298,P031,Vega Power,773,2,292900.0,90,0,38,16.9,0,0,0
TX001299,P012,Prime Power,636,2,91500.0,30,0,60,4.9,1,1,0
TX001300,P084,Meridian Metals,762,1,161700.0,60,0,45,23.1,1,1,0
TX001301,P062,Aurora Industries,681,3,93700.0,90,1,33,7.6,0,1,0
TX001302,P028,Pacific Global,646,2,69500.0,60,1,51,14.0,0,0,1
TX001303,P094,Union Chemicals,764,1,450500.0,90,2,48,16.9,0,0,0
TX001304,P086,Sierra Energy,456,4,63100.0,60,3,5,14.3,0,1,1
TX001305,P017,Lagos Agro Ltd,488,4,117100.0,90,3,7,3.3,1,1,1
TX001306,P080,Harbor Global,514,4,106300.0,30,4,20,4.4,1,0,1
TX001307,P037,Nordic Global,631,3,47100.0,90,3,45,13.6,0,0,0
TX001308,P102,Falcon Power,778,1,315600.0,90,0,49,22.8,0,0,0
TX001309,P043,Atlas Chemicals,804,2,222300.0,60,0,46,21.2,1,1,0
TX001310,P034,Union Trading,756,2,659600.0,30,0,54,18.0,0,0,0
TX001311,P005,Zenith Trading,626,3,21800.0,30,1,56,17.7,0,1,0
TX001312,P051,Union Energy,695,3,74700.0,30,0,51,10.8,0,1,0
TX001313,P014,Orient Global,803,1,508400.0,90,1,44,18.4,0,1,0
TX001314,P088,Falcon Trading,622,3,27400.0,60,1,43,12.2,0,0,0
TX001315,P066,Orient Energy,616,3,55900.0,30,1,54,6.1,1,1,0
TX001316,P035,Sierra Materials,664,3,62800.0,90,1,66,9.1,0,1,0
TX001317,P043,Atlas Chemicals,814,2,459800.0,60,0,46,22.2,0,0,0
TX001318,P025,Crest Industries,698,2,170700.0,30,1,14,7.5,0,0,0
TX001319,P025,Crest Industries,698,2,166500.0,30,0,14,7.7,0,1,0
TX001320,P095,Meridian Trading,814,2,453200.0,30,0,44,20.0,0,0,0
TX001321,P082,Union Materials,671,3,60200.0,60,1,14,12.3,1,1,0
TX001322,P098,Marina Agro,654,3,68600.0,30,1,57,17.4,0,1,0
TX001323,P006,Harbor Agro,708,3,154500.0,60,1,28,4.1,0,1,0
TX001324,P118,Pacific Chemicals,778,1,277900.0,60,0,44,27.2,0,0,0
TX001325,P090,Falcon Agro,822,2,345500.0,30,0,36,21.7,1,1,0
TX001326,P051,Union Energy,688,3,60200.0,30,0,51,10.9,0,1,0
TX001327,P077,Corona Energy,802,2,470500.0,60,0,37,18.4,0,1,0
TX001328,P111,Prime Global,739,2,228400.0,30,0,21,4.1,0,0,0
TX001329,P095,Meridian Trading,808,2,390200.0,30,0,44,20.5,0,0,0
TX001330,P087,Corona Metals,686,2,185900.0,30,1,19,12.7,1,0,0
TX001331,P043,Atlas Chemicals,810,2,350600.0,60,0,46,22.0,0,0,0
TX001332,P014,Orient Global,830,1,583500.0,30,1,44,18.4,0,0,0
TX001333,P035,Sierra Materials,672,3,48800.0,30,1,66,9.4,0,1,0
TX001334,P078,Pacific Materials,818,1,397100.0,0,0,37,22.8,0,0,0
TX001335,P102,Falcon Power,782,1,277300.0,60,0,49,22.6,1,1,0
TX001336,P096,Prime Materials,770,2,932200.0,60,1,50,23.4,0,1,0
TX001337,P079,Golden Agro,648,2,61400.0,60,0,54,14.1,0,0,1
TX001338,P076,Nordic Materials,634,3,45600.0,60,0,58,11.4,1,1,0
TX001339,P077,Corona Energy,799,2,619000.0,60,0,37,18.2,0,1,0
TX001340,P085,Pacific Agro,709,3,50500.0,30,1,55,16.1,0,1,0
TX001341,P109,Delta Trading,847,1,221600.0,90,0,40,23.6,0,0,0
TX001342,P056,Union Agro,724,2,330200.0,0,1,22,7.9,0,1,0
TX001343,P118,Pacific Chemicals,777,1,306400.0,60,0,44,26.1,0,0,0
TX001344,P104,Summit Energy,829,2,487100.0,0,2,41,21.9,0,1,0
TX001345,P114,Corona Logistics,758,1,314900.0,0,0,52,19.2,1,1,0
TX001346,P071,Golden Metals,792,1,328200.0,60,1,47,26.7,1,1,0
TX001347,P110,Meridian Energy,804,1,285300.0,90,0,50,23.2,0,1,0
TX001348,P023,Sierra Trading,479,4,161200.0,30,3,19,3.8,0,0,1
TX001349,P034,Union Trading,749,2,393300.0,30,1,54,17.3,0,0,0
TX001350,P072,Meridian Logistics,637,3,58900.0,0,0,51,8.8,1,1,0
TX001351,P028,Pacific Global,641,2,61000.0,30,2,51,15.1,0,0,1
TX001352,P085,Pacific Agro,682,3,31400.0,30,1,55,15.8,1,1,0
TX001353,P055,Delta Energy,674,3,44400.0,60,2,53,11.4,1,0,0
TX001354,P066,Orient Energy,618,3,24200.0,30,1,54,6.5,0,0,0
TX001355,P067,Vega Materials,783,2,632600.0,60,2,51,21.2,0,1,0
TX001356,P022,Sierra Metals,856,2,207000.0,0,2,46,21.6,1,1,0
TX001357,P071,Golden Metals,804,1,308400.0,30,0,47,26.8,1,1,0
TX001358,P107,Prime Metals,807,2,170500.0,30,0,47,22.3,0,0,0
TX001359,P112,Orient Materials,816,1,401700.0,60,0,45,24.0,0,0,0
TX001360,P028,Pacific Global,628,2,100500.0,60,3,51,14.8,0,1,0
TX001361,P012,Prime Power,612,2,31500.0,30,0,60,4.1,1,1,0
TX001362,P120,Orient Chemicals,621,2,68700.0,0,0,50,12.4,1,1,0
TX001363,P075,Marina Industries,607,3,40700.0,90,2,49,12.7,1,1,0
TX001364,P034,Union Trading,747,2,417300.0,0,0,54,19.0,0,1,0
TX001365,P076,Nordic Materials,628,3,42000.0,30,1,58,12.0,0,0,1
TX001366,P084,Meridian Metals,763,1,336600.0,90,0,45,23.8,0,0,0
TX001367,P088,Falcon Trading,621,3,50500.0,0,1,43,13.1,0,1,0
TX001368,P042,Corona Power,720,3,87000.0,0,1,25,11.6,0,0,0
TX001369,P054,Golden Global,644,3,30900.0,0,1,58,15.9,1,0,0
TX001370,P097,Marina Chemicals,797,2,341400.0,0,2,35,19.3,0,1,0
TX001371,P046,Vega Agro,621,4,104200.0,60,0,56,11.0,0,1,0
TX001372,P034,Union Trading,754,2,495700.0,90,0,54,18.5,0,0,0
TX001373,P064,Zenith Chemicals,653,4,31200.0,60,1,44,7.4,0,0,0
TX001374,P042,Corona Power,718,3,110100.0,0,0,25,11.8,1,1,0
TX001375,P027,Summit Power,704,3,183700.0,60,1,21,4.1,0,0,0
TX001376,P110,Meridian Energy,813,1,307600.0,30,0,50,23.5,0,1,0
TX001377,P045,Meridian Materials,683,4,53200.0,30,2,51,10.0,1,1,1
TX001378,P108,Orient Power,713,3,25800.0,60,0,41,12.6,0,0,1
TX001379,P070,Crest Metals,842,1,716200.0,30,0,45,23.6,1,1,0
TX001380,P099,Aurora Global,688,1,144000.0,30,1,26,12.1,1,1,0
TX001381,P113,Meridian Agro,630,3,50200.0,60,1,52,9.1,1,0,1
TX001382,P020,Corona Materials,680,3,90700.0,0,0,40,15.4,0,0,1
TX001383,P001,Delta Power,722,2,180300.0,30,2,19,2.4,0,1,0
TX001384,P065,Crest Global,721,2,105000.0,60,1,15,13.0,0,0,0
TX001385,P035,Sierra Materials,654,3,50300.0,30,1,66,8.9,0,1,1
TX001386,P054,Golden Global,658,3,62100.0,30,1,58,15.7,0,1,0
TX001387,P022,Sierra Metals,845,2,298600.0,30,1,46,21.5,1,1,0
TX001388,P066,Orient Energy,628,3,27000.0,60,1,54,5.7,0,0,0
TX001389,P093,Union Global,838,2,664100.0,30,2,52,21.0,0,0,0
TX001390,P005,Zenith Trading,633,3,26400.0,0,1,56,18.1,0,1,0
TX001391,P009,Falcon Global,633,3,38200.0,90,1,51,9.5,0,1,0
TX001392,P039,Nordic Chemicals,471,4,108900.0,30,4,12,8.0,0,0,1
TX001393,P093,Union Global,829,2,286200.0,30,1,52,21.7,1,1,0
TX001394,P117,Falcon Energy,651,2,72900.0,0,1,50,7.4,0,1,0
TX001395,P048,Orient Metals,596,2,42700.0,60,1,45,11.8,0,1,1
TX001396,P046,Vega Agro,630,4,61800.0,60,1,56,9.4,1,0,0
TX001397,P070,Crest Metals,821,1,793500.0,60,1,45,23.9,0,0,0
TX001398,P079,Golden Agro,669,2,32600.0,30,0,54,13.1,0,1,0
TX001399,P011,Corona Industries,688,3,292700.0,30,1,20,11.1,0,0,0
TX001400,P054,Golden Global,633,3,60900.0,90,1,58,15.7,0,1,1
TX001401,P031,Vega Power,773,2,379800.0,60,1,38,16.2,0,0,0
TX001402,P117,Falcon Energy,680,2,40500.0,0,1,50,8.7,1,1,0
TX001403,P020,Corona Materials,667,3,69200.0,0,0,40,14.6,0,1,0
TX001404,P046,Vega Agro,640,4,43700.0,0,0,56,10.8,0,1,0
TX001405,P054,Golden Global,634,3,44600.0,90,1,58,15.9,1,0,0
TX001406,P084,Meridian Metals,766,1,351400.0,90,0,45,21.9,0,0,0
TX001407,P035,Sierra Materials,662,3,23900.0,0,1,66,9.7,0,0,0
TX001408,P062,Aurora Industries,683,3,95300.0,60,1,33,7.8,1,0,0
TX001409,P034,Union Trading,749,2,261000.0,0,0,54,18.2,1,0,0
TX001410,P038,Marina Logistics,539,5,93100.0,60,1,14,4.6,0,0,1
TX001411,P064,Zenith Chemicals,648,4,26800.0,60,3,44,7.8,1,1,0
TX001412,P020,Corona Materials,673,3,74200.0,0,2,40,15.0,0,1,0
TX001413,P077,Corona Energy,834,2,393700.0,30,0,37,17.4,0,0,0
TX001414,P104,Summit Energy,827,2,810000.0,30,2,41,22.4,0,0,1
TX001415,P096,Prime Materials,796,2,513600.0,90,0,50,23.8,0,0,0
TX001416,P079,Golden Agro,643,2,29800.0,0,1,54,12.6,0,0,0
TX001417,P013,Orient Logistics,769,2,255000.0,60,1,37,18.1,0,0,0
TX001418,P093,Union Global,837,2,512000.0,30,1,52,20.3,0,1,0
TX001419,P089,Golden Power,800,1,592100.0,0,0,45,25.1,1,0,0
TX001420,P120,Orient Chemicals,630,2,78600.0,60,0,50,13.3,1,0,1
TX001421,P099,Aurora Global,707,1,106500.0,30,1,26,11.1,0,0,0
TX001422,P120,Orient Chemicals,641,2,81800.0,0,0,50,12.8,1,1,0
TX001423,P022,Sierra Metals,870,2,244400.0,60,1,46,21.5,0,0,0
TX001424,P084,Meridian Metals,738,1,221000.0,0,1,45,23.3,0,0,0
TX001425,P092,Falcon Metals,660,2,57700.0,30,2,47,16.1,0,0,0
TX001426,P078,Pacific Materials,831,1,404800.0,90,0,37,23.0,0,1,0
TX001427,P054,Golden Global,652,3,42200.0,90,1,58,16.0,0,0,0
TX001428,P095,Meridian Trading,803,2,293100.0,0,1,44,20.9,0,0,0
TX001429,P010,Delta Chemicals,667,3,31400.0,60,0,51,10.7,0,0,0
TX001430,P002,Corona Agro,700,3,117400.0,30,1,25,3.7,0,1,0
TX001431,P091,Nordic Trading,831,2,314700.0,0,0,45,19.2,0,0,0
TX001432,P118,Pacific Chemicals,774,1,284800.0,30,0,44,26.5,0,0,0
TX001433,P042,Corona Power,711,3,115300.0,30,1,25,11.3,0,0,0
TX001434,P078,Pacific Materials,824,1,411700.0,0,0,37,22.1,1,1,0
TX001435,P043,Atlas Chemicals,816,2,478800.0,30,0,46,21.4,0,0,0
TX001436,P087,Corona Metals,698,2,325600.0,90,1,19,12.1,1,0,0
TX001437,P038,Marina Logistics,521,5,137600.0,0,1,14,5.3,1,0,0
TX001438,P114,Corona Logistics,762,1,421700.0,30,1,52,19.1,1,1,0
TX001439,P021,Harbor Power,650,3,140100.0,90,0,15,12.8,0,1,0
TX001440,P062,Aurora Industries,662,3,91700.0,30,1,33,8.1,0,1,1
TX001441,P034,Union Trading,761,2,552400.0,30,1,54,18.3,1,1,0
TX001442,P110,Meridian Energy,806,1,253400.0,60,1,50,23.7,1,0,0
TX001443,P034,Union Trading,747,2,278300.0,90,0,54,19.0,1,1,0
TX001444,P010,Delta Chemicals,649,3,45700.0,0,1,51,10.8,1,0,0
TX001445,P096,Prime Materials,785,2,426400.0,60,0,50,24.6,0,1,0
TX001446,P031,Vega Power,779,2,578100.0,0,0,38,16.7,0,0,0
TX001447,P109,Delta Trading,813,1,389700.0,30,0,40,22.9,0,1,0
TX001448,P106,Prime Industries,718,2,245300.0,0,2,20,8.1,0,0,0
TX001449,P010,Delta Chemicals,667,3,99100.0,0,0,51,11.2,0,0,0
TX001450,P107,Prime Metals,801,2,264100.0,30,3,47,23.3,0,1,0
TX001451,P114,Corona Logistics,715,1,372000.0,30,0,52,18.9,0,1,0
TX001452,P085,Pacific Agro,688,3,32000.0,0,2,55,16.1,1,0,1
TX001453,P054,Golden Global,651,3,36000.0,90,2,58,16.8,0,0,0
TX001454,P095,Meridian Trading,827,2,294400.0,30,0,44,21.2,0,1,0
TX001455,P093,Union Global,843,2,618300.0,30,1,52,19.9,1,0,0
TX001456,P117,Falcon Energy,685,2,67500.0,90,1,50,8.0,0,0,0
TX001457,P014,Orient Global,815,1,402300.0,60,0,44,19.0,0,1,0
TX001458,P114,Corona Logistics,719,1,286100.0,30,1,52,18.5,0,1,0
TX001459,P094,Union Chemicals,777,1,928300.0,60,1,48,16.2,1,0,0
TX001460,P110,Meridian Energy,798,1,588400.0,30,1,50,22.6,1,0,0
TX001461,P018,Marina Global,640,3,42900.0,60,1,58,15.6,0,1,0
TX001462,P084,Meridian Metals,754,1,273200.0,90,0,45,22.2,0,0,0
TX001463,P041,Falcon Industries,625,3,37700.0,30,2,63,6.7,1,0,0
TX001464,P015,Crest Materials,774,1,351100.0,30,1,34,24.4,0,1,0
TX001465,P110,Meridian Energy,821,1,261500.0,30,0,50,21.9,0,0,0
TX001466,P005,Zenith Trading,604,3,42300.0,0,2,56,18.4,1,0,1
TX001467,P059,Falcon Materials,699,2,185400.0,90,2,21,8.9,0,0,0
TX001468,P006,Harbor Agro,698,3,211000.0,60,0,28,3.9,0,1,0
TX001469,P041,Falcon Industries,636,3,36900.0,0,2,63,7.5,1,1,0
TX001470,P037,Nordic Global,675,3,53600.0,60,2,45,14.1,0,0,0
TX001471,P118,Pacific Chemicals,774,1,269600.0,30,1,44,26.8,0,1,0
TX001472,P098,Marina Agro,655,3,35600.0,0,1,57,17.2,1,1,0
TX001473,P112,Orient Materials,785,1,271200.0,0,1,45,24.2,0,1,0
TX001474,P048,Orient Metals,630,2,31600.0,90,1,45,11.8,0,0,1
TX001475,P115,Vega Trading,688,2,124000.0,0,0,20,7.1,0,0,0
TX001476,P092,Falcon Metals,679,2,55500.0,60,2,47,16.9,0,0,1
TX001477,P093,Union Global,828,2,441200.0,60,2,52,20.9,1,1,0
TX001478,P051,Union Energy,697,3,43100.0,60,0,51,9.7,0,0,0
TX001479,P099,Aurora Global,681,1,167400.0,60,2,26,12.1,0,1,0
TX001480,P113,Meridian Agro,624,3,59200.0,90,1,52,8.3,0,1,0
TX001481,P120,Orient Chemicals,649,2,71300.0,60,0,50,13.1,0,0,0
TX001482,P002,Corona Agro,677,3,125900.0,30,1,25,3.7,1,1,0
TX001483,P008,Vega Logistics,737,2,144100.0,60,0,19,9.2,0,1,0
TX001484,P001,Delta Power,711,2,171400.0,30,0,19,1.6,0,0,0
TX001485,P041,Falcon Industries,630,3,46900.0,60,1,63,6.8,0,0,1
TX001486,P043,Atlas Chemicals,813,2,627500.0,90,1,46,22.5,0,1,0
TX001487,P077,Corona Energy,797,2,391300.0,30,0,37,18.7,0,0,0
TX001488,P071,Golden Metals,787,1,282000.0,30,1,47,27.1,1,0,0
TX001489,P112,Orient Materials,796,1,244700.0,30,0,45,24.1,0,1,0
TX001490,P097,Marina Chemicals,823,2,213500.0,0,1,35,20.0,0,1,0
TX001491,P064,Zenith Chemicals,644,4,47900.0,30,2,44,8.1,1,0,0
TX001492,P079,Golden Agro,654,2,28100.0,0,1,54,13.9,1,0,0
TX001493,P036,Prime Trading,761,1,274800.0,90,0,40,23.1,1,1,0
TX001494,P116,Aurora Materials,656,3,33500.0,30,2,55,9.8,0,1,0
TX001495,P077,Corona Energy,808,2,240500.0,60,1,37,18.5,1,1,0
TX001496,P037,Nordic Global,686,3,44600.0,60,1,45,14.2,0,0,0
TX001497,P102,Falcon Power,792,1,208800.0,0,1,49,21.8,0,1,0
TX001498,P068,Cobalt Trading,680,4,200600.0,90,1,21,0.5,0,1,1
TX001499,P014,Orient Global,786,1,419200.0,90,1,44,19.0,0,0,0
TX001500,P098,Marina Agro,652,3,32500.0,30,1,57,16.8,1,1,0
TX001501,P062,Aurora Industries,680,3,83200.0,0,1,33,9.1,1,0,0
TX001502,P016,Aurora Energy,794,1,353100.0,60,0,45,26.6,1,0,0
TX001503,P113,Meridian Agro,622,3,73800.0,30,1,52,9.5,0,0,0
TX001504,P117,Falcon Energy,671,2,80000.0,0,1,50,7.4,1,1,0
TX001505,P031,Vega Power,740,2,273200.0,30,0,38,16.7,0,0,0
TX001506,P112,Orient Materials,808,1,281900.0,60,0,45,24.4,1,0,0
TX001507,P036,Prime Trading,750,1,265300.0,0,0,40,23.7,0,1,0
TX001508,P020,Corona Materials,679,3,101900.0,60,0,40,15.9,0,0,0
TX001509,P064,Zenith Chemicals,665,4,52300.0,60,1,44,7.6,0,0,0
TX001510,P041,Falcon Industries,628,3,39300.0,60,1,63,7.8,0,0,1
TX001511,P034,Union Trading,757,2,518000.0,60,0,54,18.7,1,0,0
TX001512,P046,Vega Agro,640,4,48800.0,30,0,56,9.7,1,0,0
TX001513,P066,Orient Energy,636,3,46000.0,60,1,54,6.0,0,1,0
TX001514,P027,Summit Power,714,3,109300.0,30,0,21,3.8,0,0,0
TX001515,P009,Falcon Global,626,3,70800.0,0,1,51,9.3,0,0,1
TX001516,P013,Orient Logistics,734,2,290000.0,90,0,37,17.8,0,1,0
TX001517,P061,Harbor Metals,649,2,66300.0,60,2,58,14.7,0,0,0
TX001518,P062,Aurora Industries,675,3,54200.0,60,1,33,8.2,1,0,0
TX001519,P036,Prime Trading,768,1,241700.0,60,0,40,23.2,0,0,0
TX001520,P003,Delta Materials,832,1,275300.0,90,2,41,20.6,1,1,0
TX001521,P051,Union Energy,674,3,68400.0,60,1,51,10.2,1,0,0
TX001522,P040,Union Power,699,3,138900.0,60,1,15,4.1,0,0,1
TX001523,P117,Falcon Energy,672,2,80800.0,90,1,50,8.1,0,0,0
TX001524,P034,Union Trading,763,2,525600.0,30,0,54,19.0,0,1,0
TX001525,P096,Prime Materials,795,2,594500.0,60,0,50,23.2,1,0,0
TX001526,P007,Cairo Grid Co,511,4,120100.0,30,3,19,1.8,1,1,1
TX001527,P116,Aurora Materials,653,3,57700.0,30,2,55,10.7,1,0,0
TX001528,P109,Delta Trading,828,1,392900.0,60,1,40,23.4,0,1,0
TX001529,P051,Union Energy,681,3,64300.0,0,0,51,12.0,1,0,0
TX001530,P117,Falcon Energy,691,2,61700.0,90,2,50,8.5,0,1,0
TX001531,P035,Sierra Materials,654,3,42100.0,30,1,66,9.5,0,0,0
TX001532,P044,Summit Agro,724,2,181800.0,0,0,23,8.5,0,0,0
TX001533,P078,Pacific Materials,814,1,251000.0,30,0,37,22.0,0,0,0
TX001534,P041,Falcon Industries,618,3,78500.0,60,2,63,7.1,1,1,1
TX001535,P014,Orient Global,836,1,384800.0,60,0,44,18.9,0,0,0
TX001536,P045,Meridian Materials,692,4,80400.0,30,1,51,11.3,0,1,0
TX001537,P071,Golden Metals,797,1,351600.0,60,0,47,27.8,0,0,0
TX001538,P034,Union Trading,762,2,494600.0,60,1,54,18.5,0,0,0
TX001539,P035,Sierra Materials,658,3,61400.0,30,1,66,9.3,1,1,0
TX001540,P079,Golden Agro,654,2,32900.0,60,1,54,13.1,1,1,0
TX001541,P077,Corona Energy,792,2,308200.0,0,0,37,19.3,0,1,0
TX001542,P041,Falcon Industries,619,3,40300.0,30,1,63,7.4,0,1,0
TX001543,P117,Falcon Energy,677,2,50100.0,90,2,50,7.9,0,0,0
TX001544,P021,Harbor Power,690,3,88200.0,60,0,15,13.4,1,0,0
TX001545,P091,Nordic Trading,853,2,230300.0,30,0,45,20.2,0,1,0
TX001546,P050,Crest Chemicals,680,2,110500.0,30,1,14,2.8,1,1,0
TX001547,P066,Orient Energy,615,3,63900.0,30,1,54,4.7,0,0,0
TX001548,P044,Summit Agro,702,2,130900.0,30,0,23,8.7,0,0,0
TX001549,P043,Atlas Chemicals,800,2,479600.0,30,0,46,22.0,0,1,0
TX001550,P038,Marina Logistics,532,5,82300.0,0,1,14,3.1,1,1,0
TX001551,P089,Golden Power,819,1,367900.0,30,0,45,23.6,1,0,0
TX001552,P045,Meridian Materials,678,4,32100.0,0,1,51,10.5,0,0,0
TX001553,P003,Delta Materials,850,1,460300.0,60,1,41,19.8,1,0,0
TX001554,P058,Zenith Logistics,727,3,258900.0,30,0,19,7.3,1,0,0
TX001555,P055,Delta Energy,684,3,42200.0,30,2,53,11.7,1,0,0
TX001556,P113,Meridian Agro,621,3,57300.0,0,1,52,8.8,0,1,0
TX001557,P043,Atlas Chemicals,795,2,437600.0,60,1,46,21.3,1,1,0
TX001558,P094,Union Chemicals,770,1,689400.0,30,0,48,16.7,0,1,0
TX001559,P109,Delta Trading,831,1,298800.0,90,0,40,23.0,0,1,0
TX001560,P070,Crest Metals,819,1,467000.0,60,0,45,24.4,0,1,0
TX001561,P009,Falcon Global,646,3,61200.0,60,1,51,8.5,0,1,0
TX001562,P073,Vega Metals,694,2,146100.0,60,1,23,9.5,0,0,1
TX001563,P009,Falcon Global,630,3,31200.0,90,1,51,8.4,1,0,0
TX001564,P091,Nordic Trading,838,2,381200.0,0,0,45,19.6,0,1,0
TX001565,P010,Delta Chemicals,669,3,20200.0,60,1,51,11.5,0,1,0
TX001566,P067,Vega Materials,786,2,440400.0,60,0,51,21.8,0,0,0
TX001567,P094,Union Chemicals,771,1,1029400.0,60,0,48,16.1,0,1,0
TX001568,P031,Vega Power,781,2,649300.0,90,0,38,16.6,0,0,0
TX001569,P089,Golden Power,805,1,299500.0,30,1,45,24.3,0,1,0
TX001570,P108,Orient Power,714,3,33900.0,0,0,41,12.0,0,1,0
TX001571,P062,Aurora Industries,669,3,118100.0,30,1,33,7.6,0,0,0
TX001572,P006,Harbor Agro,699,3,93000.0,30,0,28,4.7,0,1,0
TX001573,P118,Pacific Chemicals,799,1,395400.0,60,0,44,27.4,0,0,0
TX001574,P012,Prime Power,632,2,29700.0,0,0,60,4.5,0,1,0
TX001575,P083,Crest Agro,690,3,150800.0,30,0,19,8.0,0,1,0
TX001576,P051,Union Energy,669,3,61700.0,30,0,51,11.7,0,1,0
TX001577,P091,Nordic Trading,857,2,290600.0,30,0,45,20.2,0,1,0
TX001578,P066,Orient Energy,631,3,45400.0,60,1,54,6.4,0,1,1
TX001579,P075,Marina Industries,600,3,32100.0,30,1,49,11.9,0,0,1
TX001580,P118,Pacific Chemicals,785,1,301600.0,30,2,44,26.2,1,1,0
TX001581,P041,Falcon Industries,631,3,42100.0,60,1,63,6.5,0,0,0
TX001582,P026,Summit Materials,711,3,96000.0,60,0,31,9.6,1,0,0
TX001583,P102,Falcon Power,786,1,233000.0,90,0,49,23.0,0,0,0
TX001584,P100,Nordic Agro,674,3,159000.0,30,0,14,11.4,0,1,0
TX001585,P029,Atlas Global,428,5,176100.0,30,2,8,0.5,0,1,1
TX001586,P069,Sierra Global,665,2,208700.0,60,3,31,3.3,0,0,1
TX001587,P077,Corona Energy,798,2,467700.0,0,1,37,18.1,0,0,0
TX001588,P041,Falcon Industries,654,3,47300.0,0,1,63,7.2,0,1,0
TX001589,P054,Golden Global,661,3,34100.0,60,1,58,16.4,0,0,0
TX001590,P031,Vega Power,757,2,344300.0,60,0,38,16.8,1,0,0
TX001591,P063,Prime Agro,454,4,118900.0,60,2,13,0.5,0,0,1
TX001592,P096,Prime Materials,780,2,682200.0,30,0,50,23.3,0,0,0
TX001593,P020,Corona Materials,685,3,46500.0,60,0,40,14.9,1,0,0
TX001594,P005,Zenith Trading,633,3,53900.0,60,1,56,18.5,1,0,0
TX001595,P065,Crest Global,700,2,111700.0,0,1,15,13.4,0,1,0
TX001596,P050,Crest Chemicals,682,2,144000.0,30,1,14,2.0,1,1,0
TX001597,P012,Prime Power,623,2,37000.0,0,0,60,4.8,0,1,0
TX001598,P033,Delta Industries,673,2,143700.0,30,0,24,6.2,0,0,0
TX001599,P107,Prime Metals,797,2,184200.0,30,0,47,23.2,0,0,0
TX001600,P096,Prime Materials,786,2,598700.0,60,1,50,23.6,1,0,0
TX001601,P046,Vega Agro,617,4,28500.0,60,1,56,10.6,0,0,1
TX001602,P061,Harbor Metals,668,2,61200.0,0,2,58,14.6,0,0,0
TX001603,P043,Atlas Chemicals,807,2,477800.0,90,0,46,22.4,0,0,0
TX001604,P062,Aurora Industries,660,3,98900.0,30,1,33,7.8,0,0,1
TX001605,P022,Sierra Metals,851,2,172700.0,60,2,46,22.2,0,0,0
TX001606,P090,Falcon Agro,832,2,312700.0,30,1,36,20.0,0,0,0
TX001607,P013,Orient Logistics,750,2,170000.0,90,0,37,18.3,1,0,0
TX001608,P110,Meridian Energy,808,1,365300.0,0,2,50,23.1,0,1,0
TX001609,P085,Pacific Agro,698,3,32700.0,0,2,55,15.6,0,0,0
TX001610,P010,Delta Chemicals,670,3,76200.0,30,0,51,11.3,0,1,0
TX001611,P011,Corona Industries,684,3,151700.0,30,0,20,10.3,0,0,0
TX001612,P101,Aurora Agro,683,3,114200.0,90,0,12,6.7,0,1,0
TX001613,P054,Golden Global,638,3,35900.0,30,1,58,16.3,1,0,0
TX001614,P072,Meridian Logistics,663,3,59700.0,30,0,51,9.0,1,1,0
TX001615,P063,Prime Agro,470,4,183700.0,90,2,13,1.0,0,0,1
TX001616,P102,Falcon Power,786,1,221200.0,30,0,49,22.4,1,1,0
TX001617,P089,Golden Power,819,1,222500.0,30,0,45,25.0,0,1,0
TX001618,P056,Union Agro,718,2,290700.0,30,1,22,8.0,0,0,0
TX001619,P117,Falcon Energy,686,2,36800.0,30,1,50,7.8,1,0,0
TX001620,P024,Zenith Energy,701,3,112900.0,30,0,16,8.5,1,0,0
TX001621,P104,Summit Energy,823,2,595400.0,0,1,41,22.4,0,0,0
TX001622,P065,Crest Global,694,2,103400.0,90,0,15,14.1,0,0,0
TX001623,P092,Falcon Metals,666,2,60400.0,0,1,47,16.4,0,0,0
TX001624,P017,Lagos Agro Ltd,509,4,92000.0,90,3,7,3.2,1,1,1
TX001625,P045,Meridian Materials,690,4,60800.0,30,2,51,10.2,1,0,0
TX001626,P107,Prime Metals,796,2,165800.0,30,0,47,23.2,0,0,0
TX001627,P012,Prime Power,647,2,31600.0,60,0,60,3.8,0,1,0
TX001628,P088,Falcon Trading,613,3,39400.0,60,1,43,12.2,0,0,1
TX001629,P075,Marina Industries,631,3,43000.0,60,1,49,12.0,0,0,0
TX001630,P107,Prime Metals,806,2,258100.0,90,0,47,22.8,0,0,0
TX001631,P061,Harbor Metals,668,2,51200.0,60,1,58,13.9,1,1,0
TX001632,P046,Vega Agro,630,4,35200.0,0,1,56,10.0,0,1,0
TX001633,P079,Golden Agro,665,2,30100.0,60,0,54,13.6,0,1,0
TX001634,P018,Marina Global,652,3,43300.0,30,1,58,15.8,1,1,0
TX001635,P071,Golden Metals,793,1,257900.0,60,0,47,27.4,1,0,0
TX001636,P021,Harbor Power,668,3,93200.0,0,0,15,12.3,0,0,0
TX001637,P054,Golden Global,639,3,40300.0,60,1,58,15.6,1,1,1
TX001638,P044,Summit Agro,699,2,303200.0,30,1,23,8.7,1,0,0
TX001639,P043,Atlas Chemicals,801,2,552800.0,30,1,46,22.4,0,0,0
TX001640,P027,Summit Power,718,3,73600.0,30,0,21,3.3,0,0,0
TX001641,P064,Zenith Chemicals,671,4,40500.0,60,2,44,7.3,0,0,1
TX001642,P045,Meridian Materials,682,4,47800.0,60,1,51,10.4,0,0,0
TX001643,P112,Orient Materials,799,1,302500.0,30,0,45,23.7,0,0,0
TX001644,P028,Pacific Global,634,2,48500.0,30,2,51,14.7,0,0,0
TX001645,P089,Golden Power,820,1,308700.0,60,0,45,25.7,0,1,0
TX001646,P022,Sierra Metals,865,2,304300.0,30,2,46,21.6,0,1,0
TX001647,P012,Prime Power,639,2,41400.0,90,1,60,5.1,0,0,0
TX001648,P091,Nordic Trading,860,2,330000.0,60,0,45,19.7,0,1,0
TX001649,P093,Union Global,825,2,395000.0,0,1,52,20.6,0,1,0
TX001650,P018,Marina Global,638,3,49900.0,60,1,58,16.2,0,0,0
TX001651,P012,Prime Power,623,2,15200.0,90,0,60,5.2,0,1,0
TX001652,P042,Corona Power,717,3,77400.0,0,1,25,11.3,0,1,1
TX001653,P082,Union Materials,672,3,128400.0,60,1,14,11.9,0,0,0
TX001654,P022,Sierra Metals,865,2,124400.0,90,1,46,21.7,0,0,0
TX001655,P054,Golden Global,660,3,56600.0,60,1,58,16.0,1,1,1
TX001656,P012,Prime Power,643,2,57500.0,30,1,60,5.4,0,0,0
TX001657,P116,Aurora Materials,659,3,47300.0,30,2,55,9.8,0,0,1
TX001658,P117,Falcon Energy,688,2,62400.0,0,1,50,7.2,0,0,0
TX001659,P067,Vega Materials,807,2,884000.0,60,0,51,21.1,0,1,0
TX001660,P071,Golden Metals,779,1,369400.0,90,2,47,27.9,1,1,0
TX001661,P016,Aurora Energy,818,1,253200.0,0,0,45,27.3,0,0,0
TX001662,P031,Vega Power,774,2,228300.0,60,0,38,17.8,1,1,0
TX001663,P005,Zenith Trading,631,3,28700.0,60,1,56,18.6,1,0,0
TX001664,P005,Zenith Trading,591,3,59200.0,60,2,56,17.2,1,0,1
TX001665,P092,Falcon Metals,648,2,64800.0,0,1,47,16.0,0,0,0
TX001666,P117,Falcon Energy,669,2,54600.0,30,1,50,7.7,0,1,1
TX001667,P022,Sierra Metals,840,2,145200.0,90,1,46,22.5,0,0,0
TX001668,P110,Meridian Energy,804,1,332800.0,30,0,50,23.3,1,1,0
TX001669,P088,Falcon Trading,608,3,32300.0,30,1,43,12.7,0,0,1
TX001670,P110,Meridian Energy,803,1,405100.0,60,0,50,23.0,0,1,0
TX001671,P063,Prime Agro,482,4,170000.0,60,2,13,0.5,0,0,1
TX001672,P041,Falcon Industries,625,3,31600.0,30,1,63,8.1,0,0,1
TX001673,P091,Nordic Trading,856,2,270000.0,60,0,45,20.0,0,0,0
TX001674,P072,Meridian Logistics,634,3,50200.0,90,0,51,8.2,0,0,0
TX001675,P098,Marina Agro,643,3,40500.0,30,1,57,17.3,0,0,0
TX001676,P076,Nordic Materials,597,3,93000.0,0,1,58,11.4,0,0,0
TX001677,P076,Nordic Materials,632,3,86700.0,60,0,58,11.6,1,1,0
TX001678,P068,Cobalt Trading,695,4,204200.0,30,0,21,1.0,0,1,0
TX001679,P016,Aurora Energy,805,1,215200.0,0,0,45,27.1,0,0,0
TX001680,P036,Prime Trading,759,1,128300.0,90,2,40,22.6,1,0,0
TX001681,P046,Vega Agro,632,4,68800.0,0,1,56,10.5,0,0,0
TX001682,P101,Aurora Agro,691,3,141800.0,0,0,12,6.2,0,0,0
TX001683,P003,Delta Materials,841,1,418700.0,0,1,41,20.1,0,1,0
TX001684,P078,Pacific Materials,797,1,347900.0,30,0,37,23.0,0,1,0
TX001685,P036,Prime Trading,749,1,195600.0,60,2,40,23.2,1,0,0
TX001686,P040,Union Power,740,3,49000.0,60,2,15,3.5,0,1,0
TX001687,P104,Summit Energy,835,2,398600.0,0,1,41,22.0,0,1,0
TX001688,P018,Marina Global,641,3,47200.0,30,1,58,15.9,0,1,0
TX001689,P085,Pacific Agro,691,3,40100.0,90,1,55,15.3,0,0,1
TX001690,P077,Corona Energy,800,2,283000.0,90,0,37,18.4,0,1,0
TX001691,P066,Orient Energy,631,3,27900.0,30,2,54,6.4,0,1,1
TX001692,P055,Delta Energy,677,3,29400.0,30,3,53,10.6,0,0,0
TX001693,P054,Golden Global,633,3,34600.0,60,1,58,16.4,0,0,1
TX001694,P089,Golden Power,810,1,332200.0,30,0,45,24.3,1,0,0
TX001695,P046,Vega Agro,622,4,47400.0,60,1,56,9.6,1,0,1
TX001696,P076,Nordic Materials,629,3,58800.0,60,0,58,11.7,0,1,0
TX001697,P035,Sierra Materials,673,3,32400.0,60,1,66,8.4,1,0,0
TX001698,P041,Falcon Industries,653,3,43600.0,30,1,63,7.4,0,1,0
TX001699,P077,Corona Energy,804,2,500600.0,0,0,37,19.0,1,1,0
TX001700,P035,Sierra Materials,650,3,61400.0,30,1,66,9.6,1,1,0
TX001701,P076,Nordic Materials,610,3,57400.0,0,1,58,11.8,0,0,0
TX001702,P079,Golden Agro,665,2,56900.0,30,0,54,13.4,1,1,0
TX001703,P072,Meridian Logistics,637,3,48500.0,30,0,51,8.2,0,0,0
TX001704,P042,Corona Power,715,3,106100.0,60,0,25,12.3,1,0,0
TX001705,P094,Union Chemicals,783,1,1122000.0,30,0,48,15.9,0,1,0
TX001706,P042,Corona Power,730,3,159200.0,30,0,25,12.2,0,1,0
TX001707,P045,Meridian Materials,673,4,79200.0,30,1,51,10.1,0,1,0
TX001708,P010,Delta Chemicals,675,3,65700.0,30,0,51,10.3,0,0,0
TX001709,P046,Vega Agro,622,4,38600.0,90,0,56,10.5,0,1,1
TX001710,P115,Vega Trading,684,2,103600.0,60,0,20,7.9,0,0,0
TX001711,P046,Vega Agro,628,4,37700.0,60,1,56,10.9,0,0,0
TX001712,P098,Marina Agro,655,3,35900.0,60,3,57,16.9,1,0,0
TX001713,P079,Golden Agro,647,2,30700.0,90,0,54,12.8,1,0,0
TX001714,P018,Marina Global,624,3,27200.0,30,2,58,15.2,0,1,0
TX001715,P091,Nordic Trading,837,2,460100.0,60,0,45,19.4,0,0,0
TX001716,P076,Nordic Materials,644,3,28000.0,90,0,58,11.6,0,1,0
TX001717,P092,Falcon Metals,685,2,51800.0,30,1,47,16.3,1,1,0
TX001718,P038,Marina Logistics,549,5,154700.0,60,1,14,4.4,1,1,1
TX001719,P026,Summit Materials,740,3,109500.0,30,0,31,8.0,0,1,0
TX001720,P117,Falcon Energy,675,2,84000.0,60,1,50,7.9,0,0,0
TX001721,P061,Harbor Metals,674,2,40500.0,60,1,58,14.5,1,0,0
TX001722,P010,Delta Chemicals,673,3,65300.0,30,0,51,10.8,0,0,0
TX001723,P117,Falcon Energy,673,2,82800.0,0,2,50,7.9,0,0,0
TX001724,P118,Pacific Chemicals,808,1,206300.0,90,0,44,26.2,0,0,0
TX001725,P095,Meridian Trading,806,2,402600.0,30,0,44,21.5,0,0,0
TX001726,P005,Zenith Trading,625,3,35600.0,60,1,56,18.2,0,0,0
TX001727,P119,Meridian Chemicals,637,1,82700.0,30,1,25,11.4,1,1,0
TX001728,P051,Union Energy,691,3,54300.0,90,0,51,11.3,1,0,0
TX001729,P098,Marina Agro,621,3,31400.0,60,1,57,18.0,0,0,0
TX001730,P042,Corona Power,725,3,129200.0,60,1,25,12.1,0,0,0
TX001731,P118,Pacific Chemicals,798,1,293400.0,60,0,44,26.1,1,0,0
TX001732,P060,Marina Power,498,5,191900.0,30,4,2,1.0,0,1,1
TX001733,P120,Orient Chemicals,631,2,44700.0,60,1,50,12.9,0,1,0
TX001734,P016,Aurora Energy,805,1,169800.0,90,0,45,26.0,0,0,0
TX001735,P046,Vega Agro,627,4,31800.0,90,0,56,9.6,1,1,0
TX001736,P076,Nordic Materials,632,3,40400.0,60,0,58,11.5,1,0,0
TX001737,P034,Union Trading,755,2,397800.0,60,0,54,17.6,0,0,0
TX001738,P002,Corona Agro,699,3,102500.0,30,1,25,4.0,1,1,0
TX001739,P051,Union Energy,686,3,40400.0,60,0,51,11.1,0,0,0
TX001740,P092,Falcon Metals,677,2,58800.0,90,1,47,16.0,0,1,1
TX001741,P116,Aurora Materials,671,3,34300.0,60,2,55,10.2,1,0,1
TX001742,P088,Falcon Trading,630,3,81100.0,60,1,43,13.4,1,1,0
TX001743,P022,Sierra Metals,863,2,257800.0,60,1,46,21.8,0,0,0
TX001744,P096,Prime Materials,809,2,552100.0,30,2,50,23.9,1,0,0
TX001745,P036,Prime Trading,732,1,239300.0,30,0,40,22.7,0,0,0
TX001746,P003,Delta Materials,830,1,316100.0,30,1,41,21.3,0,1,0
TX001747,P098,Marina Agro,660,3,45800.0,30,1,57,16.5,0,0,0
TX001748,P079,Golden Agro,673,2,36100.0,90,0,54,14.0,1,0,0
TX001749,P063,Prime Agro,472,4,165800.0,30,3,13,1.3,0,1,1
TX001750,P018,Marina Global,638,3,33100.0,0,1,58,15.5,0,0,0
TX001751,P056,Union Agro,722,2,120700.0,60,0,22,8.1,0,1,0
TX001752,P077,Corona Energy,813,2,327900.0,30,0,37,19.5,0,0,0
TX001753,P117,Falcon Energy,698,2,34600.0,90,1,50,7.6,1,1,0
TX001754,P115,Vega Trading,717,2,113400.0,0,2,20,6.8,0,0,0
TX001755,P087,Corona Metals,676,2,149700.0,30,1,19,13.2,1,0,0
TX001756,P046,Vega Agro,608,4,31800.0,0,0,56,9.7,0,0,0
TX001757,P087,Corona Metals,669,2,175100.0,60,1,19,12.8,0,1,0
TX001758,P107,Prime Metals,797,2,181700.0,60,0,47,23.5,0,0,0
TX001759,P077,Corona Energy,813,2,311300.0,30,0,37,18.7,0,0,0
TX001760,P084,Meridian Metals,760,1,283900.0,0,0,45,23.7,0,1,0
TX001761,P118,Pacific Chemicals,791,1,305400.0,60,0,44,26.4,1,0,0
TX001762,P004,Al-Rashid Trading,478,5,210000.0,0,2,6,6.7,0,0,1
TX001763,P020,Corona Materials,671,3,105500.0,30,0,40,15.9,1,0,0
TX001764,P013,Orient Logistics,760,2,236900.0,30,1,37,18.2,0,0,0
TX001765,P031,Vega Power,773,2,337200.0,30,0,38,17.9,0,1,0
TX001766,P116,Aurora Materials,637,3,44400.0,0,2,55,10.3,1,1,0
TX001767,P028,Pacific Global,615,2,43300.0,60,1,51,14.3,0,0,1
TX001768,P005,Zenith Trading,598,3,18000.0,30,2,56,18.6,0,1,0
TX001769,P096,Prime Materials,771,2,539200.0,0,0,50,23.2,0,0,0
TX001770,P009,Falcon Global,631,3,35400.0,30,2,51,9.4,0,1,1
TX001771,P091,Nordic Trading,866,2,343000.0,30,0,45,19.4,1,0,0
TX001772,P017,Lagos Agro Ltd,499,4,97800.0,30,3,7,3.0,1,1,1
TX001773,P064,Zenith Chemicals,664,4,28400.0,90,2,44,8.0,0,0,0
TX001774,P113,Meridian Agro,620,3,45600.0,30,2,52,8.5,0,0,0
TX001775,P112,Orient Materials,825,1,363300.0,0,0,45,23.7,0,0,0
TX001776,P034,Union Trading,760,2,545600.0,60,0,54,18.3,0,0,0
TX001777,P119,Meridian Chemicals,672,1,134900.0,30,1,25,10.8,1,1,0
TX001778,P072,Meridian Logistics,654,3,81700.0,0,0,51,8.0,0,1,0
TX001779,P010,Delta Chemicals,673,3,68800.0,30,1,51,10.4,0,1,0
TX001780,P009,Falcon Global,630,3,43800.0,0,1,51,9.2,0,0,0
TX001781,P055,Delta Energy,678,3,28800.0,30,2,53,11.1,0,1,0
TX001782,P118,Pacific Chemicals,777,1,318300.0,0,0,44,26.2,0,0,0
TX001783,P076,Nordic Materials,618,3,67400.0,0,1,58,11.6,1,1,0
TX001784,P068,Cobalt Trading,700,4,346300.0,30,0,21,1.5,0,0,0
TX001785,P076,Nordic Materials,605,3,47400.0,30,1,58,11.1,0,1,0
TX001786,P090,Falcon Agro,830,2,352200.0,30,2,36,21.0,0,0,0
TX001787,P073,Vega Metals,723,2,414000.0,0,1,23,10.4,0,1,0
TX001788,P048,Orient Metals,626,2,40200.0,30,1,45,11.6,0,1,0
TX001789,P048,Orient Metals,617,2,37100.0,60,3,45,11.5,1,0,0
TX001790,P034,Union Trading,743,2,402400.0,90,1,54,17.7,0,1,0
TX001791,P094,Union Chemicals,771,1,1318600.0,60,0,48,16.8,1,0,0
TX001792,P071,Golden Metals,774,1,173900.0,90,0,47,27.4,0,1,0
TX001793,P071,Golden Metals,798,1,222100.0,30,0,47,27.2,0,0,0
TX001794,P020,Corona Materials,672,3,77400.0,60,0,40,16.7,1,0,0
TX001795,P066,Orient Energy,622,3,25000.0,60,1,54,5.8,0,0,1
TX001796,P018,Marina Global,669,3,34500.0,30,1,58,15.3,1,0,0
TX001797,P071,Golden Metals,802,1,278800.0,0,0,47,27.3,0,0,0
TX001798,P021,Harbor Power,670,3,125700.0,30,0,15,13.1,1,0,0
TX001799,P037,Nordic Global,662,3,47200.0,90,1,45,14.8,1,1,0
TX001800,P116,Aurora Materials,649,3,47800.0,60,3,55,9.1,1,1,1
TX001801,P050,Crest Chemicals,728,2,114400.0,0,1,14,3.9,1,0,0
TX001802,P011,Corona Industries,672,3,178000.0,60,0,20,9.8,1,1,0
TX001803,P048,Orient Metals,611,2,56700.0,0,2,45,11.4,0,0,1
TX001804,P036,Prime Trading,755,1,343600.0,30,0,40,24.0,1,0,0
TX001805,P035,Sierra Materials,657,3,41100.0,30,1,66,9.7,1,1,0
TX001806,P007,Cairo Grid Co,507,4,100700.0,60,3,19,1.7,1,0,1
TX001807,P085,Pacific Agro,694,3,35100.0,30,1,55,16.2,0,1,0
TX001808,P064,Zenith Chemicals,663,4,24500.0,60,1,44,8.3,0,1,0
TX001809,P050,Crest Chemicals,715,2,190200.0,0,2,14,3.2,0,0,0
TX001810,P094,Union Chemicals,777,1,1200600.0,30,0,48,17.0,0,1,0
TX001811,P045,Meridian Materials,695,4,47900.0,0,1,51,10.6,0,1,0
TX001812,P073,Vega Metals,700,2,117300.0,60,1,23,9.5,0,1,0
TX001813,P027,Summit Power,742,3,137300.0,30,1,21,3.1,0,0,0
TX001814,P016,Aurora Energy,829,1,277300.0,0,0,45,27.3,0,1,0
TX001815,P118,Pacific Chemicals,784,1,384400.0,0,0,44,25.9,1,0,0
TX001816,P016,Aurora Energy,829,1,193900.0,60,0,45,27.8,0,1,0
TX001817,P085,Pacific Agro,660,3,36400.0,90,1,55,15.2,1,1,0
TX001818,P097,Marina Chemicals,800,2,376000.0,30,2,35,18.9,0,1,0
TX001819,P070,Crest Metals,822,1,442400.0,90,0,45,24.4,0,0,0
TX001820,P096,Prime Materials,788,2,591500.0,60,0,50,24.1,0,1,1
TX001821,P092,Falcon Metals,684,2,63200.0,30,1,47,15.6,0,1,0
TX001822,P047,Pacific Metals,685,3,183700.0,30,1,11,6.4,0,1,0
TX001823,P104,Summit Energy,840,2,467800.0,60,1,41,22.3,0,1,0
TX001824,P067,Vega Materials,794,2,537800.0,60,0,51,21.8,0,1,0
TX001825,P034,Union Trading,772,2,498500.0,30,1,54,18.1,0,0,0
TX001826,P096,Prime Materials,790,2,561000.0,60,0,50,23.7,0,0,0
TX001827,P031,Vega Power,781,2,331700.0,30,0,38,17.5,1,1,0
TX001828,P114,Corona Logistics,765,1,374700.0,90,1,52,18.7,1,0,0
TX001829,P047,Pacific Metals,660,3,122100.0,60,1,11,7.0,0,0,0
TX001830,P033,Delta Industries,671,2,106900.0,0,0,24,5.6,0,0,0
TX001831,P108,Orient Power,690,3,37000.0,30,0,41,11.5,1,0,0
TX001832,P093,Union Global,833,2,621200.0,90,1,52,20.0,1,0,0
TX001833,P107,Prime Metals,807,2,281700.0,30,1,47,22.6,0,1,0
TX001834,P022,Sierra Metals,870,2,390200.0,30,1,46,21.6,1,1,0
TX001835,P013,Orient Logistics,747,2,369900.0,60,2,37,18.2,0,1,0
TX001836,P050,Crest Chemicals,678,2,118900.0,0,1,14,2.1,1,0,0
TX001837,P099,Aurora Global,695,1,241300.0,0,2,26,10.0,0,1,0
TX001838,P107,Prime Metals,793,2,184400.0,30,0,47,23.0,0,1,0
TX001839,P087,Corona Metals,699,2,139800.0,30,1,19,12.2,0,1,0
TX001840,P076,Nordic Materials,619,3,49600.0,30,1,58,11.8,0,0,0
TX001841,P001,Delta Power,715,2,135500.0,90,0,19,3.0,0,1,0
TX001842,P041,Falcon Industries,626,3,59700.0,60,2,63,7.6,0,1,0
TX001843,P078,Pacific Materials,823,1,281100.0,0,0,37,22.5,0,1,0
TX001844,P110,Meridian Energy,796,1,352400.0,30,1,50,22.2,0,1,0
TX001845,P043,Atlas Chemicals,801,2,388400.0,30,0,46,21.8,0,0,0
TX001846,P035,Sierra Materials,664,3,38900.0,30,1,66,8.9,0,0,0
TX001847,P115,Vega Trading,690,2,139700.0,0,0,20,8.0,0,0,0
TX001848,P120,Orient Chemicals,633,2,63400.0,30,0,50,13.0,0,1,0
TX001849,P045,Meridian Materials,655,4,51600.0,30,1,51,10.1,0,0,1
TX001850,P108,Orient Power,680,3,20100.0,30,0,41,12.5,0,1,0
TX001851,P105,Prime Logistics,517,4,52900.0,30,3,12,2.8,0,1,1
TX001852,P028,Pacific Global,630,2,47900.0,0,1,51,15.0,1,0,0
TX001853,P048,Orient Metals,620,2,23500.0,90,2,45,11.7,0,1,0
TX001854,P080,Harbor Global,535,4,173000.0,60,2,20,4.5,0,0,1
TX001855,P030,Golden Energy,500,5,154200.0,60,3,5,8.6,0,1,1
TX001856,P034,Union Trading,753,2,368000.0,30,0,54,18.4,0,1,0
TX001857,P045,Meridian Materials,674,4,63100.0,30,1,51,9.8,0,0,0
TX001858,P039,Nordic Chemicals,458,4,179600.0,60,3,12,9.0,1,1,1
TX001859,P061,Harbor Metals,643,2,48200.0,90,1,58,15.1,1,1,0
TX001860,P046,Vega Agro,622,4,30100.0,90,1,56,10.2,0,0,1
TX001861,P077,Corona Energy,800,2,420000.0,30,1,37,18.7,0,1,0
TX001862,P032,Cobalt Logistics,707,3,149500.0,90,1,23,3.7,0,0,0
TX001863,P075,Marina Industries,580,3,27800.0,60,1,49,12.0,0,0,1
TX001864,P010,Delta Chemicals,680,3,51200.0,90,0,51,11.4,1,0,0
TX001865,P070,Crest Metals,835,1,665400.0,60,0,45,24.1,0,1,0
TX001866,P044,Summit Agro,735,2,227300.0,30,0,23,7.7,1,0,0
TX001867,P006,Harbor Agro,704,3,100900.0,30,1,28,4.0,1,0,0
TX001868,P051,Union Energy,705,3,68800.0,30,1,51,10.9,0,1,0
TX001869,P055,Delta Energy,674,3,33500.0,0,2,53,10.9,1,0,0
TX001870,P100,Nordic Agro,657,3,250400.0,30,2,14,11.0,0,0,0
TX001871,P112,Orient Materials,783,1,233200.0,0,0,45,24.0,0,0,0
TX001872,P108,Orient Power,696,3,24400.0,30,0,41,12.5,0,0,0
TX001873,P114,Corona Logistics,744,1,301300.0,90,0,52,19.3,0,1,0
TX001874,P037,Nordic Global,677,3,82100.0,60,2,45,13.7,1,0,0
TX001875,P003,Delta Materials,825,1,379400.0,0,3,41,20.3,1,0,0
TX001876,P103,Golden Materials,695,2,184900.0,90,0,8,9.7,1,0,0
TX001877,P041,Falcon Industries,651,3,28600.0,0,1,63,7.3,1,0,0
TX001878,P016,Aurora Energy,812,1,201400.0,30,1,45,26.6,0,0,0
TX001879,P059,Falcon Materials,687,2,257000.0,90,2,21,9.7,0,1,1
TX001880,P120,Orient Chemicals,628,2,78800.0,0,1,50,13.4,0,1,0
TX001881,P027,Summit Power,701,3,213500.0,60,0,21,2.5,0,0,1
TX001882,P087,Corona Metals,687,2,132900.0,60,1,19,12.5,0,1,0
TX001883,P112,Orient Materials,794,1,290400.0,90,0,45,23.8,0,1,0
TX001884,P092,Falcon Metals,673,2,33300.0,0,1,47,15.5,0,0,0
TX001885,P120,Orient Chemicals,634,2,97400.0,0,0,50,12.8,1,0,0
TX001886,P118,Pacific Chemicals,764,1,251400.0,30,0,44,27.0,0,0,0
TX001887,P015,Crest Materials,773,1,216800.0,30,0,34,23.9,0,0,0
TX001888,P078,Pacific Materials,799,1,219800.0,90,0,37,22.4,0,0,0
TX001889,P095,Meridian Trading,801,2,425900.0,60,0,44,21.3,0,0,0
TX001890,P110,Meridian Energy,792,1,804500.0,60,1,50,22.3,0,0,0
TX001891,P085,Pacific Agro,668,3,39800.0,30,1,55,15.6,1,0,1
TX001892,P001,Delta Power,711,2,134100.0,60,0,19,3.6,0,0,1
TX001893,P012,Prime Power,620,2,34800.0,30,0,60,4.9,0,1,0
TX001894,P045,Meridian Materials,687,4,60200.0,0,2,51,10.5,0,0,0
TX001895,P066,Orient Energy,608,3,34200.0,30,1,54,5.9,0,0,1
TX001896,P046,Vega Agro,641,4,57500.0,30,1,56,10.1,1,0,0
TX001897,P010,Delta Chemicals,673,3,45700.0,30,1,51,11.7,0,1,0
TX001898,P006,Harbor Agro,713,3,156800.0,30,0,28,4.4,0,1,0
TX001899,P088,Falcon Trading,628,3,47300.0,60,2,43,12.0,0,0,0
TX001900,P045,Meridian Materials,699,4,77500.0,60,1,51,11.0,0,1,1
TX001901,P092,Falcon Metals,673,2,52900.0,60,1,47,15.9,0,1,0
TX001902,P092,Falcon Metals,663,2,53800.0,30,1,47,16.1,0,1,0
TX001903,P108,Orient Power,693,3,17600.0,30,1,41,10.9,0,1,0
TX001904,P116,Aurora Materials,674,3,59100.0,90,2,55,10.3,0,0,0
TX001905,P075,Marina Industries,611,3,64000.0,60,1,49,12.4,1,0,0
TX001906,P053,Summit Global,742,3,172300.0,90,0,14,10.6,0,1,0
TX001907,P107,Prime Metals,790,2,274600.0,0,0,47,22.8,0,1,0
TX001908,P035,Sierra Materials,659,3,38200.0,30,2,66,9.0,0,0,1
TX001909,P066,Orient Energy,625,3,31100.0,60,2,54,7.3,1,1,1
TX001910,P084,Meridian Metals,747,1,329400.0,60,0,45,23.6,0,0,0
TX001911,P028,Pacific Global,631,2,76600.0,0,1,51,15.1,1,0,0
TX001912,P117,Falcon Energy,677,2,94300.0,90,3,50,7.8,1,0,0
TX001913,P011,Corona Industries,671,3,119900.0,30,0,20,11.0,1,0,0
TX001914,P071,Golden Metals,820,1,188300.0,60,0,47,26.3,0,1,0
TX001915,P096,Prime Materials,785,2,523600.0,0,0,50,24.0,0,1,0
TX001916,P108,Orient Power,687,3,47300.0,60,1,41,12.3,0,0,0
TX001917,P046,Vega Agro,628,4,56500.0,0,0,56,10.6,1,0,0
TX001918,P031,Vega Power,756,2,391900.0,90,0,38,17.2,1,0,0
TX001919,P022,Sierra Metals,841,2,360200.0,90,1,46,21.2,0,0,0
TX001920,P046,Vega Agro,630,4,48800.0,60,0,56,10.8,0,0,0
TX001921,P099,Aurora Global,678,1,108800.0,60,1,26,11.1,0,1,0
TX001922,P115,Vega Trading,704,2,155900.0,90,0,20,7.4,1,0,0
TX001923,P018,Marina Global,645,3,29800.0,60,1,58,15.1,0,1,0
TX001924,P022,Sierra Metals,846,2,347100.0,30,2,46,21.4,1,1,0
TX001925,P034,Union Trading,735,2,394800.0,30,0,54,17.5,1,0,0
TX001926,P089,Golden Power,810,1,270300.0,0,0,45,24.3,0,0,0
TX001927,P015,Crest Materials,789,1,756800.0,30,1,34,24.6,1,0,0
TX001928,P062,Aurora Industries,694,3,104400.0,60,3,33,8.1,0,0,0
TX001929,P029,Atlas Global,429,5,130100.0,90,3,8,1.0,0,0,1
TX001930,P115,Vega Trading,704,2,157900.0,60,0,20,8.2,1,1,0
TX001931,P016,Aurora Energy,806,1,368800.0,30,0,45,26.7,0,1,0
TX001932,P108,Orient Power,693,3,26700.0,90,2,41,11.7,0,1,1
TX001933,P044,Summit Agro,724,2,235100.0,0,0,23,8.3,0,0,0
TX001934,P036,Prime Trading,752,1,174500.0,0,1,40,23.8,0,0,0
TX001935,P098,Marina Agro,652,3,40200.0,60,1,57,17.0,1,0,0
TX001936,P031,Vega Power,774,2,261500.0,90,1,38,16.9,0,1,0
TX001937,P016,Aurora Energy,827,1,251200.0,30,0,45,27.2,1,0,0
TX001938,P055,Delta Energy,670,3,29000.0,30,2,53,10.7,0,0,0
TX001939,P058,Zenith Logistics,710,3,215200.0,0,0,19,6.9,0,1,0
TX001940,P008,Vega Logistics,721,2,193400.0,90,0,19,10.0,0,1,0
TX001941,P010,Delta Chemicals,664,3,73200.0,90,1,51,10.5,0,1,0
TX001942,P054,Golden Global,667,3,39800.0,90,1,58,16.7,0,0,0
TX001943,P034,Union Trading,764,2,326700.0,30,1,54,18.5,1,1,0
TX001944,P095,Meridian Trading,806,2,243900.0,60,0,44,21.4,0,0,0
TX001945,P102,Falcon Power,782,1,196500.0,60,0,49,22.7,0,0,0
TX001946,P036,Prime Trading,763,1,238800.0,0,1,40,23.7,0,1,0
TX001947,P105,Prime Logistics,507,4,61300.0,60,4,12,1.6,1,0,1
TX001948,P050,Crest Chemicals,681,2,111800.0,30,2,14,2.2,0,1,0
TX001949,P070,Crest Metals,825,1,289700.0,0,0,45,22.7,0,1,0
TX001950,P020,Corona Materials,686,3,38100.0,0,0,40,15.6,0,1,0
TX001951,P020,Corona Materials,662,3,81800.0,30,0,40,15.9,1,0,0
TX001952,P010,Delta Chemicals,658,3,40000.0,0,0,51,11.0,0,1,0
TX001953,P116,Aurora Materials,647,3,32500.0,90,2,55,10.4,0,0,1
TX001954,P117,Falcon Energy,686,2,68900.0,30,2,50,7.0,0,1,0
TX001955,P013,Orient Logistics,756,2,277400.0,90,0,37,19.6,1,0,0
TX001956,P092,Falcon Metals,655,2,38000.0,60,1,47,15.5,1,1,0
TX001957,P078,Pacific Materials,815,1,478500.0,30,0,37,22.7,0,1,0
TX001958,P100,Nordic Agro,670,3,200300.0,30,0,14,12.0,1,1,0
TX001959,P064,Zenith Chemicals,656,4,38100.0,90,1,44,7.4,0,0,0
TX001960,P116,Aurora Materials,661,3,32600.0,30,2,55,10.2,1,1,0
TX001961,P028,Pacific Global,647,2,85900.0,60,1,51,14.6,0,1,0
TX001962,P098,Marina Agro,660,3,22000.0,30,1,57,17.1,0,0,0
TX001963,P104,Summit Energy,826,2,338100.0,60,1,41,22.1,0,0,0
TX001964,P009,Falcon Global,644,3,28700.0,60,1,51,8.7,1,0,0
TX001965,P036,Prime Trading,766,1,273200.0,0,0,40,23.0,0,1,0
TX001966,P041,Falcon Industries,637,3,36300.0,60,1,63,7.0,0,0,1
TX001967,P014,Orient Global,818,1,360200.0,60,0,44,18.7,0,1,0
TX001968,P095,Meridian Trading,808,2,291300.0,30,0,44,19.6,0,0,0
TX001969,P061,Harbor Metals,635,2,36600.0,0,2,58,14.8,0,1,0
TX001970,P110,Meridian Energy,802,1,254400.0,0,0,50,23.8,1,0,0
TX001971,P018,Marina Global,637,3,28500.0,90,1,58,14.9,0,1,1
TX001972,P006,Harbor Agro,696,3,116600.0,90,2,28,4.1,0,1,1
TX001973,P070,Crest Metals,829,1,443200.0,90,0,45,22.6,0,1,0
TX001974,P037,Nordic Global,682,3,37200.0,0,2,45,14.9,0,0,0
TX001975,P046,Vega Agro,612,4,42100.0,0,2,56,9.4,0,0,0
TX001976,P011,Corona Industries,671,3,134000.0,30,0,20,10.8,0,0,1
TX001977,P036,Prime Trading,774,1,193900.0,60,0,40,24.0,0,0,0
TX001978,P026,Summit Materials,746,3,169500.0,30,0,31,8.9,0,1,0
TX001979,P094,Union Chemicals,775,1,751200.0,0,0,48,16.1,1,0,0
TX001980,P067,Vega Materials,796,2,481900.0,0,0,51,22.8,0,0,0
TX001981,P025,Crest Industries,715,2,273800.0,90,0,14,6.2,1,0,0
TX001982,P117,Falcon Energy,685,2,58600.0,60,1,50,7.5,1,0,0
TX001983,P003,Delta Materials,798,1,561900.0,60,2,41,20.4,0,0,0
TX001984,P043,Atlas Chemicals,802,2,517300.0,30,0,46,21.3,1,1,0
TX001985,P022,Sierra Metals,862,2,227200.0,60,1,46,21.6,0,0,0
TX001986,P093,Union Global,831,2,539200.0,60,1,52,20.2,1,0,0
TX001987,P029,Atlas Global,447,5,182900.0,60,2,8,0.8,1,1,0
TX001988,P075,Marina Industries,586,3,28200.0,30,1,49,12.6,0,0,0
TX001989,P034,Union Trading,742,2,287300.0,60,0,54,18.5,1,0,0
TX001990,P070,Crest Metals,828,1,646700.0,90,0,45,23.6,1,1,0
TX001991,P114,Corona Logistics,742,1,392800.0,30,1,52,18.4,1,0,0
TX001992,P015,Crest Materials,773,1,441200.0,30,0,34,25.1,0,1,0
TX001993,P051,Union Energy,677,3,71800.0,30,1,51,11.0,1,0,0
TX001994,P068,Cobalt Trading,689,4,238100.0,60,0,21,1.0,0,0,1
TX001995,P104,Summit Energy,809,2,484000.0,30,1,41,21.5,1,0,0
TX001996,P104,Summit Energy,827,2,438000.0,30,1,41,23.1,1,0,0
TX001997,P006,Harbor Agro,701,3,133600.0,60,0,28,5.7,0,1,0
TX001998,P069,Sierra Global,655,2,161500.0,60,2,31,3.4,0,1,0
TX001999,P078,Pacific Materials,816,1,395900.0,0,0,37,21.5,0,0,0
TX002000,P114,Corona Logistics,768,1,351800.0,90,0,52,19.4,1,0,0
TX002001,P107,Prime Metals,803,2,102800.0,0,0,47,22.8,0,1,0
TX002002,P118,Pacific Chemicals,766,1,312700.0,30,0,44,26.0,1,0,0
TX002003,P092,Falcon Metals,663,2,63000.0,90,2,47,16.2,0,0,1
TX002004,P106,Prime Industries,711,2,175600.0,0,2,20,8.8,1,1,0
TX002005,P092,Falcon Metals,684,2,29100.0,30,1,47,16.6,0,0,0
TX002006,P022,Sierra Metals,836,2,173200.0,60,1,46,21.6,0,0,0
TX002007,P088,Falcon Trading,596,3,46800.0,30,1,43,12.3,0,0,0
TX002008,P006,Harbor Agro,694,3,144600.0,30,1,28,5.1,1,0,0
TX002009,P092,Falcon Metals,677,2,33200.0,30,1,47,16.3,0,0,0
TX002010,P042,Corona Power,732,3,132900.0,90,1,25,11.9,1,0,0
TX002011,P078,Pacific Materials,815,1,476800.0,60,0,37,22.8,1,0,0
TX002012,P095,Meridian Trading,801,2,212700.0,30,0,44,20.1,0,1,0
TX002013,P108,Orient Power,691,3,24900.0,0,1,41,11.4,1,1,0
TX002014,P107,Prime Metals,804,2,169700.0,30,0,47,22.9,0,0,0
TX002015,P018,Marina Global,666,3,55800.0,90,1,58,15.0,1,1,0
TX002016,P046,Vega Agro,637,4,70600.0,60,1,56,9.2,0,0,0
TX002017,P095,Meridian Trading,825,2,367400.0,30,0,44,20.2,0,1,0
TX002018,P074,Aurora Logistics,446,5,239100.0,60,3,7,7.6,1,1,1
TX002019,P013,Orient Logistics,750,2,216600.0,0,2,37,18.3,0,1,0
TX002020,P046,Vega Agro,640,4,45900.0,60,0,56,10.2,0,1,1
TX002021,P061,Harbor Metals,661,2,51900.0,90,3,58,15.1,0,0,0
TX002022,P051,Union Energy,683,3,92100.0,60,0,51,10.2,0,0,0
TX002023,P076,Nordic Materials,628,3,70700.0,90,0,58,12.4,1,0,0
TX002024,P066,Orient Energy,607,3,85300.0,30,2,54,5.5,0,0,1
TX002025,P069,Sierra Global,653,2,86200.0,30,1,31,4.3,0,1,0
TX002026,P012,Prime Power,629,2,39300.0,90,1,60,4.0,0,1,0
TX002027,P094,Union Chemicals,777,1,913000.0,0,0,48,17.0,0,1,0
TX002028,P093,Union Global,818,2,497000.0,30,1,52,20.6,0,0,0
TX002029,P023,Sierra Trading,480,4,86500.0,30,3,19,4.7,0,1,1
TX002030,P078,Pacific Materials,808,1,473300.0,60,0,37,22.7,1,0,0
TX002031,P010,Delta Chemicals,661,3,44800.0,30,0,51,10.8,1,1,0
TX002032,P002,Corona Agro,702,3,196700.0,30,1,25,3.0,0,1,0
TX002033,P113,Meridian Agro,625,3,60100.0,0,1,52,9.2,1,0,0
TX002034,P072,Meridian Logistics,649,3,48300.0,90,0,51,9.2,0,0,0
TX002035,P061,Harbor Metals,657,2,49000.0,90,1,58,14.6,1,0,0
TX002036,P105,Prime Logistics,502,4,78100.0,90,3,12,2.2,0,0,1
TX002037,P069,Sierra Global,649,2,89500.0,60,1,31,3.8,0,1,0
TX002038,P095,Meridian Trading,813,2,358500.0,30,1,44,20.4,0,1,0
TX002039,P120,Orient Chemicals,647,2,56200.0,60,0,50,12.8,0,1,0
TX002040,P089,Golden Power,806,1,250100.0,30,0,45,25.3,0,0,0
TX002041,P037,Nordic Global,659,3,57400.0,90,1,45,14.0,0,0,1
TX002042,P102,Falcon Power,790,1,313800.0,60,0,49,22.8,0,0,0
TX002043,P068,Cobalt Trading,698,4,234900.0,30,0,21,0.8,1,1,0
TX002044,P096,Prime Materials,792,2,464900.0,60,0,50,22.9,0,0,0
TX002045,P107,Prime Metals,803,2,225800.0,90,0,47,23.2,1,0,0
TX002046,P073,Vega Metals,678,2,127800.0,60,2,23,10.3,0,0,1
TX002047,P107,Prime Metals,771,2,209400.0,30,1,47,23.2,0,1,0
TX002048,P061,Harbor Metals,648,2,55900.0,30,2,58,14.8,0,0,0
TX002049,P079,Golden Agro,669,2,47700.0,90,0,54,13.2,0,0,1
TX002050,P102,Falcon Power,782,1,260500.0,0,0,49,22.6,0,0,0
TX002051,P015,Crest Materials,774,1,515600.0,30,0,34,24.1,1,1,0
TX002052,P049,Orient Trading,498,4,162800.0,60,5,9,6.4,0,1,1
TX002053,P047,Pacific Metals,680,3,112200.0,60,1,11,6.3,1,0,0
TX002054,P089,Golden Power,809,1,362400.0,60,0,45,25.2,0,1,0
TX002055,P118,Pacific Chemicals,791,1,254700.0,60,0,44,26.7,1,0,0
TX002056,P055,Delta Energy,678,3,41100.0,0,2,53,9.6,0,1,0
TX002057,P031,Vega Power,785,2,447200.0,0,1,38,16.4,0,1,0
TX002058,P032,Cobalt Logistics,699,3,60800.0,30,1,23,4.5,1,0,1
TX002059,P061,Harbor Metals,629,2,62000.0,30,2,58,13.9,0,0,0
TX002060,P007,Cairo Grid Co,527,4,197400.0,0,3,19,1.5,0,0,1
TX002061,P112,Orient Materials,812,1,223000.0,60,0,45,23.3,0,1,0
TX002062,P071,Golden Metals,804,1,445800.0,90,0,47,27.0,0,0,0
TX002063,P058,Zenith Logistics,735,3,276800.0,60,0,19,8.1,1,1,0
TX002064,P084,Meridian Metals,770,1,135900.0,30,0,45,24.1,0,1,0
TX002065,P040,Union Power,717,3,120800.0,30,2,15,4.1,1,0,0
TX002066,P016,Aurora Energy,797,1,282700.0,0,0,45,27.5,0,0,0
TX002067,P005,Zenith Trading,616,3,29500.0,0,1,56,18.0,0,0,0
TX002068,P065,Crest Global,689,2,123600.0,30,0,15,13.4,0,1,0
TX002069,P056,Union Agro,693,2,369200.0,30,0,22,8.3,1,1,0
TX002070,P077,Corona Energy,819,2,317000.0,60,0,37,18.7,0,1,0
TX002071,P005,Zenith Trading,629,3,60400.0,60,1,56,18.8,0,0,0
TX002072,P014,Orient Global,800,1,529200.0,90,0,44,18.7,0,0,0
TX002073,P088,Falcon Trading,614,3,38000.0,30,2,43,12.3,0,1,1
TX002074,P063,Prime Agro,482,4,221300.0,60,2,13,1.1,0,0,1
TX002075,P094,Union Chemicals,789,1,743300.0,30,1,48,15.7,1,0,0
TX002076,P054,Golden Global,650,3,33400.0,30,1,58,15.7,0,0,0
TX002077,P064,Zenith Chemicals,661,4,51900.0,60,1,44,7.4,0,1,0
TX002078,P114,Corona Logistics,751,1,355100.0,0,0,52,19.8,1,1,0
TX002079,P106,Prime Industries,720,2,174500.0,0,3,20,8.1,0,0,0
TX002080,P015,Crest Materials,776,1,544300.0,0,0,34,23.6,1,0,0
TX002081,P068,Cobalt Trading,705,4,418100.0,30,0,21,0.5,1,0,0
TX002082,P074,Aurora Logistics,471,5,149400.0,0,3,7,8.1,1,1,1
TX002083,P064,Zenith Chemicals,672,4,36200.0,30,1,44,8.2,0,1,0
TX002084,P113,Meridian Agro,621,3,39100.0,90,1,52,8.7,0,1,0
TX002085,P109,Delta Trading,817,1,240400.0,30,0,40,23.2,1,0,0
TX002086,P005,Zenith Trading,623,3,26400.0,30,1,56,17.7,1,1,0
TX002087,P067,Vega Materials,789,2,367000.0,30,0,51,22.2,0,0,0
TX002088,P117,Falcon Energy,681,2,67300.0,0,1,50,8.0,0,0,0
TX002089,P016,Aurora Energy,809,1,289600.0,60,0,45,27.1,1,1,0
TX002090,P079,Golden Agro,662,2,39000.0,0,0,54,13.2,0,0,0
TX002091,P012,Prime Power,620,2,35600.0,90,0,60,3.9,0,1,0
TX002092,P010,Delta Chemicals,665,3,39400.0,0,0,51,9.9,0,1,1
TX002093,P062,Aurora Industries,674,3,84000.0,60,1,33,8.1,0,0,1
TX002094,P062,Aurora Industries,677,3,73700.0,30,1,33,9.8,1,1,0
TX002095,P075,Marina Industries,616,3,23200.0,30,1,49,11.5,0,1,1
TX002096,P077,Corona Energy,800,2,403000.0,0,1,37,18.8,1,1,0
TX002097,P035,Sierra Materials,640,3,61800.0,0,1,66,9.8,0,0,0
TX002098,P028,Pacific Global,633,2,57900.0,30,1,51,14.1,0,1,0
TX002099,P003,Delta Materials,838,1,442300.0,30,1,41,19.8,0,1,0
TX002100,P014,Orient Global,805,1,359400.0,0,2,44,17.9,0,1,0
TX002101,P102,Falcon Power,784,1,155600.0,30,0,49,21.7,0,0,0
TX002102,P115,Vega Trading,685,2,118600.0,60,1,20,8.2,0,0,0
TX002103,P096,Prime Materials,796,2,983600.0,60,0,50,24.2,0,0,0
TX002104,P095,Meridian Trading,820,2,172200.0,90,1,44,20.3,0,0,0
TX002105,P062,Aurora Industries,693,3,83800.0,60,1,33,8.1,0,1,0
TX002106,P113,Meridian Agro,611,3,36200.0,30,1,52,8.7,0,1,0
TX002107,P013,Orient Logistics,755,2,239400.0,30,0,37,18.4,0,0,0
TX002108,P112,Orient Materials,797,1,322500.0,60,0,45,24.4,0,0,0
TX002109,P097,Marina Chemicals,804,2,309400.0,60,1,35,19.1,0,0,0
TX002110,P073,Vega Metals,701,2,233900.0,90,1,23,9.7,0,0,0
TX002111,P116,Aurora Materials,666,3,43300.0,30,3,55,9.3,1,1,0
TX002112,P092,Falcon Metals,681,2,68000.0,90,1,47,16.3,0,0,1
TX002113,P093,Union Global,855,2,390000.0,30,1,52,20.8,1,1,0
TX002114,P093,Union Global,845,2,297200.0,60,2,52,20.9,0,0,0
TX002115,P117,Falcon Energy,657,2,35700.0,30,1,50,7.9,0,1,0
TX002116,P002,Corona Agro,701,3,150400.0,0,1,25,3.1,0,0,1
TX002117,P114,Corona Logistics,757,1,478700.0,60,0,52,19.2,0,0,0
TX002118,P022,Sierra Metals,854,2,172700.0,30,2,46,21.5,0,0,0
TX002119,P038,Marina Logistics,525,5,105600.0,60,1,14,4.3,0,0,1
TX002120,P006,Harbor Agro,710,3,193200.0,60,0,28,5.5,0,1,0
TX002121,P109,Delta Trading,831,1,271900.0,0,0,40,23.9,0,1,0
TX002122,P085,Pacific Agro,670,3,53300.0,60,1,55,15.8,0,1,1
TX002123,P098,Marina Agro,632,3,51500.0,30,1,57,17.2,1,1,0
TX002124,P006,Harbor Agro,692,3,136800.0,90,0,28,5.3,0,1,1
TX002125,P089,Golden Power,826,1,477900.0,90,0,45,24.6,0,0,0
TX002126,P059,Falcon Materials,701,2,215300.0,0,2,21,9.3,0,0,0
TX002127,P001,Delta Power,726,2,143400.0,30,0,19,3.5,1,0,0
TX002128,P078,Pacific Materials,810,1,283500.0,30,0,37,23.2,1,1,0
TX002129,P045,Meridian Materials,678,4,54400.0,30,1,51,10.5,0,1,0
TX002130,P120,Orient Chemicals,629,2,46600.0,30,0,50,13.0,0,1,0
TX002131,P027,Summit Power,717,3,66600.0,60,0,21,3.3,0,0,0
TX002132,P101,Aurora Agro,695,3,89400.0,0,0,12,7.1,0,1,0
TX002133,P046,Vega Agro,632,4,31200.0,30,0,56,10.7,0,1,1
TX002134,P106,Prime Industries,714,2,148200.0,60,2,20,8.3,0,0,0
TX002135,P051,Union Energy,690,3,69700.0,30,0,51,11.1,0,0,0
TX002136,P059,Falcon Materials,698,2,209000.0,30,2,21,8.5,0,0,0
TX002137,P066,Orient Energy,592,3,49400.0,60,1,54,6.2,0,1,0
TX002138,P110,Meridian Energy,791,1,188200.0,60,1,50,22.3,1,0,0
TX002139,P051,Union Energy,666,3,26400.0,30,1,51,10.7,0,1,0
TX002140,P117,Falcon Energy,681,2,70700.0,30,1,50,8.4,0,1,0
TX002141,P110,Meridian Energy,814,1,388200.0,30,0,50,23.5,1,0,0
TX002142,P120,Orient Chemicals,663,2,77700.0,0,0,50,13.7,0,0,0
TX002143,P107,Prime Metals,780,2,198100.0,0,1,47,22.7,1,1,0
TX002144,P115,Vega Trading,682,2,305000.0,60,0,20,6.9,0,1,0
TX002145,P114,Corona Logistics,743,1,194900.0,0,1,52,19.1,0,1,0
TX002146,P025,Crest Industries,693,2,306300.0,30,0,14,6.0,0,1,0
TX002147,P098,Marina Agro,647,3,51500.0,60,1,57,17.6,0,1,0
TX002148,P010,Delta Chemicals,695,3,54400.0,90,0,51,10.7,0,1,0
TX002149,P016,Aurora Energy,812,1,229300.0,0,0,45,26.8,0,0,0
TX002150,P067,Vega Materials,778,2,250000.0,30,0,51,21.4,0,0,0
TX002151,P056,Union Agro,703,2,221700.0,90,0,22,8.6,0,0,0
TX002152,P067,Vega Materials,800,2,446300.0,0,0,51,21.8,1,0,0
TX002153,P110,Meridian Energy,794,1,217200.0,30,1,50,23.5,0,0,0
TX002154,P031,Vega Power,775,2,319500.0,90,1,38,17.2,0,1,0
TX002155,P116,Aurora Materials,679,3,41200.0,60,3,55,10.8,1,1,0
TX002156,P102,Falcon Power,775,1,352900.0,0,0,49,22.8,1,1,0
TX002157,P019,Cobalt Materials,449,4,88800.0,30,3,4,4.8,0,0,1
TX002158,P020,Corona Materials,676,3,49000.0,90,0,40,15.0,0,0,1
TX002159,P043,Atlas Chemicals,788,2,522800.0,30,1,46,21.5,0,0,0
TX002160,P010,Delta Chemicals,695,3,64300.0,30,0,51,10.5,0,0,0
TX002161,P050,Crest Chemicals,708,2,139800.0,60,1,14,3.0,0,0,1
TX002162,P092,Falcon Metals,664,2,36200.0,60,1,47,16.0,0,0,0
TX002163,P108,Orient Power,670,3,35400.0,30,0,41,12.0,1,0,0
TX002164,P061,Harbor Metals,656,2,63900.0,60,1,58,14.5,1,0,0
TX002165,P015,Crest Materials,775,1,409600.0,60,2,34,24.2,0,1,0
TX002166,P054,Golden Global,648,3,55900.0,30,1,58,17.0,0,0,0
TX002167,P118,Pacific Chemicals,771,1,326300.0,90,0,44,26.4,1,1,0
TX002168,P024,Zenith Energy,689,3,68100.0,60,0,16,8.9,0,1,0
TX002169,P014,Orient Global,804,1,402500.0,0,1,44,18.4,0,0,0
TX002170,P012,Prime Power,646,2,47000.0,0,0,60,4.6,0,0,0
TX002171,P097,Marina Chemicals,815,2,421200.0,60,1,35,19.1,0,0,0
TX002172,P090,Falcon Agro,845,2,399100.0,90,0,36,20.2,0,1,0
TX002173,P033,Delta Industries,693,2,90100.0,30,0,24,5.1,0,0,0
TX002174,P108,Orient Power,684,3,34500.0,60,0,41,11.9,0,1,0
TX002175,P084,Meridian Metals,757,1,389000.0,0,0,45,22.9,1,1,0
TX002176,P045,Meridian Materials,681,4,61100.0,30,1,51,10.4,0,0,0
TX002177,P055,Delta Energy,642,3,32900.0,60,2,53,11.8,0,1,0
TX002178,P017,Lagos Agro Ltd,499,4,89900.0,30,4,7,3.3,1,0,1
TX002179,P070,Crest Metals,828,1,508300.0,30,0,45,23.9,0,1,0
TX002180,P093,Union Global,839,2,374000.0,90,2,52,20.4,0,0,0
TX002181,P110,Meridian Energy,817,1,311100.0,60,0,50,22.2,0,1,0
TX002182,P014,Orient Global,819,1,928700.0,90,0,44,18.3,0,0,0
TX002183,P041,Falcon Industries,625,3,38900.0,30,1,63,6.3,0,0,0
TX002184,P031,Vega Power,746,2,835100.0,0,1,38,16.7,0,1,0
TX002185,P031,Vega Power,767,2,362800.0,60,0,38,16.7,0,0,0
TX002186,P009,Falcon Global,652,3,62000.0,60,1,51,9.0,0,1,0
TX002187,P075,Marina Industries,613,3,39200.0,0,1,49,11.9,1,0,0
TX002188,P059,Falcon Materials,680,2,218600.0,0,2,21,8.6,0,0,0
TX002189,P098,Marina Agro,666,3,46100.0,30,1,57,17.2,1,1,0
TX002190,P002,Corona Agro,702,3,161000.0,30,1,25,3.5,1,0,0
TX002191,P038,Marina Logistics,541,5,81500.0,60,1,14,4.4,0,0,1
TX002192,P022,Sierra Metals,871,2,145700.0,30,1,46,21.8,0,0,0
TX002193,P102,Falcon Power,770,1,349000.0,60,0,49,22.5,0,0,0
TX002194,P055,Delta Energy,689,3,36100.0,0,3,53,10.7,0,1,0
TX002195,P084,Meridian Metals,751,1,342300.0,30,0,45,22.9,0,0,0
TX002196,P022,Sierra Metals,849,2,134600.0,90,1,46,21.9,0,1,0
TX002197,P078,Pacific Materials,806,1,254700.0,0,0,37,23.5,0,0,0
TX002198,P014,Orient Global,813,1,537400.0,60,1,44,18.4,0,1,0
TX002199,P080,Harbor Global,526,4,116600.0,30,3,20,4.7,0,0,1
TX002200,P037,Nordic Global,656,3,40400.0,60,1,45,14.3,0,0,0
TX002201,P098,Marina Agro,638,3,35500.0,0,3,57,17.6,0,1,1
TX002202,P048,Orient Metals,615,2,46100.0,60,2,45,12.1,0,1,0
TX002203,P015,Crest Materials,778,1,568900.0,30,0,34,24.0,1,0,0
TX002204,P007,Cairo Grid Co,521,4,185200.0,30,3,19,1.3,0,1,1
TX002205,P020,Corona Materials,672,3,78700.0,90,0,40,15.0,0,1,1
TX002206,P055,Delta Energy,686,3,60200.0,0,2,53,10.4,0,1,0
TX002207,P061,Harbor Metals,643,2,67200.0,30,1,58,15.0,0,0,0
TX002208,P055,Delta Energy,699,3,27000.0,0,2,53,10.8,0,0,0
TX002209,P041,Falcon Industries,641,3,60100.0,60,2,63,7.4,0,0,1
TX002210,P077,Corona Energy,789,2,378200.0,90,0,37,18.3,1,0,0
TX002211,P015,Crest Materials,772,1,503100.0,60,1,34,24.0,1,1,0
TX002212,P101,Aurora Agro,691,3,147700.0,60,0,12,6.6,0,1,0
TX002213,P014,Orient Global,811,1,182200.0,0,0,44,17.2,0,0,0
TX002214,P089,Golden Power,799,1,191700.0,30,0,45,24.4,0,0,0
TX002215,P095,Meridian Trading,816,2,316800.0,60,1,44,19.9,1,1,0
TX002216,P041,Falcon Industries,601,3,41700.0,60,1,63,6.3,0,0,1
TX002217,P031,Vega Power,766,2,591800.0,0,0,38,17.7,0,0,0
TX002218,P071,Golden Metals,799,1,367900.0,30,0,47,27.2,0,1,0
TX002219,P035,Sierra Materials,658,3,46600.0,60,1,66,9.9,0,1,0
TX002220,P109,Delta Trading,803,1,270700.0,30,1,40,24.1,0,1,0
TX002221,P045,Meridian Materials,678,4,92500.0,0,2,51,11.1,0,0,0
TX002222,P018,Marina Global,647,3,64900.0,60,1,58,15.1,0,0,0
TX002223,P009,Falcon Global,631,3,23500.0,30,1,51,8.7,0,0,0
TX002224,P039,Nordic Chemicals,466,4,119500.0,30,3,12,7.6,1,1,1
TX002225,P092,Falcon Metals,681,2,58100.0,0,2,47,16.0,0,1,0
TX002226,P113,Meridian Agro,589,3,46500.0,30,2,52,8.2,0,0,1
TX002227,P007,Cairo Grid Co,531,4,191900.0,60,3,19,0.9,0,0,1
TX002228,P003,Delta Materials,835,1,352700.0,0,2,41,20.2,0,0,0
TX002229,P067,Vega Materials,787,2,316400.0,60,0,51,22.0,0,1,0
TX002230,P120,Orient Chemicals,626,2,73900.0,30,0,50,12.9,0,0,0
TX002231,P115,Vega Trading,683,2,153400.0,30,1,20,7.3,0,0,0
TX002232,P066,Orient Energy,615,3,40000.0,0,1,54,5.6,0,1,1
TX002233,P096,Prime Materials,798,2,384500.0,30,0,50,23.6,0,1,0
TX002234,P078,Pacific Materials,834,1,404100.0,60,0,37,23.5,1,1,0
TX002235,P115,Vega Trading,698,2,165600.0,60,0,20,8.2,0,0,0
TX002236,P009,Falcon Global,622,3,45700.0,30,2,51,8.7,1,0,0
TX002237,P073,Vega Metals,688,2,140200.0,30,3,23,9.9,0,0,0
TX002238,P022,Sierra Metals,856,2,396000.0,30,1,46,21.6,1,0,0
TX002239,P045,Meridian Materials,669,4,55200.0,30,2,51,10.4,0,0,1
TX002240,P034,Union Trading,764,2,512300.0,30,1,54,18.5,1,0,0
TX002241,P106,Prime Industries,705,2,122400.0,0,2,20,8.3,0,1,0
TX002242,P096,Prime Materials,784,2,517000.0,60,0,50,22.1,0,0,0
TX002243,P092,Falcon Metals,679,2,43300.0,60,1,47,15.3,0,1,0
TX002244,P064,Zenith Chemicals,661,4,23100.0,90,1,44,7.4,0,0,1
TX002245,P120,Orient Chemicals,653,2,40300.0,90,1,50,13.1,0,0,0
TX002246,P120,Orient Chemicals,651,2,67100.0,30,0,50,13.6,0,1,1
TX002247,P075,Marina Industries,594,3,41600.0,30,1,49,11.7,0,0,0
TX002248,P001,Delta Power,699,2,103300.0,60,1,19,2.4,1,0,0
TX002249,P094,Union Chemicals,777,1,416900.0,60,0,48,16.3,1,0,0
TX002250,P116,Aurora Materials,673,3,44100.0,30,2,55,10.4,0,0,0
TX002251,P117,Falcon Energy,654,2,62800.0,0,1,50,8.0,0,1,0
TX002252,P034,Union Trading,740,2,283700.0,60,1,54,17.9,0,0,0
TX002253,P022,Sierra Metals,861,2,199700.0,60,3,46,21.4,0,1,0
TX002254,P026,Summit Materials,742,3,123600.0,30,0,31,9.2,0,1,0
TX002255,P113,Meridian Agro,599,3,41300.0,60,1,52,8.0,0,1,0
TX002256,P067,Vega Materials,777,2,295600.0,60,0,51,21.1,1,0,0
TX002257,P065,Crest Global,689,2,184300.0,60,2,15,13.4,1,0,0
TX002258,P042,Corona Power,731,3,135800.0,30,0,25,11.6,0,0,0
TX002259,P084,Meridian Metals,767,1,271200.0,30,0,45,23.4,0,0,1
TX002260,P034,Union Trading,751,2,429600.0,0,2,54,18.6,0,0,0
TX002261,P029,Atlas Global,441,5,156300.0,30,2,8,1.5,1,0,1
TX002262,P058,Zenith Logistics,728,3,181300.0,60,0,19,7.8,0,0,0
TX002263,P081,Vega Industries,513,4,62800.0,90,3,6,6.7,1,0,1
TX002264,P061,Harbor Metals,674,2,55300.0,60,2,58,15.1,0,1,0
TX002265,P005,Zenith Trading,611,3,53500.0,60,2,56,18.0,1,0,1
TX002266,P066,Orient Energy,619,3,52000.0,0,1,54,5.9,0,0,0
TX002267,P076,Nordic Materials,598,3,66900.0,90,1,58,11.8,1,1,0
TX002268,P061,Harbor Metals,653,2,30100.0,60,1,58,14.8,1,1,0
TX002269,P024,Zenith Energy,717,3,136600.0,60,0,16,8.1,0,0,0
TX002270,P092,Falcon Metals,677,2,42000.0,60,2,47,15.7,0,1,0
TX002271,P010,Delta Chemicals,674,3,45500.0,0,0,51,11.0,1,0,0
TX002272,P098,Marina Agro,658,3,43400.0,30,2,57,17.0,0,0,0
TX002273,P066,Orient Energy,619,3,53900.0,60,1,54,6.3,0,0,0
TX002274,P016,Aurora Energy,816,1,225000.0,30,1,45,27.2,1,0,0
TX002275,P045,Meridian Materials,675,4,118300.0,60,1,51,9.9,0,0,0
TX002276,P003,Delta Materials,827,1,245100.0,90,1,41,20.6,0,1,0
TX002277,P097,Marina Chemicals,780,2,559300.0,90,1,35,19.8,0,1,0
TX002278,P102,Falcon Power,753,1,290100.0,0,1,49,22.8,0,1,0
TX002279,P041,Falcon Industries,611,3,54600.0,30,1,63,6.5,0,1,1
TX002280,P108,Orient Power,708,3,23900.0,0,0,41,12.3,0,1,0
TX002281,P041,Falcon Industries,642,3,25000.0,30,1,63,6.1,0,0,0
TX002282,P066,Orient Energy,606,3,69300.0,30,1,54,6.0,0,0,1
TX002283,P037,Nordic Global,688,3,57000.0,0,1,45,13.6,0,0,0
TX002284,P003,Delta Materials,851,1,602000.0,30,1,41,20.1,0,0,0
TX002285,P072,Meridian Logistics,616,3,50700.0,0,1,51,8.3,0,0,0
TX002286,P065,Crest Global,702,2,92000.0,0,0,15,13.2,0,0,0
TX002287,P118,Pacific Chemicals,771,1,289800.0,30,1,44,27.1,1,0,0
TX002288,P066,Orient Energy,612,3,60000.0,30,2,54,6.2,0,1,1
TX002289,P012,Prime Power,642,2,28000.0,60,0,60,4.5,0,0,0
TX002290,P070,Crest Metals,815,1,437700.0,30,0,45,24.3,0,0,0
TX002291,P020,Corona Materials,683,3,81300.0,0,1,40,15.0,0,1,0
TX002292,P073,Vega Metals,693,2,341900.0,90,1,23,10.8,0,0,0
TX002293,P046,Vega Agro,636,4,43000.0,0,1,56,10.2,0,1,0
TX002294,P012,Prime Power,628,2,65100.0,60,0,60,5.6,0,0,0
TX002295,P115,Vega Trading,703,2,167900.0,90,0,20,8.6,0,1,0
TX002296,P035,Sierra Materials,683,3,41200.0,30,1,66,8.8,1,1,0
TX002297,P090,Falcon Agro,824,2,269000.0,30,0,36,20.6,0,1,0
TX002298,P056,Union Agro,709,2,122400.0,30,1,22,7.8,0,0,0
TX002299,P095,Meridian Trading,791,2,204400.0,0,1,44,20.6,0,0,0
TX002300,P062,Aurora Industries,682,3,161700.0,60,1,33,8.5,0,1,0
TX002301,P002,Corona Agro,698,3,112800.0,30,1,25,3.8,1,0,0
TX002302,P065,Crest Global,705,2,151300.0,30,0,15,13.5,1,0,0
TX002303,P041,Falcon Industries,621,3,33900.0,60,2,63,6.6,0,1,1
TX002304,P002,Corona Agro,690,3,250700.0,90,1,25,2.6,0,1,0
TX002305,P091,Nordic Trading,862,2,321100.0,90,0,45,20.6,0,0,0
TX002306,P084,Meridian Metals,765,1,168100.0,60,0,45,23.0,0,0,0
TX002307,P098,Marina Agro,659,3,32200.0,60,1,57,18.0,0,0,0
TX002308,P003,Delta Materials,829,1,477200.0,0,1,41,20.1,1,0,0
TX002309,P053,Summit Global,744,3,130000.0,60,0,14,10.5,0,0,0
TX002310,P036,Prime Trading,743,1,145300.0,90,1,40,23.3,0,1,0
TX002311,P016,Aurora Energy,811,1,276400.0,0,0,45,26.4,1,1,0
TX002312,P011,Corona Industries,683,3,156600.0,60,0,20,10.9,1,0,0
TX002313,P015,Crest Materials,762,1,316500.0,60,0,34,25.0,0,1,0
TX002314,P094,Union Chemicals,803,1,729000.0,60,0,48,16.5,1,1,0
TX002315,P048,Orient Metals,609,2,36800.0,60,1,45,11.5,0,0,0
TX002316,P035,Sierra Materials,668,3,31100.0,90,1,66,9.7,0,0,0
TX002317,P105,Prime Logistics,492,4,90500.0,60,3,12,3.5,0,0,1
TX002318,P112,Orient Materials,811,1,333400.0,30,0,45,24.1,0,0,1
TX002319,P095,Meridian Trading,819,2,317400.0,30,0,44,20.0,0,1,0
TX002320,P054,Golden Global,669,3,58700.0,0,3,58,16.8,0,0,1
TX002321,P003,Delta Materials,840,1,191300.0,90,1,41,20.9,0,1,0
TX002322,P079,Golden Agro,664,2,25600.0,60,0,54,13.1,1,1,0
TX002323,P064,Zenith Chemicals,628,4,41400.0,30,1,44,6.9,0,0,0
TX002324,P092,Falcon Metals,691,2,59100.0,90,1,47,15.7,0,0,1
TX002325,P041,Falcon Industries,656,3,39300.0,60,1,63,6.9,1,0,1
TX002326,P107,Prime Metals,803,2,199800.0,60,0,47,23.1,0,0,0
TX002327,P078,Pacific Materials,823,1,547700.0,30,0,37,22.9,0,0,0
TX002328,P119,Meridian Chemicals,674,1,178100.0,0,1,25,11.6,0,0,0
TX002329,P028,Pacific Global,626,2,53300.0,90,1,51,14.9,1,1,0
TX002330,P077,Corona Energy,806,2,566800.0,0,0,37,18.0,0,1,0
TX002331,P036,Prime Trading,754,1,149300.0,30,1,40,22.9,0,0,0
TX002332,P096,Prime Materials,773,2,516400.0,0,0,50,23.8,1,0,0
TX002333,P081,Vega Industries,490,4,90200.0,60,2,6,5.7,0,1,1
TX002334,P088,Falcon Trading,618,3,108800.0,60,1,43,12.0,0,1,0
TX002335,P084,Meridian Metals,750,1,286400.0,60,0,45,22.3,0,0,0
TX002336,P100,Nordic Agro,673,3,182700.0,30,0,14,11.8,0,1,0
TX002337,P095,Meridian Trading,801,2,255400.0,90,0,44,20.8,0,1,0
TX002338,P091,Nordic Trading,879,2,227100.0,0,0,45,19.9,0,0,0
TX002339,P022,Sierra Metals,865,2,261100.0,0,1,46,21.5,0,1,0
TX002340,P116,Aurora Materials,628,3,31300.0,0,2,55,10.6,0,1,0
TX002341,P018,Marina Global,651,3,53500.0,0,1,58,15.4,1,1,0
TX002342,P064,Zenith Chemicals,669,4,24100.0,90,1,44,6.9,1,0,0
TX002343,P079,Golden Agro,658,2,41400.0,60,0,54,12.9,0,1,0
TX002344,P098,Marina Agro,660,3,29700.0,0,1,57,17.9,0,0,0
TX002345,P051,Union Energy,691,3,85100.0,60,1,51,10.7,1,1,0
TX002346,P005,Zenith Trading,615,3,40200.0,30,1,56,17.2,0,0,0
TX002347,P015,Crest Materials,782,1,360500.0,60,0,34,24.0,0,0,0
TX002348,P048,Orient Metals,617,2,36700.0,30,2,45,11.7,1,1,0
TX002349,P116,Aurora Materials,644,3,33300.0,30,3,55,10.2,0,0,1
TX002350,P070,Crest Metals,829,1,668200.0,60,0,45,23.7,0,0,0
TX002351,P116,Aurora Materials,672,3,38200.0,0,3,55,10.5,1,0,0
TX002352,P059,Falcon Materials,668,2,162500.0,90,3,21,9.7,0,0,0
TX002353,P066,Orient Energy,628,3,47800.0,30,2,54,5.6,1,1,0
TX002354,P029,Atlas Global,432,5,400200.0,30,2,8,0.6,0,1,1
TX002355,P007,Cairo Grid Co,492,4,194000.0,0,3,19,1.1,0,0,1
TX002356,P118,Pacific Chemicals,763,1,361300.0,0,0,44,26.0,1,0,0
TX002357,P046,Vega Agro,617,4,63900.0,0,0,56,10.0,0,0,0
TX002358,P012,Prime Power,624,2,53800.0,60,0,60,5.0,0,1,1
TX002359,P075,Marina Industries,610,3,27500.0,30,2,49,12.6,0,0,0
TX002360,P090,Falcon Agro,839,2,323000.0,60,1,36,20.0,0,0,0
TX002361,P067,Vega Materials,788,2,424000.0,30,0,51,21.7,0,0,0
TX002362,P078,Pacific Materials,809,1,374400.0,30,1,37,23.5,1,0,0
TX002363,P028,Pacific Global,635,2,89400.0,90,3,51,15.2,0,0,1
TX002364,P064,Zenith Chemicals,645,4,67100.0,90,1,44,7.8,0,0,0
TX002365,P035,Sierra Materials,649,3,36700.0,90,1,66,10.1,0,0,0
TX002366,P012,Prime Power,645,2,46500.0,30,0,60,4.7,0,1,0
TX002367,P097,Marina Chemicals,816,2,361800.0,0,3,35,18.8,1,1,0
TX002368,P050,Crest Chemicals,681,2,128800.0,30,1,14,2.7,0,1,0
TX002369,P079,Golden Agro,686,2,29100.0,60,0,54,12.7,1,0,0
TX002370,P075,Marina Industries,584,3,26500.0,0,1,49,13.1,0,1,0
TX002371,P113,Meridian Agro,594,3,69800.0,90,1,52,8.8,0,0,1
TX002372,P120,Orient Chemicals,633,2,65000.0,30,0,50,12.0,0,0,0
TX002373,P048,Orient Metals,637,2,34500.0,90,1,45,12.5,0,0,1
TX002374,P055,Delta Energy,678,3,19600.0,30,2,53,10.5,0,1,0
TX002375,P066,Orient Energy,635,3,48000.0,0,1,54,5.6,0,1,0
TX002376,P051,Union Energy,682,3,68400.0,30,0,51,11.1,0,0,0
TX002377,P107,Prime Metals,804,2,198400.0,30,2,47,23.4,1,1,0
TX002378,P054,Golden Global,653,3,30900.0,0,2,58,16.5,1,1,0
TX002379,P085,Pacific Agro,699,3,47600.0,60,2,55,16.5,1,0,0
TX002380,P088,Falcon Trading,599,3,48400.0,0,1,43,11.6,0,0,0
TX002381,P098,Marina Agro,654,3,32800.0,30,1,57,17.8,0,0,0
TX002382,P071,Golden Metals,796,1,203800.0,30,0,47,26.7,0,0,1
TX002383,P084,Meridian Metals,759,1,187600.0,30,0,45,23.2,1,1,0
TX002384,P051,Union Energy,680,3,75400.0,30,1,51,11.0,0,1,1
TX002385,P116,Aurora Materials,649,3,76400.0,30,3,55,10.4,0,1,0
TX002386,P043,Atlas Chemicals,806,2,429200.0,0,0,46,21.1,0,0,0
TX002387,P107,Prime Metals,799,2,200300.0,30,0,47,23.6,0,0,0
TX002388,P117,Falcon Energy,666,2,41700.0,60,1,50,7.6,0,1,0
TX002389,P051,Union Energy,667,3,42800.0,60,0,51,11.5,0,1,0
TX002390,P009,Falcon Global,628,3,34100.0,0,1,51,8.5,1,0,0
TX002391,P043,Atlas Chemicals,813,2,369400.0,30,0,46,22.7,0,0,0
TX002392,P051,Union Energy,665,3,89700.0,0,0,51,11.6,0,1,0
TX002393,P050,Crest Chemicals,680,2,111700.0,0,1,14,3.0,0,1,0
TX002394,P034,Union Trading,745,2,280100.0,0,0,54,18.2,1,0,0
TX002395,P054,Golden Global,644,3,29100.0,0,1,58,16.0,1,1,0
TX002396,P037,Nordic Global,681,3,39500.0,60,1,45,14.0,1,1,0
TX002397,P012,Prime Power,622,2,31600.0,0,0,60,4.7,0,0,0
TX002398,P108,Orient Power,687,3,52500.0,30,0,41,12.0,1,0,0
TX002399,P046,Vega Agro,630,4,56900.0,0,0,56,10.5,0,0,0
TX002400,P116,Aurora Materials,667,3,41100.0,30,2,55,9.0,0,0,1
TX002401,P041,Falcon Industries,638,3,45900.0,90,1,63,7.0,0,0,0
TX002402,P108,Orient Power,680,3,33800.0,0,0,41,12.0,0,1,1
TX002403,P085,Pacific Agro,677,3,32100.0,0,2,55,16.4,1,0,0
TX002404,P003,Delta Materials,848,1,240400.0,60,1,41,20.5,0,0,0
TX002405,P042,Corona Power,707,3,56500.0,0,1,25,12.4,1,0,0
TX002406,P076,Nordic Materials,616,3,37300.0,0,0,58,11.7,0,0,0
TX002407,P038,Marina Logistics,533,5,118400.0,60,1,14,4.7,0,0,0
TX002408,P061,Harbor Metals,639,2,58100.0,0,1,58,14.3,1,1,0
TX002409,P048,Orient Metals,631,2,52600.0,30,2,45,11.8,1,0,0
TX002410,P063,Prime Agro,489,4,147000.0,60,2,13,0.5,0,1,1
TX002411,P096,Prime Materials,787,2,680100.0,90,0,50,24.6,0,1,0
TX002412,P026,Summit Materials,721,3,145200.0,0,0,31,8.7,1,1,1
TX002413,P005,Zenith Trading,633,3,28400.0,30,1,56,18.1,0,0,0
TX002414,P106,Prime Industries,710,2,92500.0,60,2,20,8.7,1,1,0
TX002415,P118,Pacific Chemicals,790,1,198800.0,0,0,44,26.6,1,0,0
TX002416,P097,Marina Chemicals,822,2,351700.0,30,1,35,18.9,1,1,0
TX002417,P063,Prime Agro,468,4,125100.0,30,2,13,0.7,0,0,1
TX002418,P043,Atlas Chemicals,825,2,597300.0,30,0,46,21.8,1,0,0
TX002419,P018,Marina Global,641,3,41000.0,30,3,58,14.9,1,0,1
TX002420,P118,Pacific Chemicals,796,1,257500.0,60,0,44,27.2,0,0,0
TX002421,P046,Vega Agro,635,4,25400.0,0,0,56,9.8,0,1,0
TX002422,P010,Delta Chemicals,666,3,46000.0,0,0,51,10.7,1,1,0
TX002423,P120,Orient Chemicals,647,2,41900.0,0,1,50,12.9,1,1,0
TX002424,P094,Union Chemicals,773,1,566300.0,60,0,48,16.7,0,0,0
TX002425,P098,Marina Agro,659,3,29600.0,60,1,57,17.1,0,0,0
TX002426,P065,Crest Global,696,2,128500.0,60,0,15,13.7,1,0,1
TX002427,P091,Nordic Trading,848,2,186900.0,60,1,45,19.6,0,0,0
TX002428,P005,Zenith Trading,572,3,24900.0,60,1,56,18.9,1,1,0
TX002429,P036,Prime Trading,730,1,238000.0,30,0,40,23.0,0,1,0
TX002430,P093,Union Global,827,2,623500.0,30,1,52,20.8,1,0,0
TX002431,P041,Falcon Industries,635,3,33700.0,30,1,63,6.4,1,0,0
TX002432,P046,Vega Agro,635,4,36400.0,60,0,56,10.0,0,0,1
TX002433,P067,Vega Materials,789,2,794700.0,60,1,51,20.7,1,0,0
TX002434,P096,Prime Materials,794,2,831000.0,0,0,50,23.8,1,1,0
TX002435,P062,Aurora Industries,685,3,126800.0,0,1,33,8.6,0,0,0
TX002436,P062,Aurora Industries,686,3,141000.0,60,1,33,8.4,0,1,0
TX002437,P117,Falcon Energy,695,2,54100.0,30,1,50,7.3,0,1,0
TX002438,P007,Cairo Grid Co,505,4,122700.0,60,5,19,2.0,0,1,1
TX002439,P077,Corona Energy,814,2,661700.0,30,0,37,18.9,0,0,0
TX002440,P080,Harbor Global,529,4,108600.0,30,4,20,4.8,1,1,1
TX002441,P014,Orient Global,806,1,595800.0,0,0,44,18.4,0,1,0
TX002442,P075,Marina Industries,617,3,37400.0,60,1,49,12.1,0,0,0
TX002443,P109,Delta Trading,826,1,216700.0,0,1,40,23.4,0,1,0
TX002444,P061,Harbor Metals,648,2,43500.0,0,1,58,15.7,0,1,0
TX002445,P045,Meridian Materials,668,4,47100.0,90,1,51,10.7,1,0,1
TX002446,P082,Union Materials,675,3,165800.0,0,2,14,11.2,0,0,0
TX002447,P034,Union Trading,722,2,653200.0,30,0,54,18.6,0,1,0
TX002448,P003,Delta Materials,849,1,438300.0,0,2,41,21.5,0,0,0
TX002449,P071,Golden Metals,810,1,253200.0,0,0,47,27.5,0,1,0
TX002450,P104,Summit Energy,843,2,462000.0,60,3,41,21.8,1,0,0
TX002451,P016,Aurora Energy,831,1,337900.0,60,1,45,27.8,0,1,0
TX002452,P119,Meridian Chemicals,632,1,72100.0,60,2,25,12.3,0,0,1
TX002453,P053,Summit Global,746,3,160700.0,90,1,14,10.3,0,1,0
TX002454,P120,Orient Chemicals,651,2,66600.0,30,0,50,13.1,1,0,0
TX002455,P076,Nordic Materials,634,3,50700.0,90,0,58,11.5,1,1,0
TX002456,P075,Marina Industries,590,3,59600.0,60,1,49,12.5,0,0,1
TX002457,P051,Union Energy,670,3,74600.0,90,1,51,11.4,1,0,0
TX002458,P051,Union Energy,683,3,63500.0,0,0,51,11.0,1,0,0
TX002459,P101,Aurora Agro,698,3,115600.0,60,0,12,6.7,1,0,0
TX002460,P112,Orient Materials,825,1,246500.0,0,1,45,23.8,0,0,0
TX002461,P031,Vega Power,780,2,312000.0,60,0,38,16.6,1,0,0
TX002462,P001,Delta Power,696,2,90100.0,60,1,19,3.1,0,1,0
TX002463,P088,Falcon Trading,597,3,44000.0,30,1,43,12.6,0,1,0
TX002464,P046,Vega Agro,629,4,44700.0,0,0,56,10.0,0,0,0
TX002465,P023,Sierra Trading,479,4,158400.0,30,3,19,3.5,0,0,1
TX002466,P107,Prime Metals,783,2,157800.0,30,1,47,22.9,0,1,0
TX002467,P072,Meridian Logistics,678,3,57800.0,30,0,51,8.6,1,1,0
TX002468,P084,Meridian Metals,768,1,522400.0,30,1,45,23.6,0,0,0
TX002469,P107,Prime Metals,788,2,123300.0,60,1,47,22.4,0,0,0
TX002470,P051,Union Energy,669,3,73300.0,30,1,51,10.6,0,0,0
TX002471,P072,Meridian Logistics,658,3,59000.0,0,0,51,7.9,0,1,0
TX002472,P015,Crest Materials,787,1,516500.0,30,0,34,24.9,0,1,0
TX002473,P066,Orient Energy,642,3,21600.0,0,1,54,5.8,1,1,0
TX002474,P041,Falcon Industries,636,3,47400.0,90,4,63,6.6,0,0,1
TX002475,P102,Falcon Power,784,1,225200.0,90,0,49,21.7,0,1,0
TX002476,P092,Falcon Metals,681,2,49800.0,60,2,47,15.3,1,0,0
TX002477,P093,Union Global,829,2,541600.0,0,1,52,20.7,0,1,0
TX002478,P011,Corona Industries,666,3,204300.0,30,0,20,10.9,1,1,0
TX002479,P110,Meridian Energy,799,1,375000.0,60,0,50,23.4,0,1,0
TX002480,P104,Summit Energy,833,2,596600.0,30,1,41,21.7,0,0,0
TX002481,P054,Golden Global,646,3,49300.0,30,2,58,15.3,1,0,0
TX002482,P075,Marina Industries,601,3,48700.0,0,1,49,12.6,0,0,0
TX002483,P104,Summit Energy,828,2,427200.0,30,1,41,21.9,0,0,0
TX002484,P046,Vega Agro,627,4,40900.0,0,1,56,10.7,0,1,0
TX002485,P079,Golden Agro,680,2,41100.0,0,0,54,13.6,0,1,0
TX002486,P077,Corona Energy,815,2,739100.0,30,0,37,18.6,0,1,0
TX002487,P001,Delta Power,702,2,170100.0,60,1,19,2.7,0,1,0
TX002488,P088,Falcon Trading,611,3,66200.0,30,1,43,12.7,0,0,0
TX002489,P014,Orient Global,818,1,523400.0,60,0,44,18.7,0,0,0
TX002490,P071,Golden Metals,784,1,275900.0,60,0,47,27.4,0,0,0
TX002491,P002,Corona Agro,674,3,342000.0,60,1,25,3.9,0,0,1
TX002492,P109,Delta Trading,820,1,481100.0,60,2,40,23.6,0,0,0
TX002493,P107,Prime Metals,790,2,371100.0,60,1,47,22.6,1,0,0
TX002494,P045,Meridian Materials,680,4,47500.0,30,1,51,10.8,1,1,0
TX002495,P076,Nordic Materials,629,3,64600.0,0,0,58,11.8,0,0,1
TX002496,P041,Falcon Industries,622,3,52600.0,90,2,63,6.2,0,1,0
TX002497,P102,Falcon Power,791,1,215300.0,30,0,49,22.4,0,1,0
TX002498,P036,Prime Trading,766,1,314900.0,90,0,40,23.1,1,0,0
TX002499,P046,Vega Agro,645,4,80700.0,60,0,56,10.9,0,1,1
TX002500,P048,Orient Metals,599,2,32000.0,30,2,45,11.9,0,1,0
TX002501,P038,Marina Logistics,540,5,88100.0,30,1,14,3.6,0,0,1
TX002502,P067,Vega Materials,798,2,372000.0,60,0,51,21.5,0,1,0
TX002503,P116,Aurora Materials,653,3,46200.0,60,2,55,10.5,1,0,0
TX002504,P046,Vega Agro,623,4,25600.0,90,0,56,10.8,1,1,1
TX002505,P115,Vega Trading,677,2,254000.0,60,2,20,7.8,0,1,1
TX002506,P027,Summit Power,710,3,108600.0,60,1,21,3.7,1,0,0
TX002507,P093,Union Global,830,2,648700.0,90,2,52,21.0,0,1,0
TX002508,P087,Corona Metals,691,2,111300.0,30,1,19,12.4,1,0,1
TX002509,P088,Falcon Trading,613,3,44900.0,60,2,43,11.8,1,0,0
TX002510,P043,Atlas Chemicals,803,2,330100.0,60,1,46,21.7,1,0,0
TX002511,P086,Sierra Energy,455,4,58900.0,60,3,5,14.9,1,0,0
TX002512,P073,Vega Metals,697,2,186000.0,60,1,23,10.8,0,0,0
TX002513,P084,Meridian Metals,782,1,184600.0,0,0,45,22.7,0,0,0
TX002514,P045,Meridian Materials,692,4,106600.0,0,1,51,10.3,0,1,0
TX002515,P042,Corona Power,701,3,114100.0,60,0,25,12.5,0,0,0
TX002516,P043,Atlas Chemicals,810,2,412900.0,30,0,46,21.3,0,0,0
TX002517,P020,Corona Materials,664,3,99300.0,90,1,40,14.3,0,1,0
TX002518,P068,Cobalt Trading,705,4,322000.0,60,0,21,0.7,0,0,1
TX002519,P058,Zenith Logistics,714,3,195000.0,30,1,19,8.8,0,1,0
TX002520,P119,Meridian Chemicals,660,1,90400.0,90,1,25,12.0,1,0,0
TX002521,P034,Union Trading,752,2,564800.0,30,0,54,19.1,0,0,0
TX002522,P010,Delta Chemicals,689,3,73000.0,90,0,51,10.2,0,1,0
TX002523,P110,Meridian Energy,793,1,356200.0,60,0,50,23.0,0,0,0
TX002524,P009,Falcon Global,628,3,36000.0,60,2,51,8.5,1,1,0
TX002525,P098,Marina Agro,646,3,67800.0,0,1,57,17.1,0,0,1
TX002526,P116,Aurora Materials,655,3,26900.0,30,3,55,10.5,0,1,0
TX002527,P091,Nordic Trading,870,2,646300.0,90,0,45,19.8,0,1,0
TX002528,P011,Corona Industries,703,3,232200.0,30,0,20,10.3,0,1,0
TX002529,P061,Harbor Metals,682,2,45000.0,0,2,58,14.7,0,1,0
TX002530,P036,Prime Trading,769,1,213800.0,90,0,40,23.0,0,1,0
TX002531,P035,Sierra Materials,682,3,30400.0,60,1,66,9.8,1,0,0
TX002532,P079,Golden Agro,658,2,45300.0,0,2,54,13.3,0,1,0
TX002533,P091,Nordic Trading,844,2,285300.0,60,0,45,19.1,0,0,0
TX002534,P038,Marina Logistics,521,5,178700.0,30,2,14,4.7,1,0,0
TX002535,P005,Zenith Trading,596,3,51700.0,0,1,56,18.7,0,0,0
TX002536,P110,Meridian Energy,795,1,247000.0,30,2,50,22.6,0,0,0
TX002537,P016,Aurora Energy,806,1,196300.0,30,0,45,27.0,0,0,0
TX002538,P035,Sierra Materials,675,3,37500.0,30,1,66,9.5,0,0,0
TX002539,P063,Prime Agro,491,4,114900.0,0,3,13,1.1,1,0,1
TX002540,P045,Meridian Materials,712,4,36100.0,60,1,51,10.9,1,0,0
TX002541,P090,Falcon Agro,827,2,543800.0,0,0,36,21.1,0,1,0
TX002542,P021,Harbor Power,669,3,152200.0,60,1,15,12.6,1,0,0
TX002543,P114,Corona Logistics,746,1,705000.0,60,1,52,18.8,0,1,0
TX002544,P072,Meridian Logistics,641,3,60800.0,60,0,51,7.6,0,0,0
TX002545,P041,Falcon Industries,625,3,26400.0,60,1,63,6.4,1,0,0
TX002546,P010,Delta Chemicals,669,3,46100.0,0,0,51,10.2,1,0,0
TX002547,P074,Aurora Logistics,468,5,123800.0,90,3,7,6.8,0,0,1
TX002548,P107,Prime Metals,792,2,171000.0,60,0,47,22.8,1,1,0
TX002549,P034,Union Trading,754,2,282900.0,60,1,54,18.5,0,0,0
TX002550,P073,Vega Metals,695,2,244700.0,60,1,23,9.9,0,0,0
TX002551,P102,Falcon Power,777,1,274300.0,90,2,49,22.6,0,0,0
TX002552,P072,Meridian Logistics,639,3,46200.0,60,0,51,7.6,0,0,1
TX002553,P058,Zenith Logistics,715,3,202900.0,30,0,19,7.4,0,0,0
TX002554,P099,Aurora Global,680,1,195000.0,30,1,26,10.5,0,0,0
TX002555,P031,Vega Power,790,2,238300.0,60,0,38,16.6,0,0,0
TX002556,P031,Vega Power,773,2,214700.0,60,0,38,18.0,0,0,0
TX002557,P110,Meridian Energy,805,1,377300.0,90,0,50,24.1,0,0,0
TX002558,P011,Corona Industries,679,3,235900.0,30,0,20,11.2,0,1,0
TX002559,P011,Corona Industries,687,3,123200.0,90,0,20,11.2,0,0,0
TX002560,P043,Atlas Chemicals,799,2,469600.0,60,0,46,21.0,0,1,0
TX002561,P034,Union Trading,748,2,421900.0,30,1,54,17.9,0,1,0
TX002562,P064,Zenith Chemicals,646,4,28100.0,0,1,44,7.8,0,0,0
TX002563,P011,Corona Industries,698,3,186700.0,60,0,20,11.2,1,1,0
TX002564,P078,Pacific Materials,815,1,341000.0,90,0,37,22.1,0,1,0
TX002565,P034,Union Trading,753,2,600200.0,60,0,54,18.6,1,1,0
TX002566,P002,Corona Agro,709,3,194600.0,30,1,25,3.6,0,0,0
TX002567,P103,Golden Materials,686,2,142700.0,30,0,8,8.1,1,1,0
TX002568,P095,Meridian Trading,821,2,466700.0,90,0,44,21.7,0,0,0
TX002569,P115,Vega Trading,698,2,139500.0,30,0,20,7.7,1,0,0
TX002570,P016,Aurora Energy,822,1,240100.0,60,0,45,26.7,0,1,0
TX002571,P067,Vega Materials,788,2,405900.0,30,0,51,21.5,1,0,0
TX002572,P110,Meridian Energy,799,1,406900.0,60,0,50,23.2,0,0,0
TX002573,P075,Marina Industries,620,3,35500.0,90,1,49,11.8,0,0,1
TX002574,P035,Sierra Materials,663,3,46600.0,30,1,66,9.5,0,0,1
TX002575,P112,Orient Materials,795,1,537400.0,30,0,45,23.9,1,1,0
TX002576,P107,Prime Metals,812,2,193300.0,30,0,47,22.8,0,0,0
TX002577,P012,Prime Power,655,2,40400.0,90,0,60,4.8,0,0,1
TX002578,P100,Nordic Agro,697,3,165800.0,60,0,14,10.6,1,0,0
TX002579,P006,Harbor Agro,699,3,192400.0,60,0,28,4.6,0,0,0
TX002580,P016,Aurora Energy,802,1,219100.0,0,1,45,26.9,0,1,0
TX002581,P087,Corona Metals,690,2,168900.0,90,3,19,13.4,0,0,0
TX002582,P098,Marina Agro,648,3,38500.0,30,2,57,16.3,0,0,0
TX002583,P070,Crest Metals,872,1,984900.0,0,1,45,24.1,0,0,0
TX002584,P113,Meridian Agro,608,3,45900.0,30,1,52,7.7,0,0,1
TX002585,P094,Union Chemicals,783,1,611000.0,60,0,48,16.5,0,1,0
TX002586,P098,Marina Agro,666,3,20400.0,0,1,57,17.8,0,0,0
TX002587,P047,Pacific Metals,642,3,148600.0,0,1,11,5.4,0,0,1
TX002588,P085,Pacific Agro,675,3,29800.0,60,1,55,15.7,0,0,1
TX002589,P072,Meridian Logistics,642,3,50200.0,30,0,51,9.5,0,0,0
TX002590,P094,Union Chemicals,791,1,424600.0,0,0,48,15.9,0,0,0
TX002591,P064,Zenith Chemicals,657,4,28200.0,60,3,44,6.9,1,0,1
TX002592,P045,Meridian Materials,675,4,49700.0,30,3,51,10.6,1,0,0
TX002593,P078,Pacific Materials,822,1,259900.0,0,0,37,22.9,0,0,0
TX002594,P085,Pacific Agro,685,3,41600.0,30,2,55,15.7,0,0,0
TX002595,P066,Orient Energy,606,3,45100.0,0,4,54,5.4,0,0,0
TX002596,P093,Union Global,854,2,342800.0,30,1,52,20.5,0,0,0
TX002597,P016,Aurora Energy,799,1,270800.0,60,0,45,27.4,0,1,0
TX002598,P093,Union Global,825,2,509200.0,30,1,52,20.5,1,0,0
TX002599,P021,Harbor Power,665,3,96800.0,60,1,15,13.0,1,1,0
TX002600,P090,Falcon Agro,814,2,229000.0,30,0,36,20.8,0,0,0
TX002601,P072,Meridian Logistics,644,3,60600.0,60,0,51,8.7,1,1,0
TX002602,P071,Golden Metals,815,1,409500.0,60,0,47,27.0,0,1,0
TX002603,P005,Zenith Trading,624,3,44500.0,60,3,56,18.5,0,0,0
TX002604,P079,Golden Agro,659,2,49200.0,60,0,54,13.5,1,0,0
TX002605,P053,Summit Global,727,3,180200.0,60,1,14,9.8,0,1,0
TX002606,P069,Sierra Global,650,2,148200.0,60,1,31,3.5,1,0,0
TX002607,P114,Corona Logistics,738,1,508100.0,90,2,52,18.7,0,1,0
TX002608,P042,Corona Power,739,3,152300.0,0,2,25,12.6,0,1,0
TX002609,P116,Aurora Materials,681,3,44600.0,30,2,55,10.4,1,0,0
TX002610,P096,Prime Materials,785,2,666000.0,0,0,50,23.6,1,0,0
TX002611,P085,Pacific Agro,691,3,42900.0,0,1,55,15.6,0,0,1
TX002612,P085,Pacific Agro,676,3,33600.0,0,2,55,15.4,0,1,0
TX002613,P034,Union Trading,762,2,348200.0,90,0,54,18.1,1,0,0
TX002614,P051,Union Energy,682,3,56700.0,30,0,51,11.7,0,1,0
TX002615,P117,Falcon Energy,673,2,65400.0,30,1,50,8.6,1,0,0
TX002616,P047,Pacific Metals,663,3,129800.0,0,1,11,7.0,0,0,0
TX002617,P097,Marina Chemicals,799,2,318200.0,30,1,35,20.2,0,0,0
TX002618,P020,Corona Materials,677,3,88900.0,30,0,40,14.5,0,1,0
TX002619,P051,Union Energy,680,3,47900.0,0,0,51,10.2,0,0,0
TX002620,P087,Corona Metals,685,2,180200.0,30,2,19,13.1,0,1,0
TX002621,P099,Aurora Global,699,1,120900.0,30,2,26,11.4,1,0,0
TX002622,P041,Falcon Industries,637,3,50600.0,90,1,63,6.9,0,0,1
TX002623,P011,Corona Industries,682,3,115900.0,30,0,20,10.6,0,0,0
TX002624,P045,Meridian Materials,687,4,65700.0,30,1,51,10.9,1,1,0
TX002625,P100,Nordic Agro,678,3,206200.0,60,0,14,11.5,0,0,0
TX002626,P020,Corona Materials,657,3,72800.0,30,0,40,14.8,0,1,0
TX002627,P045,Meridian Materials,692,4,73300.0,30,1,51,10.7,0,0,0
TX002628,P110,Meridian Energy,802,1,512100.0,60,1,50,23.4,0,0,0
TX002629,P094,Union Chemicals,779,1,603200.0,30,1,48,16.0,0,1,1
TX002630,P051,Union Energy,668,3,71700.0,90,0,51,10.7,1,0,0
TX002631,P098,Marina Agro,645,3,62900.0,30,1,57,16.5,1,1,0
TX002632,P073,Vega Metals,716,2,92500.0,60,1,23,10.7,1,1,0
TX002633,P112,Orient Materials,811,1,286200.0,90,1,45,23.6,0,1,0
TX002634,P067,Vega Materials,778,2,488300.0,0,3,51,22.1,0,0,0
TX002635,P107,Prime Metals,791,2,144900.0,90,0,47,23.0,0,1,0
TX002636,P012,Prime Power,625,2,31700.0,60,0,60,3.4,0,1,0
TX002637,P077,Corona Energy,810,2,478200.0,30,0,37,18.5,0,0,0
TX002638,P067,Vega Materials,790,2,750200.0,60,1,51,21.8,0,1,0
TX002639,P013,Orient Logistics,747,2,186900.0,0,0,37,19.1,0,0,0
TX002640,P058,Zenith Logistics,727,3,237200.0,30,0,19,7.5,0,0,0
TX002641,P051,Union Energy,692,3,54500.0,60,0,51,10.8,0,0,0
TX002642,P090,Falcon Agro,857,2,317900.0,0,0,36,21.9,0,1,0
TX002643,P043,Atlas Chemicals,809,2,338400.0,90,0,46,22.2,0,0,0
TX002644,P049,Orient Trading,494,4,122600.0,60,3,9,6.1,0,0,1
TX002645,P067,Vega Materials,781,2,794900.0,0,0,51,21.4,1,1,0
TX002646,P036,Prime Trading,766,1,197300.0,0,0,40,22.5,0,1,0
TX002647,P084,Meridian Metals,753,1,353900.0,30,0,45,22.6,0,1,0
TX002648,P062,Aurora Industries,670,3,86600.0,30,1,33,7.4,0,1,0
TX002649,P088,Falcon Trading,607,3,77000.0,0,1,43,12.7,1,0,0
TX002650,P028,Pacific Global,637,2,97100.0,90,1,51,15.0,0,0,1
TX002651,P114,Corona Logistics,756,1,454600.0,30,0,52,18.6,0,0,0
TX002652,P056,Union Agro,725,2,155900.0,30,0,22,9.0,1,0,0
TX002653,P091,Nordic Trading,865,2,244600.0,0,0,45,19.4,0,1,0
TX002654,P095,Meridian Trading,795,2,282100.0,90,0,44,20.4,0,0,0
TX002655,P067,Vega Materials,818,2,400300.0,90,0,51,22.4,0,1,0
TX002656,P012,Prime Power,641,2,34800.0,30,0,60,4.5,0,0,0
TX002657,P058,Zenith Logistics,718,3,196800.0,30,0,19,7.5,0,0,0
TX002658,P028,Pacific Global,626,2,49900.0,60,2,51,14.5,0,1,0
TX002659,P043,Atlas Chemicals,803,2,316700.0,60,0,46,21.6,0,1,0
TX002660,P051,Union Energy,667,3,54400.0,90,0,51,11.6,0,0,1
TX002661,P107,Prime Metals,812,2,241400.0,30,1,47,22.7,0,1,0
TX002662,P099,Aurora Global,675,1,211100.0,30,2,26,11.6,0,1,0
TX002663,P115,Vega Trading,695,2,221700.0,60,0,20,8.5,0,1,0
TX002664,P104,Summit Energy,855,2,487000.0,0,2,41,22.5,1,1,0
TX002665,P089,Golden Power,814,1,276600.0,60,0,45,24.6,0,1,0
TX002666,P002,Corona Agro,723,3,176100.0,30,1,25,3.8,0,0,0
TX002667,P066,Orient Energy,621,3,44700.0,0,1,54,5.5,0,0,1
TX002668,P095,Meridian Trading,816,2,236400.0,90,0,44,20.6,0,0,0
TX002669,P025,Crest Industries,682,2,224700.0,90,1,14,6.5,0,1,0
TX002670,P059,Falcon Materials,681,2,130900.0,0,3,21,8.7,0,1,0
TX002671,P076,Nordic Materials,632,3,34800.0,60,0,58,12.0,1,0,0
TX002672,P097,Marina Chemicals,812,2,460000.0,60,2,35,19.6,0,0,0
TX002673,P119,Meridian Chemicals,643,1,81200.0,90,1,25,11.0,0,0,0
TX002674,P051,Union Energy,699,3,59300.0,60,0,51,10.8,0,0,0
TX002675,P070,Crest Metals,835,1,358800.0,60,0,45,23.3,1,0,0
TX002676,P043,Atlas Chemicals,805,2,871100.0,30,0,46,21.6,0,0,0
TX002677,P037,Nordic Global,640,3,73500.0,90,1,45,13.4,1,0,0
TX002678,P090,Falcon Agro,817,2,428600.0,30,0,36,21.2,0,1,0
TX002679,P079,Golden Agro,672,2,34400.0,30,0,54,13.6,0,1,0
TX002680,P078,Pacific Materials,813,1,506600.0,60,0,37,22.9,0,0,0
TX002681,P034,Union Trading,752,2,240100.0,60,1,54,18.2,0,0,0
TX002682,P032,Cobalt Logistics,688,3,187400.0,90,1,23,4.8,1,0,0
TX002683,P014,Orient Global,826,1,433500.0,60,0,44,18.0,0,0,0
TX002684,P091,Nordic Trading,844,2,264700.0,60,0,45,20.6,0,0,1
TX002685,P079,Golden Agro,683,2,32700.0,0,0,54,13.2,0,0,0
TX002686,P076,Nordic Materials,648,3,54700.0,0,0,58,12.3,1,1,0
TX002687,P009,Falcon Global,646,3,23000.0,0,1,51,9.1,0,1,0
TX002688,P055,Delta Energy,681,3,21400.0,0,2,53,11.0,0,1,0
TX002689,P051,Union Energy,680,3,39800.0,0,0,51,11.6,1,1,0
TX002690,P094,Union Chemicals,770,1,726200.0,30,0,48,15.5,0,1,0
TX002691,P014,Orient Global,818,1,161300.0,0,1,44,18.3,1,0,0
TX002692,P016,Aurora Energy,817,1,344000.0,0,1,45,27.1,0,0,0
TX002693,P016,Aurora Energy,800,1,194200.0,30,1,45,26.5,0,1,0
TX002694,P028,Pacific Global,609,2,61700.0,60,1,51,14.9,1,0,0
TX002695,P055,Delta Energy,680,3,25000.0,0,3,53,9.6,0,0,1
TX002696,P016,Aurora Energy,781,1,314200.0,0,1,45,26.6,0,0,0
TX002697,P043,Atlas Chemicals,830,2,576900.0,30,0,46,22.0,0,1,0
TX002698,P036,Prime Trading,750,1,205500.0,60,0,40,23.1,0,1,0
TX002699,P012,Prime Power,629,2,45600.0,90,1,60,5.9,0,1,0
TX002700,P012,Prime Power,619,2,50000.0,0,0,60,4.0,1,1,0
TX002701,P096,Prime Materials,795,2,539300.0,0,0,50,23.7,1,1,0
TX002702,P034,Union Trading,732,2,470700.0,0,0,54,18.6,0,0,0
TX002703,P085,Pacific Agro,657,3,46400.0,0,1,55,16.8,1,1,0
TX002704,P085,Pacific Agro,677,3,25000.0,0,1,55,15.5,1,0,0
TX002705,P066,Orient Energy,606,3,51100.0,30,2,54,5.4,0,1,1
TX002706,P071,Golden Metals,803,1,309600.0,60,0,47,26.2,1,1,0
TX002707,P113,Meridian Agro,622,3,44200.0,60,1,52,9.4,0,1,0
TX002708,P063,Prime Agro,480,4,98800.0,0,2,13,0.7,1,0,1
TX002709,P058,Zenith Logistics,698,3,222000.0,0,0,19,7.8,0,1,0
TX002710,P043,Atlas Chemicals,814,2,424100.0,0,0,46,22.5,1,1,0
TX002711,P106,Prime Industries,716,2,182500.0,90,2,20,9.0,0,0,1
TX002712,P083,Crest Agro,714,3,161700.0,30,0,19,7.6,0,0,0
TX002713,P095,Meridian Trading,814,2,243800.0,30,0,44,19.8,1,0,0
TX002714,P041,Falcon Industries,638,3,28400.0,60,1,63,7.1,1,1,0
TX002715,P016,Aurora Energy,817,1,229900.0,30,0,45,27.2,1,1,0
TX002716,P106,Prime Industries,711,2,122900.0,90,2,20,7.7,0,0,0
TX002717,P108,Orient Power,677,3,21400.0,30,0,41,11.5,1,1,0
TX002718,P061,Harbor Metals,668,2,52100.0,30,2,58,14.3,1,0,0
TX002719,P034,Union Trading,768,2,269000.0,90,1,54,17.6,1,1,0
TX002720,P102,Falcon Power,774,1,334300.0,30,0,49,22.4,0,0,0
TX002721,P037,Nordic Global,658,3,44300.0,30,1,45,14.1,0,0,0
TX002722,P006,Harbor Agro,708,3,183800.0,60,0,28,3.7,0,0,0
TX002723,P080,Harbor Global,520,4,165500.0,0,2,20,4.9,0,0,0
TX002724,P067,Vega Materials,782,2,768800.0,30,0,51,21.4,0,1,0
TX002725,P059,Falcon Materials,696,2,169800.0,30,4,21,9.2,0,1,0
TX002726,P092,Falcon Metals,687,2,42000.0,30,2,47,15.5,1,0,0
TX002727,P061,Harbor Metals,658,2,59700.0,60,3,58,15.1,0,0,0
TX002728,P075,Marina Industries,605,3,55200.0,30,1,49,12.3,0,0,0
TX002729,P092,Falcon Metals,679,2,55300.0,30,1,47,15.8,0,1,0
TX002730,P010,Delta Chemicals,684,3,53400.0,60,0,51,11.6,1,1,0
TX002731,P043,Atlas Chemicals,802,2,421900.0,60,0,46,21.6,1,0,0
TX002732,P048,Orient Metals,618,2,32400.0,60,1,45,12.2,1,0,1
TX002733,P012,Prime Power,624,2,37100.0,0,1,60,4.9,0,0,1
TX002734,P042,Corona Power,723,3,75500.0,60,0,25,12.1,0,0,1
TX002735,P005,Zenith Trading,612,3,57100.0,90,1,56,17.2,1,0,1
TX002736,P010,Delta Chemicals,688,3,65900.0,0,1,51,10.7,0,1,0
TX002737,P068,Cobalt Trading,671,4,232200.0,60,0,21,0.5,0,0,1
TX002738,P024,Zenith Energy,683,3,159600.0,30,1,16,7.8,1,1,0
TX002739,P078,Pacific Materials,826,1,315800.0,60,0,37,23.3,0,0,0
TX002740,P046,Vega Agro,646,4,31300.0,30,0,56,10.4,0,0,0
TX002741,P073,Vega Metals,692,2,273000.0,0,1,23,10.3,0,0,0
TX002742,P104,Summit Energy,823,2,472200.0,90,1,41,21.9,0,0,0
TX002743,P047,Pacific Metals,670,3,139200.0,60,2,11,6.4,1,0,1
TX002744,P097,Marina Chemicals,813,2,304800.0,30,2,35,20.1,0,1,0
TX002745,P075,Marina Industries,615,3,62500.0,60,1,49,12.3,1,0,0
TX002746,P070,Crest Metals,832,1,348300.0,60,1,45,23.7,0,1,0
TX002747,P072,Meridian Logistics,639,3,40900.0,0,0,51,9.2,0,1,0
TX002748,P022,Sierra Metals,840,2,194800.0,60,2,46,21.5,0,1,0
TX002749,P079,Golden Agro,674,2,27200.0,30,1,54,13.8,0,0,0
TX002750,P023,Sierra Trading,475,4,123000.0,90,2,19,4.5,0,1,1
TX002751,P109,Delta Trading,834,1,171100.0,60,0,40,23.3,1,1,0
TX002752,P016,Aurora Energy,810,1,320200.0,30,1,45,27.0,1,0,0
TX002753,P054,Golden Global,632,3,26800.0,0,1,58,16.1,0,0,0
TX002754,P025,Crest Industries,680,2,160800.0,60,0,14,6.5,0,0,0
TX002755,P031,Vega Power,750,2,665300.0,60,0,38,16.7,0,0,0
TX002756,P110,Meridian Energy,829,1,392300.0,60,0,50,23.1,0,0,0
TX002757,P054,Golden Global,651,3,64200.0,60,1,58,16.3,0,0,0
TX002758,P018,Marina Global,646,3,31100.0,60,1,58,16.6,1,1,0
TX002759,P060,Marina Power,495,5,111200.0,30,5,2,0.5,0,1,1
TX002760,P005,Zenith Trading,620,3,40400.0,60,1,56,17.5,0,0,1
TX002761,P034,Union Trading,757,2,506900.0,30,1,54,18.4,1,1,0
TX002762,P010,Delta Chemicals,664,3,53800.0,30,1,51,11.1,0,1,0
TX002763,P051,Union Energy,694,3,53000.0,60,0,51,11.1,0,0,0
TX002764,P015,Crest Materials,772,1,414800.0,0,1,34,24.4,0,0,0
TX002765,P069,Sierra Global,664,2,164300.0,0,2,31,3.8,1,1,0
TX002766,P022,Sierra Metals,853,2,209800.0,60,1,46,21.2,0,0,0
TX002767,P073,Vega Metals,698,2,115100.0,0,1,23,10.0,0,0,0
TX002768,P031,Vega Power,784,2,339200.0,0,1,38,16.7,1,0,0
TX002769,P029,Atlas Global,453,5,153000.0,90,2,8,1.1,0,0,1
TX002770,P111,Prime Global,723,2,147700.0,60,0,21,3.6,0,1,0
TX002771,P079,Golden Agro,675,2,37000.0,60,1,54,13.4,0,1,0
TX002772,P098,Marina Agro,664,3,39500.0,30,3,57,17.8,0,0,0
TX002773,P046,Vega Agro,642,4,45700.0,90,0,56,11.0,0,1,0
TX002774,P035,Sierra Materials,661,3,33800.0,30,1,66,8.5,0,0,0
TX002775,P082,Union Materials,661,3,85600.0,60,2,14,11.8,1,0,0
TX002776,P012,Prime Power,621,2,30600.0,30,1,60,4.7,0,0,1
TX002777,P075,Marina Industries,605,3,39700.0,60,2,49,12.3,0,0,1
TX002778,P077,Corona Energy,789,2,487600.0,30,0,37,19.0,0,1,0
TX002779,P037,Nordic Global,666,3,37500.0,30,1,45,14.4,0,1,0
TX002780,P035,Sierra Materials,678,3,37600.0,0,2,66,9.9,1,0,0
TX002781,P093,Union Global,793,2,309700.0,0,2,52,20.7,0,1,0
TX002782,P088,Falcon Trading,640,3,47600.0,90,1,43,12.2,0,1,0
TX002783,P046,Vega Agro,645,4,78800.0,60,0,56,9.7,1,1,0
TX002784,P108,Orient Power,690,3,55800.0,60,0,41,11.9,1,0,0
TX002785,P094,Union Chemicals,796,1,511900.0,30,0,48,17.0,0,0,0
TX002786,P070,Crest Metals,834,1,385800.0,0,2,45,23.8,0,0,0
TX002787,P102,Falcon Power,762,1,293300.0,30,0,49,22.3,0,0,0
TX002788,P064,Zenith Chemicals,635,4,21400.0,30,3,44,8.2,0,1,1
TX002789,P077,Corona Energy,799,2,652900.0,90,0,37,18.5,0,0,0
TX002790,P018,Marina Global,627,3,44300.0,60,1,58,15.1,0,0,1
TX002791,P092,Falcon Metals,671,2,55600.0,30,1,47,15.8,0,0,0
TX002792,P069,Sierra Global,646,2,102500.0,30,1,31,3.6,1,1,0
TX002793,P100,Nordic Agro,674,3,193800.0,60,0,14,11.8,1,0,0
TX002794,P036,Prime Trading,750,1,189300.0,30,0,40,23.1,0,0,0
TX002795,P058,Zenith Logistics,700,3,302000.0,90,0,19,6.7,1,1,1
TX002796,P075,Marina Industries,606,3,37500.0,90,1,49,11.8,0,0,1
TX002797,P045,Meridian Materials,682,4,78000.0,60,2,51,11.2,0,0,1
TX002798,P107,Prime Metals,802,2,259200.0,30,2,47,22.5,1,0,0
TX002799,P005,Zenith Trading,612,3,42500.0,0,2,56,18.1,0,0,0
TX002800,P009,Falcon Global,633,3,58500.0,0,2,51,9.5,0,1,0
TX002801,P104,Summit Energy,828,2,457500.0,30,1,41,22.7,1,0,0
TX002802,P020,Corona Materials,677,3,110100.0,90,0,40,15.6,0,0,1
TX002803,P020,Corona Materials,674,3,116900.0,60,0,40,15.5,1,0,1
TX002804,P061,Harbor Metals,663,2,50700.0,60,1,58,14.7,0,1,0
TX002805,P025,Crest Industries,717,2,148700.0,30,0,14,6.4,1,0,0
TX002806,P089,Golden Power,815,1,718000.0,60,1,45,24.7,0,0,0
TX002807,P085,Pacific Agro,695,3,29900.0,30,1,55,16.0,0,0,0
TX002808,P020,Corona Materials,671,3,111400.0,0,0,40,14.9,0,0,0
TX002809,P061,Harbor Metals,657,2,63800.0,60,1,58,15.1,1,1,0
TX002810,P118,Pacific Chemicals,776,1,145300.0,60,1,44,27.3,1,0,0
TX002811,P114,Corona Logistics,740,1,344100.0,30,1,52,18.2,0,0,0
TX002812,P120,Orient Chemicals,639,2,54700.0,90,0,50,12.2,0,0,0
TX002813,P072,Meridian Logistics,628,3,49000.0,90,0,51,8.6,0,1,1
TX002814,P054,Golden Global,641,3,42300.0,60,1,58,16.6,0,0,0
TX002815,P096,Prime Materials,804,2,767300.0,0,0,50,23.9,1,1,0
TX002816,P090,Falcon Agro,838,2,266500.0,90,0,36,20.7,1,1,0
TX002817,P098,Marina Agro,650,3,88700.0,60,2,57,18.0,0,1,0
TX002818,P031,Vega Power,779,2,316800.0,90,1,38,16.9,1,1,0
TX002819,P120,Orient Chemicals,635,2,39900.0,60,0,50,12.8,0,0,0
TX002820,P041,Falcon Industries,609,3,35700.0,90,1,63,6.7,1,1,0
TX002821,P040,Union Power,713,3,176100.0,0,1,15,3.4,0,0,0
TX002822,P094,Union Chemicals,774,1,712200.0,90,2,48,16.1,0,1,0
TX002823,P112,Orient Materials,799,1,246600.0,30,0,45,23.3,0,0,0
TX002824,P085,Pacific Agro,679,3,23800.0,30,1,55,15.5,0,0,0
TX002825,P020,Corona Materials,702,3,117900.0,30,0,40,15.5,0,0,0
TX002826,P050,Crest Chemicals,685,2,84700.0,30,1,14,3.3,0,1,0
TX002827,P120,Orient Chemicals,660,2,67500.0,30,1,50,13.2,0,0,0
TX002828,P061,Harbor Metals,652,2,85600.0,60,1,58,15.0,0,0,0
TX002829,P078,Pacific Materials,834,1,341200.0,0,0,37,23.0,1,1,0
TX002830,P087,Corona Metals,689,2,108800.0,30,4,19,12.6,0,0,0
TX002831,P009,Falcon Global,636,3,35600.0,60,1,51,9.1,0,1,0
TX002832,P065,Crest Global,706,2,72600.0,60,0,15,13.7,1,1,0
TX002833,P079,Golden Agro,663,2,46500.0,30,0,54,12.4,1,0,0
TX002834,P099,Aurora Global,700,1,110100.0,0,1,26,11.0,0,0,0
TX002835,P078,Pacific Materials,819,1,392900.0,90,1,37,22.7,1,1,0
TX002836,P034,Union Trading,761,2,544100.0,0,0,54,18.6,1,1,0
TX002837,P064,Zenith Chemicals,649,4,28200.0,30,1,44,8.0,0,0,1
TX002838,P071,Golden Metals,822,1,304400.0,60,1,47,27.6,0,1,0
TX002839,P110,Meridian Energy,804,1,175500.0,60,0,50,23.5,0,0,0
TX002840,P114,Corona Logistics,744,1,421800.0,90,0,52,19.2,1,0,0
TX002841,P044,Summit Agro,695,2,169800.0,90,0,23,7.9,0,1,0
TX002842,P111,Prime Global,735,2,127200.0,30,0,21,3.8,0,1,0
TX002843,P092,Falcon Metals,673,2,30400.0,60,1,47,15.6,1,1,0
TX002844,P062,Aurora Industries,651,3,136900.0,60,2,33,8.4,0,0,0
TX002845,P046,Vega Agro,638,4,49500.0,90,1,56,10.2,0,1,0
TX002846,P098,Marina Agro,656,3,25700.0,30,1,57,17.4,0,1,0
TX002847,P053,Summit Global,722,3,279000.0,90,0,14,10.4,1,1,0
TX002848,P079,Golden Agro,652,2,51900.0,30,0,54,12.9,0,0,0
TX002849,P117,Falcon Energy,694,2,72300.0,30,2,50,7.5,0,1,0
TX002850,P066,Orient Energy,624,3,61600.0,30,1,54,5.3,0,0,0
TX002851,P114,Corona Logistics,745,1,292600.0,60,0,52,18.2,0,1,0
TX002852,P046,Vega Agro,639,4,48000.0,0,0,56,10.8,0,1,0
TX002853,P075,Marina Industries,580,3,24400.0,30,1,49,11.4,0,1,0
TX002854,P047,Pacific Metals,687,3,106700.0,30,1,11,6.1,0,0,1
TX002855,P116,Aurora Materials,663,3,34200.0,30,2,55,9.2,0,1,0
TX002856,P101,Aurora Agro,679,3,113600.0,0,0,12,6.3,0,0,0
TX002857,P069,Sierra Global,647,2,203100.0,30,2,31,3.7,0,0,0
TX002858,P037,Nordic Global,672,3,36200.0,60,1,45,14.2,0,1,0
TX002859,P065,Crest Global,701,2,213500.0,90,0,15,13.2,1,0,0
TX002860,P076,Nordic Materials,615,3,77700.0,60,0,58,12.0,1,1,0
TX002861,P117,Falcon Energy,671,2,60000.0,30,2,50,8.4,1,0,0
TX002862,P031,Vega Power,770,2,291800.0,60,0,38,16.9,0,1,0
TX002863,P020,Corona Materials,680,3,82900.0,0,2,40,15.4,0,0,0
TX002864,P022,Sierra Metals,850,2,217900.0,0,1,46,21.1,0,0,0
TX002865,P084,Meridian Metals,753,1,267700.0,90,0,45,23.4,1,0,0
TX002866,P093,Union Global,840,2,328100.0,30,1,52,20.7,0,1,0
TX002867,P105,Prime Logistics,505,4,69700.0,90,4,12,2.0,0,0,1
TX002868,P024,Zenith Energy,699,3,93600.0,60,0,16,8.1,0,0,0
TX002869,P034,Union Trading,721,2,290100.0,60,0,54,18.5,0,1,0
TX002870,P116,Aurora Materials,639,3,30300.0,30,2,55,10.4,0,0,0
TX002871,P001,Delta Power,713,2,127700.0,60,1,19,2.2,0,0,0
TX002872,P014,Orient Global,805,1,611500.0,30,1,44,18.4,0,1,0
TX002873,P059,Falcon Materials,682,2,173900.0,30,2,21,10.0,0,1,0
TX002874,P002,Corona Agro,674,3,121700.0,30,1,25,3.2,0,0,1
TX002875,P085,Pacific Agro,685,3,53900.0,60,1,55,15.6,1,1,0
TX002876,P055,Delta Energy,668,3,44300.0,60,2,53,10.8,0,1,0
TX002877,P054,Golden Global,672,3,38400.0,60,1,58,16.1,0,0,0
TX002878,P112,Orient Materials,825,1,254000.0,90,0,45,23.5,0,1,0
TX002879,P041,Falcon Industries,631,3,51200.0,0,1,63,8.0,0,0,0
TX002880,P042,Corona Power,703,3,204600.0,30,1,25,11.4,0,0,1
TX002881,P114,Corona Logistics,752,1,515500.0,30,0,52,19.0,0,1,0
TX002882,P032,Cobalt Logistics,721,3,136300.0,60,0,23,4.1,1,1,0
TX002883,P009,Falcon Global,613,3,34100.0,30,2,51,9.9,0,1,0
TX002884,P055,Delta Energy,686,3,54200.0,90,3,53,10.9,0,0,0
TX002885,P041,Falcon Industries,627,3,33600.0,30,1,63,6.8,0,1,0
TX002886,P077,Corona Energy,789,2,304200.0,60,0,37,18.1,0,0,0
TX002887,P097,Marina Chemicals,806,2,265200.0,30,2,35,18.9,1,0,0
TX002888,P106,Prime Industries,726,2,123400.0,30,2,20,8.3,0,1,0
TX002889,P071,Golden Metals,782,1,287100.0,90,0,47,27.4,0,1,0
TX002890,P078,Pacific Materials,828,1,580400.0,60,0,37,22.9,0,0,0
TX002891,P043,Atlas Chemicals,806,2,294800.0,60,1,46,21.2,0,0,0
TX002892,P051,Union Energy,699,3,64100.0,60,0,51,11.8,1,0,0
TX002893,P110,Meridian Energy,794,1,415000.0,30,0,50,23.1,0,0,0
TX002894,P028,Pacific Global,633,2,53100.0,30,1,51,14.4,0,1,0
TX002895,P045,Meridian Materials,673,4,45200.0,30,1,51,10.1,0,1,0
TX002896,P092,Falcon Metals,683,2,43800.0,30,1,47,16.4,1,1,0
TX002897,P051,Union Energy,701,3,54500.0,90,0,51,10.7,0,1,0
TX002898,P088,Falcon Trading,625,3,29700.0,60,1,43,13.1,0,1,1
TX002899,P064,Zenith Chemicals,634,4,26000.0,0,1,44,8.3,0,0,1
TX002900,P067,Vega Materials,796,2,491100.0,90,0,51,22.2,0,0,0
TX002901,P066,Orient Energy,619,3,70500.0,60,1,54,5.4,0,0,0
TX002902,P114,Corona Logistics,750,1,417300.0,60,1,52,19.4,0,0,0
TX002903,P043,Atlas Chemicals,793,2,524500.0,60,0,46,21.9,0,0,0
TX002904,P064,Zenith Chemicals,651,4,30000.0,0,1,44,8.3,0,0,0
TX002905,P075,Marina Industries,627,3,55200.0,60,1,49,11.5,1,1,0
TX002906,P059,Falcon Materials,666,2,201600.0,0,4,21,8.6,0,1,0
TX002907,P037,Nordic Global,657,3,90300.0,30,1,45,14.6,0,1,1
TX002908,P076,Nordic Materials,649,3,59300.0,60,0,58,12.3,0,1,0
TX002909,P055,Delta Energy,670,3,35200.0,30,3,53,10.4,0,0,0
TX002910,P001,Delta Power,705,2,93100.0,0,0,19,2.6,0,0,0
TX002911,P026,Summit Materials,715,3,156800.0,60,0,31,9.9,0,0,1
TX002912,P114,Corona Logistics,749,1,413500.0,60,1,52,17.8,1,0,0
TX002913,P066,Orient Energy,635,3,60100.0,30,2,54,6.8,0,1,0
TX002914,P082,Union Materials,680,3,86800.0,90,1,14,11.9,1,0,1
TX002915,P031,Vega Power,766,2,359000.0,30,0,38,16.9,0,1,0
TX002916,P078,Pacific Materials,850,1,265900.0,90,0,37,22.8,1,1,0
TX002917,P076,Nordic Materials,628,3,39500.0,90,0,58,12.7,0,0,0
TX002918,P073,Vega Metals,702,2,240500.0,0,1,23,10.2,1,0,0
TX002919,P110,Meridian Energy,794,1,356200.0,90,0,50,23.4,0,1,0
TX002920,P090,Falcon Agro,860,2,572500.0,30,1,36,21.6,1,0,0
TX002921,P097,Marina Chemicals,799,2,270300.0,30,1,35,19.1,0,1,0
TX002922,P004,Al-Rashid Trading,472,5,205500.0,60,2,6,5.9,0,1,1
TX002923,P109,Delta Trading,816,1,577000.0,30,0,40,22.2,1,0,0
TX002924,P107,Prime Metals,779,2,179800.0,30,1,47,23.3,1,0,0
TX002925,P062,Aurora Industries,693,3,121100.0,90,1,33,8.8,0,0,0
TX002926,P114,Corona Logistics,734,1,358500.0,0,1,52,19.7,0,0,0
TX002927,P072,Meridian Logistics,655,3,55300.0,30,2,51,7.7,0,0,0
TX002928,P089,Golden Power,780,1,416900.0,0,1,45,25.1,0,0,0
TX002929,P014,Orient Global,797,1,453300.0,0,0,44,18.8,1,1,0
TX002930,P032,Cobalt Logistics,713,3,100300.0,30,0,23,4.4,0,0,0
TX002931,P083,Crest Agro,707,3,132000.0,30,0,19,7.8,0,0,0
TX002932,P090,Falcon Agro,840,2,308600.0,90,0,36,21.5,1,0,1
TX002933,P079,Golden Agro,678,2,39100.0,60,1,54,13.4,0,0,0
TX002934,P110,Meridian Energy,804,1,337800.0,30,1,50,23.7,0,1,0
TX002935,P020,Corona Materials,680,3,91900.0,90,2,40,15.6,0,1,0
TX002936,P087,Corona Metals,687,2,163000.0,0,1,19,12.1,1,0,1
TX002937,P008,Vega Logistics,754,2,107100.0,30,0,19,10.2,0,1,0
TX002938,P117,Falcon Energy,685,2,71000.0,60,3,50,7.4,1,0,0
TX002939,P110,Meridian Energy,797,1,252900.0,30,0,50,23.5,0,1,0
TX002940,P032,Cobalt Logistics,700,3,153200.0,60,0,23,3.7,0,1,0
TX002941,P109,Delta Trading,822,1,398800.0,30,0,40,23.3,0,0,0
TX002942,P116,Aurora Materials,651,3,37900.0,60,3,55,10.0,0,0,1
TX002943,P110,Meridian Energy,796,1,396800.0,90,0,50,23.2,0,1,0
TX002944,P082,Union Materials,674,3,97600.0,30,2,14,12.7,0,0,0
TX002945,P069,Sierra Global,647,2,117100.0,60,1,31,4.3,1,0,0
TX002946,P054,Golden Global,636,3,39800.0,60,1,58,16.3,0,0,0
TX002947,P065,Crest Global,694,2,151000.0,30,0,15,14.2,0,1,0
TX002948,P029,Atlas Global,452,5,146900.0,0,2,8,1.2,0,0,1
TX002949,P118,Pacific Chemicals,785,1,335700.0,90,2,44,25.9,0,0,0
TX002950,P113,Meridian Agro,597,3,46100.0,30,1,52,8.9,1,0,0
TX002951,P055,Delta Energy,679,3,73100.0,0,2,53,11.2,0,0,0
TX002952,P091,Nordic Trading,842,2,241100.0,30,0,45,19.8,0,0,0
TX002953,P016,Aurora Energy,823,1,169400.0,60,0,45,26.9,0,1,0
TX002954,P041,Falcon Industries,627,3,59900.0,60,1,63,7.2,0,0,1
TX002955,P085,Pacific Agro,689,3,30600.0,60,1,55,16.2,0,0,0
TX002956,P089,Golden Power,804,1,547100.0,60,0,45,25.3,1,0,0
TX002957,P035,Sierra Materials,667,3,36000.0,30,1,66,9.6,0,0,1
TX002958,P090,Falcon Agro,830,2,210900.0,30,1,36,20.7,1,0,0
TX002959,P072,Meridian Logistics,641,3,61900.0,0,0,51,8.0,0,1,0
TX002960,P056,Union Agro,721,2,121600.0,0,0,22,7.7,1,0,0
TX002961,P014,Orient Global,818,1,370100.0,90,1,44,19.1,0,1,0
TX002962,P009,Falcon Global,622,3,34100.0,30,1,51,9.1,0,1,1
TX002963,P055,Delta Energy,678,3,75700.0,30,2,53,10.4,0,0,0
TX002964,P112,Orient Materials,814,1,394100.0,60,1,45,23.6,1,0,0
TX002965,P077,Corona Energy,796,2,288000.0,0,0,37,18.6,0,0,0
TX002966,P051,Union Energy,711,3,43400.0,0,0,51,10.7,1,1,0
TX002967,P035,Sierra Materials,686,3,70500.0,30,1,66,9.5,0,0,0
TX002968,P078,Pacific Materials,833,1,363500.0,30,0,37,22.9,0,1,0
TX002969,P107,Prime Metals,797,2,245000.0,60,0,47,23.4,1,0,0
TX002970,P061,Harbor Metals,665,2,53400.0,60,1,58,15.4,1,1,0
TX002971,P113,Meridian Agro,616,3,36500.0,60,2,52,7.9,0,1,0
TX002972,P094,Union Chemicals,789,1,966900.0,30,1,48,16.3,0,0,0
TX002973,P120,Orient Chemicals,643,2,56800.0,60,0,50,12.7,1,0,0
TX002974,P094,Union Chemicals,787,1,822400.0,30,2,48,15.7,0,0,0
TX002975,P063,Prime Agro,472,4,142800.0,60,3,13,1.1,0,0,1
TX002976,P113,Meridian Agro,602,3,77900.0,90,1,52,8.0,1,0,0
TX002977,P091,Nordic Trading,856,2,318800.0,60,0,45,19.3,1,0,0
TX002978,P092,Falcon Metals,672,2,39900.0,30,1,47,16.2,0,0,0
TX002979,P120,Orient Chemicals,642,2,42500.0,60,0,50,13.3,0,0,1
TX002980,P061,Harbor Metals,649,2,47200.0,90,1,58,14.3,0,1,0
TX002981,P115,Vega Trading,695,2,98500.0,30,0,20,7.5,0,1,0
TX002982,P041,Falcon Industries,632,3,48800.0,60,1,63,7.1,0,0,0
TX002983,P005,Zenith Trading,604,3,42600.0,60,1,56,18.1,0,0,0
TX002984,P054,Golden Global,635,3,53000.0,60,1,58,16.1,0,1,0
TX002985,P118,Pacific Chemicals,783,1,199200.0,60,0,44,26.3,0,0,0
TX002986,P095,Meridian Trading,792,2,371600.0,0,1,44,21.0,0,0,0
TX002987,P085,Pacific Agro,682,3,28500.0,90,1,55,15.2,0,0,1
TX002988,P118,Pacific Chemicals,787,1,345200.0,30,0,44,26.1,1,0,0
TX002989,P005,Zenith Trading,635,3,23700.0,30,1,56,18.9,0,1,0
TX002990,P012,Prime Power,638,2,24800.0,90,1,60,4.2,1,1,1
TX002991,P066,Orient Energy,636,3,44800.0,30,1,54,6.2,1,0,0
TX002992,P032,Cobalt Logistics,687,3,132900.0,30,0,23,4.5,1,1,0
TX002993,P100,Nordic Agro,673,3,265700.0,60,1,14,11.4,1,0,0
TX002994,P092,Falcon Metals,670,2,49800.0,60,1,47,15.6,0,1,0
TX002995,P045,Meridian Materials,664,4,53800.0,60,2,51,9.6,0,1,0
TX002996,P091,Nordic Trading,866,2,430300.0,0,2,45,19.6,0,1,0
TX002997,P098,Marina Agro,673,3,38300.0,0,1,57,17.3,0,1,0
TX002998,P048,Orient Metals,592,2,46500.0,90,2,45,12.0,0,0,1
TX002999,P066,Orient Energy,620,3,55500.0,90,1,54,5.6,0,0,0
TX003000,P084,Meridian Metals,783,1,307500.0,90,0,45,23.2,0,0,0
TX003001,P034,Union Trading,754,2,438400.0,30,1,54,18.9,0,0,0
TX003002,P015,Crest Materials,784,1,389900.0,60,1,34,24.3,0,1,0
TX003003,P085,Pacific Agro,676,3,52100.0,90,1,55,16.1,0,0,0
TX003004,P113,Meridian Agro,590,3,74800.0,60,1,52,9.0,0,1,1
TX003005,P001,Delta Power,742,2,100100.0,0,0,19,3.1,0,1,0
TX003006,P061,Harbor Metals,658,2,40100.0,30,1,58,15.6,1,0,0
TX003007,P034,Union Trading,741,2,173400.0,30,1,54,18.5,0,0,0
TX003008,P064,Zenith Chemicals,658,4,34500.0,30,1,44,6.9,1,0,0
TX003009,P061,Harbor Metals,651,2,36000.0,60,1,58,15.5,0,1,1
TX003010,P099,Aurora Global,684,1,126300.0,60,2,26,11.1,1,0,0
TX003011,P096,Prime Materials,806,2,649600.0,90,0,50,23.5,1,0,0
TX003012,P075,Marina Industries,590,3,23700.0,90,1,49,12.1,1,0,1
TX003013,P048,Orient Metals,617,2,31400.0,0,1,45,12.3,0,1,0
TX003014,P055,Delta Energy,669,3,29800.0,60,2,53,11.1,0,0,0
TX003015,P087,Corona Metals,687,2,135600.0,60,1,19,13.2,1,1,0
TX003016,P005,Zenith Trading,587,3,30200.0,30,1,56,17.3,0,1,0
TX003017,P014,Orient Global,838,1,577300.0,30,0,44,17.5,1,1,0
TX003018,P110,Meridian Energy,788,1,326200.0,90,0,50,23.8,0,0,0
TX003019,P001,Delta Power,719,2,81600.0,30,1,19,2.3,0,1,0
TX003020,P077,Corona Energy,799,2,298100.0,30,0,37,18.5,1,1,0
TX003021,P021,Harbor Power,684,3,102000.0,30,0,15,11.7,1,0,0
TX003022,P117,Falcon Energy,700,2,59800.0,0,1,50,7.8,0,0,0
TX003023,P055,Delta Energy,684,3,34600.0,60,2,53,10.4,0,0,0
TX003024,P107,Prime Metals,782,2,206700.0,60,0,47,23.7,0,1,0
TX003025,P120,Orient Chemicals,631,2,98700.0,30,0,50,13.1,0,0,0
TX003026,P076,Nordic Materials,623,3,59300.0,90,1,58,10.2,0,1,0
TX003027,P002,Corona Agro,703,3,161400.0,60,2,25,4.1,1,0,0
TX003028,P048,Orient Metals,612,2,48700.0,0,2,45,12.1,0,0,0
TX003029,P075,Marina Industries,600,3,34400.0,60,2,49,12.7,1,0,0
TX003030,P058,Zenith Logistics,734,3,194600.0,60,0,19,7.3,1,0,0
TX003031,P013,Orient Logistics,750,2,287800.0,30,1,37,19.0,0,0,0
TX003032,P094,Union Chemicals,774,1,875400.0,0,0,48,16.6,0,0,0
TX003033,P081,Vega Industries,529,4,80400.0,30,3,6,6.4,1,1,1
TX003034,P118,Pacific Chemicals,794,1,259100.0,30,0,44,26.5,1,0,0
TX003035,P009,Falcon Global,623,3,37900.0,0,1,51,8.9,0,1,0
TX003036,P018,Marina Global,635,3,59100.0,60,1,58,15.5,0,0,0
TX003037,P078,Pacific Materials,830,1,313500.0,30,0,37,22.6,0,1,0
TX003038,P076,Nordic Materials,632,3,50000.0,30,0,58,12.2,1,1,0
TX003039,P057,Summit Industries,464,5,239500.0,90,4,4,3.0,1,1,1
TX003040,P061,Harbor Metals,670,2,61400.0,30,2,58,15.6,1,1,0
TX003041,P066,Orient Energy,626,3,50200.0,60,1,54,6.1,1,0,0
TX003042,P014,Orient Global,822,1,528000.0,0,0,44,18.0,0,0,0
TX003043,P048,Orient Metals,619,2,35400.0,0,1,45,11.7,1,0,0
TX003044,P110,Meridian Energy,810,1,567500.0,30,0,50,22.8,1,0,0
TX003045,P087,Corona Metals,693,2,184000.0,90,2,19,13.4,0,1,0
TX003046,P031,Vega Power,771,2,401100.0,90,1,38,17.0,1,1,1
TX003047,P067,Vega Materials,796,2,529000.0,90,0,51,22.0,0,0,0
TX003048,P084,Meridian Metals,741,1,317500.0,60,0,45,23.3,0,0,0
TX003049,P014,Orient Global,806,1,374100.0,60,0,44,19.5,0,0,0
TX003050,P064,Zenith Chemicals,642,4,32300.0,90,1,44,6.6,0,0,0
TX003051,P096,Prime Materials,786,2,612600.0,60,1,50,24.1,0,1,0
TX003052,P015,Crest Materials,769,1,555300.0,0,0,34,24.2,1,1,0
TX003053,P045,Meridian Materials,705,4,60900.0,30,2,51,10.6,0,0,0
TX003054,P085,Pacific Agro,694,3,42300.0,60,1,55,15.7,0,1,0
TX003055,P116,Aurora Materials,649,3,32900.0,0,4,55,9.4,1,1,0
TX003056,P063,Prime Agro,474,4,76700.0,90,2,13,0.5,0,0,1
TX003057,P108,Orient Power,682,3,39600.0,30,0,41,11.9,0,1,0
TX003058,P076,Nordic Materials,626,3,31500.0,60,0,58,11.9,0,0,0
TX003059,P112,Orient Materials,830,1,240100.0,60,0,45,23.8,0,0,0
TX003060,P046,Vega Agro,637,4,27300.0,30,0,56,10.2,0,1,1
TX003061,P040,Union Power,713,3,154000.0,0,1,15,3.3,0,0,0
TX003062,P097,Marina Chemicals,800,2,320900.0,60,1,35,18.8,0,1,0
TX003063,P070,Crest Metals,823,1,391900.0,90,0,45,23.4,0,0,0
TX003064,P041,Falcon Industries,636,3,45600.0,30,2,63,6.9,1,0,0
TX003065,P108,Orient Power,669,3,38900.0,60,1,41,11.9,0,1,0
TX003066,P003,Delta Materials,847,1,418900.0,60,1,41,19.4,0,0,0
TX003067,P101,Aurora Agro,686,3,118500.0,30,0,12,7.0,0,0,0
TX003068,P029,Atlas Global,433,5,93000.0,30,3,8,0.9,0,0,1
TX003069,P117,Falcon Energy,687,2,43600.0,60,1,50,6.8,1,0,0
TX003070,P048,Orient Metals,611,2,31900.0,30,1,45,12.1,1,0,0
TX003071,P040,Union Power,713,3,107200.0,60,1,15,2.9,0,1,0
TX003072,P035,Sierra Materials,662,3,52200.0,60,1,66,9.0,0,0,0
TX003073,P042,Corona Power,707,3,138900.0,0,0,25,13.0,1,0,0
TX003074,P118,Pacific Chemicals,777,1,236800.0,90,0,44,26.8,0,0,1
TX003075,P095,Meridian Trading,815,2,275100.0,0,0,44,21.8,1,1,0
TX003076,P085,Pacific Agro,683,3,66400.0,0,1,55,15.3,1,1,0
TX003077,P037,Nordic Global,661,3,44400.0,30,2,45,13.5,0,0,0
TX003078,P110,Meridian Energy,787,1,548500.0,0,0,50,21.7,0,0,0
TX003079,P107,Prime Metals,815,2,184700.0,30,1,47,23.1,1,1,0
TX003080,P067,Vega Materials,815,2,448100.0,30,1,51,21.9,1,0,0
TX003081,P115,Vega Trading,675,2,109900.0,90,0,20,8.1,0,0,0
TX003082,P099,Aurora Global,706,1,138600.0,30,2,26,11.7,0,1,0
TX003083,P033,Delta Industries,659,2,76900.0,0,0,24,7.2,0,1,0
TX003084,P010,Delta Chemicals,663,3,111400.0,30,0,51,9.9,0,1,0
TX003085,P043,Atlas Chemicals,822,2,515800.0,30,1,46,21.7,0,1,0
TX003086,P006,Harbor Agro,702,3,98300.0,60,1,28,5.1,0,0,1
TX003087,P065,Crest Global,692,2,106300.0,0,0,15,13.9,0,0,0
TX003088,P003,Delta Materials,835,1,319500.0,0,1,41,22.1,0,0,0
TX003089,P037,Nordic Global,669,3,46500.0,60,1,45,13.7,1,0,0
TX003090,P114,Corona Logistics,739,1,283500.0,30,0,52,19.4,0,1,0
TX003091,P055,Delta Energy,677,3,61100.0,60,3,53,10.9,0,1,0
TX003092,P012,Prime Power,625,2,68900.0,0,0,60,4.3,1,0,0
TX003093,P016,Aurora Energy,803,1,231700.0,0,0,45,27.5,0,1,0
TX003094,P076,Nordic Materials,651,3,20500.0,90,0,58,12.5,0,0,1
TX003095,P102,Falcon Power,772,1,430500.0,30,1,49,23.5,1,0,0
TX003096,P046,Vega Agro,621,4,49500.0,90,0,56,9.5,0,0,0
TX003097,P069,Sierra Global,661,2,106200.0,0,1,31,3.4,0,0,0
TX003098,P094,Union Chemicals,764,1,737000.0,60,0,48,16.5,0,0,0
TX003099,P062,Aurora Industries,688,3,96100.0,30,1,33,7.7,0,1,0
TX003100,P114,Corona Logistics,758,1,380200.0,90,0,52,19.2,0,0,0
TX003101,P005,Zenith Trading,645,3,24900.0,30,1,56,18.3,0,0,0
TX003102,P120,Orient Chemicals,630,2,24400.0,90,0,50,12.4,0,1,1
TX003103,P054,Golden Global,637,3,38300.0,0,1,58,16.7,0,1,0
TX003104,P093,Union Global,828,2,361300.0,0,2,52,19.6,0,0,0
TX003105,P005,Zenith Trading,619,3,31100.0,60,1,56,18.5,1,1,0
TX003106,P014,Orient Global,821,1,360200.0,30,0,44,17.9,1,0,0
TX003107,P010,Delta Chemicals,690,3,52000.0,30,0,51,10.1,1,1,0
TX003108,P110,Meridian Energy,816,1,413600.0,30,1,50,23.4,0,0,0
TX003109,P028,Pacific Global,627,2,62900.0,60,2,51,14.7,0,0,1
TX003110,P033,Delta Industries,686,2,82500.0,0,0,24,5.8,0,1,0
TX003111,P098,Marina Agro,651,3,31700.0,60,2,57,17.2,0,1,0
TX003112,P087,Corona Metals,684,2,184900.0,0,1,19,12.8,0,1,0
TX003113,P005,Zenith Trading,634,3,49100.0,60,1,56,17.9,0,1,1
TX003114,P093,Union Global,833,2,384500.0,90,2,52,20.8,0,1,0
TX003115,P075,Marina Industries,605,3,34000.0,30,1,49,11.5,0,0,0
TX003116,P013,Orient Logistics,757,2,251100.0,0,0,37,17.4,1,0,0
TX003117,P013,Orient Logistics,760,2,353800.0,90,0,37,18.2,0,1,0
TX003118,P016,Aurora Energy,795,1,450900.0,30,3,45,27.2,0,1,0
TX003119,P022,Sierra Metals,841,2,275700.0,60,1,46,21.1,0,0,0
TX003120,P102,Falcon Power,782,1,348700.0,0,0,49,23.2,0,1,0
TX003121,P072,Meridian Logistics,648,3,35600.0,60,0,51,8.0,1,1,0
TX003122,P043,Atlas Chemicals,802,2,361500.0,90,0,46,22.1,0,1,0
TX003123,P069,Sierra Global,650,2,176300.0,30,1,31,3.1,0,1,0
TX003124,P119,Meridian Chemicals,678,1,187300.0,60,1,25,10.7,1,1,0
TX003125,P096,Prime Materials,782,2,282100.0,0,0,50,23.9,0,1,0
TX003126,P105,Prime Logistics,510,4,61900.0,0,3,12,2.3,1,0,0
TX003127,P002,Corona Agro,686,3,226400.0,0,1,25,4.2,0,0,0
TX003128,P016,Aurora Energy,801,1,390900.0,60,2,45,26.9,0,1,1
TX003129,P066,Orient Energy,609,3,40400.0,30,1,54,5.7,0,0,0
TX003130,P110,Meridian Energy,785,1,249900.0,30,0,50,22.3,0,1,0
TX003131,P005,Zenith Trading,595,3,35200.0,30,1,56,17.9,0,1,1
TX003132,P008,Vega Logistics,713,2,196200.0,30,0,19,9.6,1,0,0
TX003133,P108,Orient Power,694,3,29600.0,60,0,41,12.4,0,0,0
TX003134,P111,Prime Global,723,2,248800.0,60,0,21,4.6,0,0,0
TX003135,P040,Union Power,717,3,109700.0,0,1,15,4.3,1,0,0
TX003136,P118,Pacific Chemicals,798,1,262000.0,30,0,44,27.3,0,1,0
TX003137,P009,Falcon Global,612,3,26700.0,60,1,51,9.9,0,1,0
TX003138,P018,Marina Global,647,3,41500.0,60,1,58,15.4,1,1,0
TX003139,P009,Falcon Global,648,3,49600.0,60,1,51,9.2,0,1,0
TX003140,P002,Corona Agro,701,3,254900.0,0,1,25,3.5,0,0,0
TX003141,P093,Union Global,837,2,469900.0,60,1,52,20.5,0,0,0
TX003142,P061,Harbor Metals,673,2,42700.0,30,1,58,15.5,0,0,0
TX003143,P074,Aurora Logistics,474,5,208400.0,60,3,7,7.7,0,1,1
TX003144,P035,Sierra Materials,664,3,28300.0,60,1,66,9.3,0,0,0
TX003145,P018,Marina Global,644,3,43500.0,60,1,58,15.5,0,0,1
TX003146,P013,Orient Logistics,761,2,296700.0,60,1,37,19.1,1,0,0
TX003147,P094,Union Chemicals,771,1,716800.0,30,0,48,16.6,0,0,0
TX003148,P001,Delta Power,725,2,187300.0,0,1,19,2.4,0,1,0
TX003149,P045,Meridian Materials,699,4,66600.0,30,2,51,10.1,0,1,0
TX003150,P055,Delta Energy,692,3,31900.0,60,2,53,10.2,0,0,1
TX003151,P034,Union Trading,765,2,279100.0,30,0,54,18.1,0,1,0
TX003152,P086,Sierra Energy,474,4,46300.0,30,3,5,15.2,0,0,1
TX003153,P085,Pacific Agro,672,3,50000.0,0,1,55,16.5,0,1,0
TX003154,P005,Zenith Trading,599,3,22100.0,30,2,56,17.7,0,1,1
TX003155,P064,Zenith Chemicals,645,4,62700.0,30,1,44,7.9,1,1,0
TX003156,P077,Corona Energy,790,2,305200.0,30,0,37,19.1,0,0,0
TX003157,P047,Pacific Metals,682,3,76700.0,30,1,11,6.4,0,0,1
TX003158,P006,Harbor Agro,708,3,110800.0,30,1,28,4.0,0,0,0
TX003159,P055,Delta Energy,689,3,32400.0,30,3,53,11.0,1,1,1
TX003160,P076,Nordic Materials,607,3,36300.0,60,1,58,12.2,1,1,0
TX003161,P003,Delta Materials,830,1,278300.0,90,1,41,20.6,0,1,0
TX003162,P023,Sierra Trading,479,4,76500.0,90,2,19,4.3,1,1,0
TX003163,P003,Delta Materials,823,1,584000.0,30,1,41,20.1,0,0,0
TX003164,P061,Harbor Metals,659,2,51700.0,30,1,58,16.0,1,1,0
TX003165,P090,Falcon Agro,827,2,277700.0,90,1,36,20.8,0,0,0
TX003166,P073,Vega Metals,702,2,156600.0,60,2,23,11.4,0,0,0
TX003167,P109,Delta Trading,833,1,269700.0,0,2,40,24.0,0,1,0
TX003168,P098,Marina Agro,651,3,36000.0,30,1,57,17.2,0,1,1
TX003169,P023,Sierra Trading,487,4,106900.0,60,3,19,4.3,0,0,1
TX003170,P107,Prime Metals,799,2,175300.0,90,1,47,22.2,0,0,0
TX003171,P066,Orient Energy,634,3,47000.0,60,1,54,5.7,0,0,0
TX003172,P034,Union Trading,734,2,419000.0,30,0,54,17.6,1,0,0
TX003173,P100,Nordic Agro,686,3,135500.0,0,0,14,11.9,0,1,0
TX003174,P071,Golden Metals,800,1,224200.0,60,0,47,27.0,0,0,0
TX003175,P035,Sierra Materials,665,3,50000.0,60,1,66,9.7,0,1,0
TX003176,P112,Orient Materials,800,1,186200.0,30,1,45,24.3,0,0,0
TX003177,P051,Union Energy,687,3,62300.0,60,0,51,10.0,0,0,0
TX003178,P071,Golden Metals,786,1,251400.0,60,0,47,27.5,0,1,0
TX003179,P061,Harbor Metals,645,2,47500.0,60,2,58,15.4,0,0,0
TX003180,P094,Union Chemicals,785,1,426000.0,30,0,48,16.5,0,1,0
TX003181,P061,Harbor Metals,663,2,43300.0,0,2,58,14.3,0,0,0
TX003182,P061,Harbor Metals,651,2,36500.0,30,1,58,15.6,1,1,0
TX003183,P035,Sierra Materials,661,3,38700.0,0,2,66,9.2,1,0,0
TX003184,P010,Delta Chemicals,653,3,66300.0,60,0,51,10.7,0,0,0
TX003185,P118,Pacific Chemicals,809,1,243700.0,0,0,44,25.7,1,0,0
TX003186,P079,Golden Agro,657,2,38000.0,0,3,54,12.7,0,1,0
TX003187,P006,Harbor Agro,699,3,159700.0,30,0,28,4.7,1,1,1
TX003188,P114,Corona Logistics,760,1,259300.0,30,0,52,18.7,1,1,0
TX003189,P109,Delta Trading,823,1,231300.0,60,0,40,23.4,0,0,0
TX003190,P117,Falcon Energy,682,2,93900.0,30,1,50,7.6,0,1,0
TX003191,P084,Meridian Metals,751,1,255700.0,30,3,45,23.4,0,0,0
TX003192,P118,Pacific Chemicals,777,1,171800.0,30,0,44,27.3,0,1,0
TX003193,P113,Meridian Agro,598,3,57800.0,60,2,52,9.6,0,1,0
TX003194,P066,Orient Energy,618,3,42100.0,60,1,54,6.3,1,1,0
TX003195,P039,Nordic Chemicals,460,4,138400.0,30,3,12,8.2,0,1,1
TX003196,P107,Prime Metals,767,2,253000.0,60,0,47,22.6,1,0,0
TX003197,P085,Pacific Agro,675,3,41500.0,90,1,55,15.2,0,1,0
TX003198,P110,Meridian Energy,793,1,328600.0,60,1,50,22.6,0,1,0
TX003199,P022,Sierra Metals,867,2,312200.0,60,1,46,21.9,0,0,0
TX003200,P072,Meridian Logistics,663,3,52400.0,0,0,51,8.2,1,1,0
TX003201,P063,Prime Agro,481,4,111100.0,30,3,13,0.6,0,0,1
TX003202,P090,Falcon Agro,812,2,450400.0,0,0,36,20.5,1,1,0
TX003203,P114,Corona Logistics,746,1,401000.0,30,0,52,19.2,1,1,0
TX003204,P012,Prime Power,616,2,36800.0,60,0,60,4.7,1,0,0
TX003205,P098,Marina Agro,649,3,27300.0,30,1,57,17.2,0,1,0
TX003206,P094,Union Chemicals,778,1,495900.0,60,0,48,15.7,0,1,0
TX003207,P043,Atlas Chemicals,791,2,312400.0,0,0,46,21.7,0,0,0
TX003208,P109,Delta Trading,836,1,378800.0,30,0,40,22.9,1,0,0
TX003209,P045,Meridian Materials,674,4,50200.0,60,2,51,9.9,0,1,0
TX003210,P088,Falcon Trading,613,3,33600.0,90,1,43,12.2,0,1,1
TX003211,P057,Summit Industries,473,5,157000.0,90,4,4,2.2,1,0,1
TX003212,P010,Delta Chemicals,683,3,69100.0,90,0,51,10.7,0,0,0
TX003213,P097,Marina Chemicals,817,2,478900.0,60,1,35,19.8,1,0,0
TX003214,P078,Pacific Materials,825,1,116800.0,0,0,37,22.3,1,0,0
TX003215,P113,Meridian Agro,606,3,47300.0,30,1,52,8.0,0,1,0
TX003216,P088,Falcon Trading,637,3,70700.0,90,1,43,12.4,0,0,0
TX003217,P102,Falcon Power,772,1,369000.0,30,0,49,23.7,0,1,0
TX003218,P094,Union Chemicals,766,1,569500.0,0,1,48,16.2,0,0,0
TX003219,P095,Meridian Trading,818,2,235900.0,60,2,44,20.9,1,0,0
TX003220,P080,Harbor Global,514,4,121900.0,30,2,20,4.4,0,1,1
TX003221,P081,Vega Industries,509,4,52600.0,60,2,6,6.6,0,0,0
TX003222,P108,Orient Power,683,3,38100.0,30,0,41,10.9,0,0,0
TX003223,P024,Zenith Energy,707,3,71500.0,90,1,16,8.5,0,0,0
TX003224,P114,Corona Logistics,760,1,284600.0,0,0,52,19.4,0,0,0
TX003225,P108,Orient Power,682,3,39100.0,30,0,41,12.0,0,0,0
TX003226,P093,Union Global,826,2,245400.0,30,1,52,20.3,0,1,0
TX003227,P020,Corona Materials,677,3,82300.0,90,0,40,14.9,0,0,0
TX003228,P045,Meridian Materials,663,4,49900.0,30,2,51,10.1,1,1,0
TX003229,P018,Marina Global,636,3,56100.0,0,1,58,15.7,0,1,0
TX003230,P118,Pacific Chemicals,780,1,346700.0,30,0,44,26.9,1,0,0
TX003231,P061,Harbor Metals,674,2,60000.0,90,1,58,14.6,0,0,0
TX003232,P079,Golden Agro,673,2,58600.0,60,1,54,13.2,0,0,0
TX003233,P090,Falcon Agro,820,2,482700.0,90,0,36,20.1,0,0,0
TX003234,P114,Corona Logistics,748,1,303900.0,90,0,52,18.9,0,0,0
TX003235,P003,Delta Materials,829,1,448500.0,30,2,41,20.7,0,1,0
TX003236,P020,Corona Materials,686,3,105600.0,30,2,40,15.5,0,0,0
TX003237,P024,Zenith Energy,699,3,67400.0,60,0,16,8.4,1,0,0
TX003238,P025,Crest Industries,708,2,195300.0,0,0,14,6.6,0,1,0
TX003239,P038,Marina Logistics,546,5,108100.0,60,1,14,3.5,0,0,1
TX003240,P085,Pacific Agro,681,3,34600.0,30,1,55,15.9,0,0,1
TX003241,P082,Union Materials,667,3,142600.0,0,1,14,12.2,0,1,0
TX003242,P056,Union Agro,714,2,195400.0,0,0,22,7.2,0,1,0
TX003243,P090,Falcon Agro,819,2,483000.0,60,0,36,20.9,1,1,0
TX003244,P092,Falcon Metals,702,2,79000.0,60,1,47,15.8,1,0,0
TX003245,P054,Golden Global,647,3,56700.0,60,1,58,16.2,0,1,0
TX003246,P053,Summit Global,746,3,161600.0,30,1,14,9.7,0,0,0
TX003247,P055,Delta Energy,681,3,26400.0,60,2,53,10.9,0,0,0
TX003248,P093,Union Global,798,2,522300.0,30,1,52,20.6,1,0,0
TX003249,P005,Zenith Trading,622,3,33200.0,60,1,56,18.5,1,1,0
TX003250,P009,Falcon Global,641,3,35500.0,30,2,51,7.2,1,0,0
TX003251,P001,Delta Power,695,2,113700.0,90,0,19,3.0,1,0,0
TX003252,P110,Meridian Energy,785,1,391900.0,30,0,50,22.7,1,0,0
TX003253,P094,Union Chemicals,780,1,595800.0,30,0,48,16.1,1,1,0
TX003254,P023,Sierra Trading,505,4,138900.0,90,5,19,4.2,1,1,1
TX003255,P038,Marina Logistics,526,5,120500.0,60,1,14,4.5,1,1,1
TX003256,P009,Falcon Global,641,3,39400.0,90,2,51,8.7,0,0,0
TX003257,P018,Marina Global,629,3,57500.0,0,1,58,14.7,1,0,0
TX003258,P037,Nordic Global,668,3,68200.0,60,1,45,14.5,1,1,1
TX003259,P036,Prime Trading,767,1,221200.0,30,0,40,23.3,0,0,0
TX003260,P067,Vega Materials,779,2,627600.0,0,0,51,21.3,1,0,0
TX003261,P064,Zenith Chemicals,663,4,53000.0,0,1,44,7.0,0,1,0
TX003262,P066,Orient Energy,630,3,50900.0,30,1,54,6.3,1,0,0
TX003263,P071,Golden Metals,781,1,562800.0,0,0,47,27.0,1,1,0
TX003264,P113,Meridian Agro,613,3,45700.0,30,1,52,8.6,0,1,0
TX003265,P072,Meridian Logistics,664,3,71500.0,60,0,51,8.9,0,1,0
TX003266,P092,Falcon Metals,681,2,29800.0,30,1,47,15.7,0,0,0
TX003267,P027,Summit Power,711,3,169900.0,90,0,21,3.2,1,1,0
TX003268,P075,Marina Industries,614,3,46000.0,60,1,49,12.2,0,0,0
TX003269,P066,Orient Energy,622,3,29900.0,0,1,54,4.9,1,0,1
TX003270,P108,Orient Power,687,3,24600.0,30,0,41,11.7,1,1,0
TX003271,P010,Delta Chemicals,666,3,54300.0,30,0,51,12.1,0,0,0
TX003272,P025,Crest Industries,684,2,173400.0,0,1,14,5.8,0,1,0
TX003273,P107,Prime Metals,795,2,239200.0,60,0,47,23.2,1,1,0
TX003274,P111,Prime Global,741,2,148100.0,0,0,21,4.2,0,0,0
TX003275,P043,Atlas Chemicals,796,2,455300.0,0,0,46,21.4,0,0,0
TX003276,P055,Delta Energy,675,3,28900.0,90,3,53,10.9,0,0,1
TX003277,P102,Falcon Power,773,1,333900.0,60,0,49,22.9,0,0,0
TX003278,P116,Aurora Materials,649,3,35200.0,30,2,55,10.4,0,0,0
TX003279,P067,Vega Materials,794,2,413900.0,0,0,51,22.1,0,0,0
TX003280,P010,Delta Chemicals,677,3,49400.0,30,0,51,10.1,0,0,0
TX003281,P066,Orient Energy,599,3,58000.0,0,1,54,6.3,0,0,0
TX003282,P056,Union Agro,712,2,169100.0,60,0,22,7.9,0,0,0
TX003283,P039,Nordic Chemicals,489,4,141200.0,60,3,12,7.7,0,0,1
TX003284,P118,Pacific Chemicals,774,1,269300.0,30,0,44,26.6,1,0,0
TX003285,P016,Aurora Energy,800,1,133800.0,60,0,45,27.9,0,0,0
TX003286,P085,Pacific Agro,678,3,54100.0,90,1,55,16.3,0,1,0
TX003287,P074,Aurora Logistics,469,5,78600.0,30,3,7,8.4,0,0,1
TX003288,P098,Marina Agro,648,3,27300.0,30,1,57,17.1,0,0,1
TX003289,P092,Falcon Metals,683,2,62900.0,30,1,47,16.2,0,1,0
TX003290,P067,Vega Materials,793,2,737200.0,0,0,51,22.0,0,0,0
TX003291,P035,Sierra Materials,668,3,24100.0,90,1,66,9.5,0,1,0
TX003292,P109,Delta Trading,828,1,448600.0,0,0,40,23.4,1,0,0
TX003293,P076,Nordic Materials,620,3,68800.0,90,0,58,12.2,0,1,1
TX003294,P078,Pacific Materials,810,1,469000.0,90,2,37,22.4,0,0,0
TX003295,P043,Atlas Chemicals,790,2,577000.0,30,0,46,21.6,0,0,0
TX003296,P096,Prime Materials,782,2,394900.0,30,0,50,23.2,0,1,0
TX003297,P009,Falcon Global,632,3,54300.0,60,1,51,9.6,0,0,0
TX003298,P070,Crest Metals,841,1,806700.0,0,0,45,23.0,1,1,0
TX003299,P076,Nordic Materials,646,3,36300.0,30,0,58,11.6,0,0,0
TX003300,P018,Marina Global,645,3,50200.0,30,1,58,15.6,0,1,0
TX003301,P098,Marina Agro,694,3,29400.0,90,1,57,18.2,0,0,0
TX003302,P066,Orient Energy,621,3,63600.0,90,1,54,6.3,0,0,0
TX003303,P062,Aurora Industries,662,3,133800.0,30,3,33,8.3,0,0,1
TX003304,P001,Delta Power,711,2,167500.0,90,0,19,2.9,0,0,0
TX003305,P085,Pacific Agro,685,3,29700.0,30,1,55,15.4,0,1,0
TX003306,P109,Delta Trading,841,1,228700.0,30,0,40,22.8,0,1,0
TX003307,P015,Crest Materials,772,1,654700.0,30,0,34,24.5,0,1,0
TX003308,P029,Atlas Global,452,5,112700.0,30,3,8,0.5,0,1,0
TX003309,P003,Delta Materials,856,1,231800.0,0,2,41,20.4,0,1,0
TX003310,P070,Crest Metals,814,1,510300.0,60,0,45,24.5,0,0,0
TX003311,P108,Orient Power,674,3,47200.0,0,1,41,12.1,0,0,0
TX003312,P110,Meridian Energy,800,1,259400.0,0,0,50,23.1,0,1,0
TX003313,P070,Crest Metals,824,1,325600.0,90,0,45,24.1,1,0,0
TX003314,P089,Golden Power,803,1,621700.0,0,0,45,24.0,1,0,0
TX003315,P033,Delta Industries,648,2,138100.0,0,1,24,5.8,0,0,0
TX003316,P061,Harbor Metals,656,2,84700.0,60,1,58,14.8,0,0,0
TX003317,P048,Orient Metals,612,2,60100.0,60,1,45,12.3,1,0,1
TX003318,P068,Cobalt Trading,687,4,248800.0,60,0,21,0.5,1,0,0
TX003319,P079,Golden Agro,641,2,31300.0,90,0,54,13.3,0,1,0
TX003320,P090,Falcon Agro,842,2,173300.0,60,0,36,20.2,0,0,0
TX003321,P020,Corona Materials,674,3,47400.0,30,1,40,15.0,0,0,1
TX003322,P072,Meridian Logistics,629,3,40900.0,30,1,51,9.3,0,1,0
TX003323,P109,Delta Trading,807,1,316500.0,0,0,40,23.8,1,1,0
TX003324,P041,Falcon Industries,629,3,33300.0,0,1,63,7.0,0,0,0
TX003325,P003,Delta Materials,833,1,692800.0,0,2,41,20.4,1,1,0
TX003326,P041,Falcon Industries,639,3,40600.0,30,1,63,7.5,0,1,0
TX003327,P011,Corona Industries,705,3,157900.0,30,2,20,9.6,0,1,0
TX003328,P010,Delta Chemicals,679,3,80800.0,0,0,51,10.9,0,0,0
TX003329,P101,Aurora Agro,714,3,249000.0,30,0,12,6.7,0,1,0
TX003330,P022,Sierra Metals,862,2,180600.0,90,3,46,22.1,0,1,0
TX003331,P097,Marina Chemicals,804,2,355900.0,90,1,35,19.9,1,1,0
TX003332,P009,Falcon Global,629,3,59100.0,30,2,51,9.5,0,0,0
TX003333,P117,Falcon Energy,674,2,80100.0,0,1,50,6.8,0,0,0
TX003334,P105,Prime Logistics,504,4,101500.0,30,3,12,2.2,0,0,1
TX003335,P109,Delta Trading,824,1,381700.0,30,1,40,23.2,0,1,0
TX003336,P066,Orient Energy,650,3,44100.0,60,1,54,5.5,0,0,1
TX003337,P033,Delta Industries,677,2,102900.0,30,0,24,7.2,0,0,0
TX003338,P097,Marina Chemicals,801,2,311200.0,0,1,35,18.3,0,1,0
TX003339,P095,Meridian Trading,802,2,254800.0,60,1,44,20.8,1,0,0
TX003340,P088,Falcon Trading,615,3,30000.0,60,1,43,13.1,1,1,0
TX003341,P082,Union Materials,657,3,102700.0,90,3,14,11.3,1,0,0
TX003342,P073,Vega Metals,713,2,127000.0,30,1,23,10.5,0,1,0
TX003343,P070,Crest Metals,836,1,324900.0,60,0,45,24.0,0,0,0
TX003344,P065,Crest Global,709,2,105700.0,30,1,15,13.8,1,0,0
TX003345,P118,Pacific Chemicals,773,1,315400.0,30,3,44,26.7,0,0,0
TX003346,P020,Corona Materials,672,3,56000.0,30,0,40,16.3,1,1,0
TX003347,P064,Zenith Chemicals,645,4,28500.0,30,1,44,7.3,0,1,0
TX003348,P054,Golden Global,657,3,53300.0,60,1,58,15.7,0,0,0
TX003349,P070,Crest Metals,846,1,797900.0,0,0,45,23.1,1,0,0
TX003350,P062,Aurora Industries,684,3,69500.0,0,1,33,8.3,0,0,0
TX003351,P012,Prime Power,614,2,48100.0,60,0,60,4.0,0,1,0
TX003352,P031,Vega Power,777,2,345700.0,90,0,38,16.4,0,1,0
TX003353,P079,Golden Agro,677,2,38400.0,0,0,54,13.2,0,1,0
TX003354,P097,Marina Chemicals,810,2,370500.0,60,1,35,20.0,1,1,0
TX003355,P039,Nordic Chemicals,477,4,208100.0,60,3,12,7.7,0,1,1
TX003356,P116,Aurora Materials,638,3,33600.0,30,2,55,10.1,0,0,0
TX003357,P046,Vega Agro,633,4,59000.0,0,0,56,9.9,0,1,0
TX003358,P080,Harbor Global,555,4,182500.0,90,2,20,4.3,0,0,1
TX003359,P006,Harbor Agro,706,3,145800.0,60,0,28,4.1,1,1,0
TX003360,P058,Zenith Logistics,713,3,150500.0,90,4,19,7.6,0,0,0
TX003361,P073,Vega Metals,720,2,208200.0,30,1,23,9.5,0,0,0
TX003362,P009,Falcon Global,642,3,14100.0,30,2,51,9.2,0,1,0
TX003363,P079,Golden Agro,680,2,23800.0,60,0,54,12.9,1,1,0
TX003364,P109,Delta Trading,830,1,399200.0,90,0,40,22.9,0,0,0
TX003365,P037,Nordic Global,668,3,45200.0,60,1,45,13.5,1,1,0
TX003366,P005,Zenith Trading,621,3,25900.0,0,1,56,17.9,0,0,0
TX003367,P034,Union Trading,752,2,417700.0,0,0,54,18.8,1,1,0
TX003368,P068,Cobalt Trading,687,4,144700.0,60,1,21,0.5,0,0,0
TX003369,P120,Orient Chemicals,626,2,89400.0,0,0,50,13.7,0,0,0
TX003370,P067,Vega Materials,792,2,260800.0,0,0,51,21.7,0,1,0
TX003371,P014,Orient Global,807,1,498200.0,30,0,44,18.2,0,1,0
TX003372,P060,Marina Power,496,5,129900.0,90,4,2,1.5,0,0,1
TX003373,P041,Falcon Industries,631,3,46400.0,60,2,63,6.4,0,0,1
TX003374,P070,Crest Metals,819,1,939500.0,90,0,45,23.9,1,0,0
TX003375,P061,Harbor Metals,657,2,43100.0,30,1,58,14.7,0,0,0
TX003376,P035,Sierra Materials,656,3,45300.0,60,2,66,9.4,0,0,1
TX003377,P004,Al-Rashid Trading,467,5,131600.0,30,2,6,6.1,0,0,1
TX003378,P093,Union Global,850,2,630200.0,30,1,52,19.5,0,0,0
TX003379,P042,Corona Power,725,3,272700.0,30,0,25,11.9,0,1,0
TX003380,P087,Corona Metals,663,2,212000.0,30,1,19,12.4,0,1,0
TX003381,P116,Aurora Materials,671,3,40200.0,60,2,55,9.2,1,1,0
TX003382,P120,Orient Chemicals,626,2,85300.0,60,0,50,13.5,1,0,0
TX003383,P033,Delta Industries,684,2,57700.0,60,0,24,6.3,0,0,0
TX003384,P023,Sierra Trading,487,4,117500.0,30,2,19,3.9,0,1,1
TX003385,P041,Falcon Industries,647,3,35700.0,30,1,63,7.4,0,0,0
TX003386,P109,Delta Trading,815,1,271300.0,60,0,40,22.6,1,0,0
TX003387,P042,Corona Power,732,3,169900.0,60,0,25,11.9,1,1,0
TX003388,P085,Pacific Agro,685,3,27800.0,0,1,55,16.0,0,1,0
TX003389,P015,Crest Materials,786,1,311900.0,90,0,34,23.4,1,0,0
TX003390,P048,Orient Metals,614,2,40500.0,90,1,45,12.5,0,1,1
TX003391,P035,Sierra Materials,670,3,35100.0,30,5,66,8.2,0,1,0
TX003392,P048,Orient Metals,631,2,38900.0,0,2,45,12.0,0,0,0
TX003393,P041,Falcon Industries,616,3,46300.0,0,1,63,6.8,0,0,0
TX003394,P110,Meridian Energy,809,1,307600.0,60,1,50,22.6,1,1,0
TX003395,P067,Vega Materials,799,2,654300.0,60,1,51,22.6,0,0,1
TX003396,P037,Nordic Global,660,3,43000.0,60,2,45,13.6,1,1,0
TX003397,P051,Union Energy,687,3,57300.0,30,0,51,11.2,1,1,0
TX003398,P018,Marina Global,657,3,53500.0,60,1,58,16.2,0,0,0
TX003399,P109,Delta Trading,830,1,169000.0,30,0,40,23.4,0,0,0
TX003400,P090,Falcon Agro,822,2,537900.0,0,1,36,21.5,1,0,0
TX003401,P012,Prime Power,625,2,34500.0,0,0,60,4.7,0,1,0
TX003402,P082,Union Materials,685,3,257000.0,60,3,14,10.9,0,0,0
TX003403,P064,Zenith Chemicals,650,4,36900.0,30,2,44,7.4,0,0,1
TX003404,P026,Summit Materials,725,3,101200.0,60,0,31,8.8,1,0,0
TX003405,P107,Prime Metals,787,2,195600.0,0,1,47,22.7,1,0,0
TX003406,P033,Delta Industries,674,2,49000.0,0,0,24,7.2,1,1,0
TX003407,P069,Sierra Global,670,2,123900.0,30,1,31,4.2,0,0,0
TX003408,P088,Falcon Trading,623,3,36600.0,60,3,43,12.2,1,1,0
TX003409,P073,Vega Metals,697,2,185800.0,60,2,23,10.5,0,0,0
TX003410,P012,Prime Power,625,2,43000.0,90,0,60,4.8,0,1,1
TX003411,P091,Nordic Trading,848,2,514900.0,90,0,45,19.6,0,0,0
TX003412,P066,Orient Energy,617,3,38500.0,60,1,54,4.8,0,1,1
TX003413,P113,Meridian Agro,603,3,40200.0,0,1,52,8.9,0,1,0
TX003414,P045,Meridian Materials,669,4,103800.0,60,3,51,10.5,1,1,0
TX003415,P020,Corona Materials,690,3,58000.0,30,0,40,16.2,0,1,0
TX003416,P102,Falcon Power,785,1,310700.0,60,0,49,23.1,1,0,0
TX003417,P001,Delta Power,708,2,110700.0,60,0,19,3.1,0,1,0
TX003418,P082,Union Materials,691,3,66000.0,30,1,14,12.2,0,1,0
TX003419,P032,Cobalt Logistics,699,3,113200.0,90,0,23,4.3,0,0,0
TX003420,P092,Falcon Metals,658,2,60300.0,60,2,47,16.0,1,0,0
TX003421,P078,Pacific Materials,832,1,339800.0,0,0,37,23.6,0,0,0
TX003422,P036,Prime Trading,762,1,159300.0,30,2,40,22.7,0,0,0
TX003423,P092,Falcon Metals,683,2,51400.0,90,1,47,15.7,0,0,0
TX003424,P109,Delta Trading,823,1,210100.0,90,0,40,23.5,0,1,0
TX003425,P006,Harbor Agro,673,3,204400.0,30,0,28,4.2,1,0,0
TX003426,P045,Meridian Materials,679,4,35800.0,60,1,51,10.5,1,1,0
TX003427,P092,Falcon Metals,672,2,36000.0,30,1,47,16.5,0,0,0
TX003428,P061,Harbor Metals,643,2,34800.0,90,4,58,15.6,0,1,0
TX003429,P098,Marina Agro,646,3,28800.0,60,1,57,17.1,0,0,0
TX003430,P015,Crest Materials,767,1,433000.0,30,0,34,24.9,0,0,0
TX003431,P106,Prime Industries,719,2,166700.0,90,3,20,8.4,0,1,0
TX003432,P038,Marina Logistics,539,5,126500.0,60,1,14,4.1,0,1,1
TX003433,P107,Prime Metals,778,2,375600.0,90,0,47,21.9,0,0,0
TX003434,P113,Meridian Agro,607,3,47400.0,60,1,52,9.4,0,1,0
TX003435,P010,Delta Chemicals,669,3,33800.0,90,0,51,10.5,0,0,0
TX003436,P113,Meridian Agro,624,3,58300.0,60,1,52,7.9,1,0,0
TX003437,P114,Corona Logistics,747,1,282300.0,90,0,52,19.8,0,1,1
TX003438,P045,Meridian Materials,668,4,66600.0,0,1,51,10.2,0,0,1
TX003439,P065,Crest Global,693,2,101500.0,90,0,15,14.0,0,0,0
TX003440,P106,Prime Industries,721,2,78400.0,60,2,20,9.3,0,0,0
TX003441,P045,Meridian Materials,686,4,86100.0,30,1,51,9.8,1,0,0
TX003442,P094,Union Chemicals,780,1,632700.0,30,0,48,16.1,0,1,0
TX003443,P001,Delta Power,721,2,184300.0,30,0,19,2.7,1,0,0
TX003444,P032,Cobalt Logistics,701,3,112500.0,30,0,23,4.6,0,0,0
TX003445,P041,Falcon Industries,618,3,26200.0,60,2,63,7.9,1,0,0
TX003446,P034,Union Trading,777,2,274400.0,60,0,54,18.5,0,1,0
TX003447,P016,Aurora Energy,804,1,242900.0,30,1,45,26.4,0,0,0
TX003448,P116,Aurora Materials,656,3,42800.0,0,2,55,10.4,1,0,0
TX003449,P117,Falcon Energy,681,2,58900.0,0,1,50,7.6,0,1,0
TX003450,P076,Nordic Materials,624,3,43900.0,60,0,58,10.2,1,0,0
TX003451,P092,Falcon Metals,671,2,78500.0,0,3,47,15.8,1,1,0
TX003452,P102,Falcon Power,785,1,272300.0,60,0,49,22.2,0,1,0
TX003453,P015,Crest Materials,756,1,311800.0,60,0,34,24.4,0,0,0
TX003454,P078,Pacific Materials,823,1,395900.0,90,0,37,21.9,0,1,0
TX003455,P098,Marina Agro,654,3,56000.0,30,2,57,17.5,1,0,0
TX003456,P001,Delta Power,727,2,226600.0,30,0,19,2.3,0,1,0
TX003457,P094,Union Chemicals,782,1,513700.0,90,1,48,17.1,0,1,0
TX003458,P006,Harbor Agro,688,3,138000.0,30,0,28,4.4,1,0,0
TX003459,P042,Corona Power,719,3,225400.0,30,1,25,11.6,0,1,0
TX003460,P003,Delta Materials,865,1,386800.0,60,1,41,20.5,0,0,0
TX003461,P108,Orient Power,682,3,30600.0,30,1,41,11.8,0,0,0
TX003462,P079,Golden Agro,663,2,29600.0,30,0,54,13.6,1,0,0
TX003463,P036,Prime Trading,745,1,194800.0,30,1,40,23.3,0,1,0
TX003464,P042,Corona Power,693,3,97900.0,30,0,25,12.0,1,0,0
TX003465,P010,Delta Chemicals,669,3,39300.0,30,0,51,11.6,0,0,1
TX003466,P119,Meridian Chemicals,638,1,96600.0,90,2,25,11.3,0,0,1
TX003467,P100,Nordic Agro,669,3,188000.0,0,0,14,11.7,0,0,0
TX003468,P116,Aurora Materials,672,3,53500.0,60,3,55,9.3,1,0,1
TX003469,P027,Summit Power,698,3,115800.0,90,0,21,2.8,0,0,0
TX003470,P010,Delta Chemicals,669,3,51100.0,0,0,51,11.1,1,0,0
TX003471,P044,Summit Agro,733,2,184300.0,30,1,23,8.7,0,1,0
TX003472,P048,Orient Metals,624,2,40700.0,30,2,45,12.7,0,0,1
TX003473,P027,Summit Power,692,3,51400.0,30,0,21,3.0,1,0,0
TX003474,P076,Nordic Materials,630,3,68500.0,60,0,58,11.9,0,1,0
TX003475,P005,Zenith Trading,629,3,41700.0,60,1,56,18.3,0,1,0
TX003476,P091,Nordic Trading,865,2,253400.0,30,0,45,20.0,1,0,0
TX003477,P041,Falcon Industries,639,3,42200.0,30,1,63,6.1,0,1,1
TX003478,P114,Corona Logistics,746,1,466900.0,30,0,52,18.6,1,0,0
TX003479,P110,Meridian Energy,804,1,302600.0,30,0,50,23.0,1,1,0
TX003480,P078,Pacific Materials,816,1,408100.0,90,0,37,23.8,0,0,0
TX003481,P002,Corona Agro,702,3,219700.0,90,1,25,3.8,0,1,0
TX003482,P089,Golden Power,814,1,497400.0,90,0,45,23.8,1,0,0
TX003483,P084,Meridian Metals,759,1,751900.0,0,1,45,24.0,1,1,0
TX003484,P010,Delta Chemicals,677,3,53500.0,60,0,51,10.5,0,1,0
TX003485,P019,Cobalt Materials,478,4,97500.0,60,3,4,3.9,0,1,1
TX003486,P116,Aurora Materials,646,3,27700.0,30,2,55,10.9,0,0,0
TX003487,P015,Crest Materials,794,1,539200.0,30,0,34,24.7,0,1,0
TX003488,P112,Orient Materials,820,1,317100.0,60,0,45,24.6,0,0,0
TX003489,P073,Vega Metals,720,2,211700.0,30,1,23,10.8,0,1,0
TX003490,P056,Union Agro,717,2,215300.0,90,0,22,7.7,0,0,0
TX003491,P041,Falcon Industries,627,3,44000.0,60,3,63,6.3,1,0,1
TX003492,P079,Golden Agro,662,2,36200.0,30,0,54,14.0,1,1,0
TX003493,P102,Falcon Power,785,1,375200.0,90,1,49,23.1,0,1,0
TX003494,P045,Meridian Materials,681,4,56800.0,60,1,51,10.3,0,0,1
TX003495,P097,Marina Chemicals,807,2,280000.0,90,1,35,19.6,0,0,0
TX003496,P112,Orient Materials,802,1,231700.0,30,2,45,24.1,1,1,0
TX003497,P028,Pacific Global,625,2,98500.0,30,2,51,14.5,0,1,0
TX003498,P098,Marina Agro,670,3,32800.0,0,1,57,17.1,0,0,0
TX003499,P016,Aurora Energy,807,1,216100.0,0,0,45,27.5,1,1,0
TX003500,P113,Meridian Agro,601,3,75200.0,60,1,52,8.9,0,0,1
TX003501,P116,Aurora Materials,660,3,29900.0,30,2,55,10.1,1,0,0
TX003502,P079,Golden Agro,667,2,38600.0,60,0,54,14.4,0,1,1
TX003503,P007,Cairo Grid Co,522,4,100100.0,30,3,19,1.3,0,1,1
TX003504,P106,Prime Industries,716,2,243200.0,60,2,20,8.4,0,1,0
TX003505,P117,Falcon Energy,686,2,44900.0,0,2,50,8.8,0,1,0
TX003506,P094,Union Chemicals,767,1,759900.0,0,0,48,17.0,0,1,0
TX003507,P071,Golden Metals,799,1,220700.0,30,1,47,27.5,0,0,0
TX003508,P013,Orient Logistics,732,2,269800.0,30,0,37,18.6,0,1,0
TX003509,P041,Falcon Industries,635,3,49700.0,0,1,63,6.9,0,0,0
TX003510,P048,Orient Metals,641,2,34400.0,0,1,45,11.4,1,0,0
TX003511,P049,Orient Trading,504,4,109900.0,90,3,9,6.1,1,0,1
TX003512,P010,Delta Chemicals,673,3,47800.0,0,1,51,10.9,1,1,0
TX003513,P109,Delta Trading,824,1,283500.0,90,0,40,23.3,0,0,0
TX003514,P066,Orient Energy,636,3,28900.0,0,5,54,6.0,0,0,0
TX003515,P054,Golden Global,644,3,51200.0,90,1,58,16.7,0,0,0
TX003516,P097,Marina Chemicals,802,2,294100.0,30,1,35,19.2,0,0,0
TX003517,P107,Prime Metals,785,2,241300.0,30,0,47,23.4,0,1,0
TX003518,P092,Falcon Metals,672,2,45100.0,0,2,47,15.7,0,0,0
TX003519,P068,Cobalt Trading,701,4,147000.0,30,0,21,0.8,0,1,0
TX003520,P035,Sierra Materials,643,3,43400.0,90,1,66,8.7,1,0,0
TX003521,P091,Nordic Trading,864,2,309100.0,30,1,45,20.0,0,1,0
TX003522,P116,Aurora Materials,644,3,27100.0,30,3,55,10.9,1,0,1
TX003523,P015,Crest Materials,777,1,400200.0,0,0,34,24.5,0,0,0
TX003524,P058,Zenith Logistics,695,3,349800.0,0,0,19,8.2,0,0,0
TX003525,P119,Meridian Chemicals,668,1,166500.0,30,1,25,11.4,1,0,0
TX003526,P015,Crest Materials,767,1,360300.0,60,0,34,24.4,0,1,0
TX003527,P091,Nordic Trading,826,2,261900.0,90,0,45,19.3,0,0,0
TX003528,P110,Meridian Energy,797,1,297600.0,30,0,50,24.1,0,0,0
TX003529,P022,Sierra Metals,843,2,379800.0,30,1,46,20.9,0,1,0
TX003530,P042,Corona Power,713,3,145800.0,30,0,25,12.7,0,0,0
TX003531,P035,Sierra Materials,685,3,56500.0,60,1,66,10.1,1,1,0
TX003532,P054,Golden Global,662,3,92900.0,60,1,58,16.5,0,1,0
TX003533,P110,Meridian Energy,803,1,390000.0,60,0,50,23.5,1,0,0
TX003534,P090,Falcon Agro,809,2,281900.0,30,1,36,20.8,0,0,0
TX003535,P055,Delta Energy,679,3,39500.0,60,2,53,11.5,0,1,0
TX003536,P041,Falcon Industries,643,3,33200.0,30,1,63,7.9,0,0,1
TX003537,P023,Sierra Trading,473,4,186300.0,30,3,19,5.1,0,0,1
TX003538,P102,Falcon Power,779,1,257000.0,30,0,49,23.5,0,0,0
TX003539,P084,Meridian Metals,761,1,439600.0,60,0,45,23.1,0,0,0
TX003540,P064,Zenith Chemicals,627,4,30600.0,0,1,44,8.5,1,1,1
TX003541,P089,Golden Power,813,1,457300.0,90,1,45,25.3,0,0,0
TX003542,P006,Harbor Agro,708,3,124200.0,60,0,28,4.7,0,1,0
TX003543,P043,Atlas Chemicals,820,2,415600.0,60,0,46,22.2,1,0,0
TX003544,P023,Sierra Trading,473,4,210700.0,0,5,19,4.0,0,0,1
TX003545,P020,Corona Materials,689,3,87600.0,0,1,40,14.6,0,0,0
TX003546,P009,Falcon Global,614,3,44600.0,60,1,51,9.3,1,1,0
TX003547,P116,Aurora Materials,639,3,40900.0,60,3,55,9.6,1,1,0
TX003548,P094,Union Chemicals,761,1,582400.0,60,0,48,16.4,1,1,0
TX003549,P036,Prime Trading,759,1,211400.0,60,1,40,23.3,0,1,0
TX003550,P098,Marina Agro,651,3,69300.0,0,1,57,16.6,1,1,0
TX003551,P119,Meridian Chemicals,655,1,207100.0,0,1,25,12.0,0,0,0
TX003552,P085,Pacific Agro,671,3,33500.0,60,1,55,15.9,1,1,0
TX003553,P041,Falcon Industries,627,3,50600.0,0,1,63,6.8,0,0,0
TX003554,P071,Golden Metals,781,1,319100.0,30,0,47,27.2,0,0,0
TX003555,P081,Vega Industries,498,4,66900.0,30,2,6,5.6,0,1,0
TX003556,P076,Nordic Materials,627,3,101800.0,0,0,58,12.1,0,1,0
TX003557,P110,Meridian Energy,815,1,725300.0,0,0,50,22.9,1,0,0
TX003558,P089,Golden Power,784,1,354800.0,0,2,45,24.9,1,0,0
TX003559,P071,Golden Metals,783,1,229600.0,90,0,47,26.6,0,0,0
TX003560,P003,Delta Materials,840,1,379100.0,0,1,41,20.8,0,1,0
TX003561,P114,Corona Logistics,748,1,372900.0,60,1,52,19.6,1,0,0
TX003562,P061,Harbor Metals,667,2,36100.0,90,2,58,15.2,0,0,1
TX003563,P070,Crest Metals,827,1,493300.0,60,0,45,24.0,0,1,0
TX003564,P064,Zenith Chemicals,690,4,25500.0,60,2,44,6.7,0,0,1
TX003565,P009,Falcon Global,620,3,49600.0,0,1,51,8.7,0,0,0
TX003566,P072,Meridian Logistics,653,3,52700.0,0,0,51,8.5,1,0,0
TX003567,P067,Vega Materials,792,2,229200.0,0,0,51,22.8,0,1,0
TX003568,P093,Union Global,843,2,538400.0,60,1,52,21.5,0,1,0
TX003569,P118,Pacific Chemicals,807,1,248700.0,60,1,44,26.6,0,0,0
TX003570,P061,Harbor Metals,642,2,55700.0,60,1,58,15.4,1,0,0
TX003571,P086,Sierra Energy,459,4,72000.0,90,3,5,14.4,1,0,1
TX003572,P076,Nordic Materials,620,3,62400.0,30,2,58,11.4,0,1,1
TX003573,P040,Union Power,718,3,136200.0,0,1,15,4.7,0,1,0
TX003574,P119,Meridian Chemicals,660,1,69600.0,60,1,25,11.9,0,1,0
TX003575,P098,Marina Agro,635,3,54900.0,60,2,57,17.7,0,1,0
TX003576,P067,Vega Materials,788,2,431600.0,60,0,51,22.7,0,0,0
TX003577,P048,Orient Metals,615,2,55000.0,60,2,45,11.4,0,0,1
TX003578,P048,Orient Metals,609,2,38700.0,0,1,45,11.9,0,0,0
TX003579,P087,Corona Metals,695,2,172800.0,60,1,19,13.2,0,1,0
TX003580,P046,Vega Agro,617,4,33200.0,30,1,56,10.5,1,0,1
TX003581,P097,Marina Chemicals,806,2,478100.0,60,1,35,19.3,0,1,0
TX003582,P007,Cairo Grid Co,532,4,123900.0,30,4,19,1.7,0,0,1
TX003583,P046,Vega Agro,616,4,43500.0,60,0,56,10.7,1,1,0
TX003584,P041,Falcon Industries,639,3,27800.0,0,1,63,7.2,0,0,0
TX003585,P042,Corona Power,705,3,140500.0,60,0,25,11.5,1,0,0
TX003586,P016,Aurora Energy,801,1,345300.0,60,0,45,26.0,0,0,0
TX003587,P064,Zenith Chemicals,648,4,35400.0,60,1,44,7.3,0,0,0
TX003588,P095,Meridian Trading,815,2,164600.0,60,1,44,21.2,0,0,0
TX003589,P034,Union Trading,758,2,376800.0,60,0,54,18.0,1,0,0
TX003590,P085,Pacific Agro,697,3,42300.0,30,1,55,16.4,1,1,0
TX003591,P031,Vega Power,779,2,253000.0,60,0,38,17.2,1,0,0
TX003592,P116,Aurora Materials,663,3,39700.0,60,2,55,10.6,0,1,0
TX003593,P114,Corona Logistics,741,1,217000.0,60,0,52,19.3,0,0,1
TX003594,P118,Pacific Chemicals,787,1,219200.0,0,0,44,26.7,1,0,0
TX003595,P040,Union Power,718,3,217700.0,30,1,15,3.8,0,0,1
TX003596,P070,Crest Metals,820,1,646600.0,0,0,45,23.6,0,0,0
TX003597,P092,Falcon Metals,675,2,50700.0,60,1,47,16.4,0,1,0
TX003598,P083,Crest Agro,711,3,271800.0,30,0,19,7.4,0,1,0
TX003599,P011,Corona Industries,683,3,189400.0,0,0,20,11.3,0,0,0
TX003600,P043,Atlas Chemicals,817,2,481600.0,60,0,46,21.8,1,1,0
TX003601,P051,Union Energy,702,3,71900.0,60,0,51,11.2,1,1,0
TX003602,P018,Marina Global,646,3,53500.0,30,2,58,15.7,1,0,0
TX003603,P010,Delta Chemicals,675,3,44200.0,60,0,51,9.9,0,1,0
TX003604,P034,Union Trading,754,2,273600.0,30,0,54,17.8,1,0,0
TX003605,P017,Lagos Agro Ltd,504,4,169300.0,30,3,7,3.9,0,0,1
TX003606,P018,Marina Global,630,3,41400.0,0,1,58,16.0,0,0,0
TX003607,P035,Sierra Materials,648,3,49300.0,0,2,66,9.0,0,1,0
TX003608,P089,Golden Power,803,1,242000.0,30,0,45,25.3,0,0,0
TX003609,P046,Vega Agro,655,4,48600.0,30,0,56,10.9,1,0,0
TX003610,P092,Falcon Metals,666,2,43800.0,30,4,47,15.5,0,0,1
TX003611,P066,Orient Energy,612,3,53000.0,30,1,54,5.3,0,0,1
TX003612,P100,Nordic Agro,668,3,141600.0,90,0,14,11.6,0,0,0
TX003613,P115,Vega Trading,689,2,123500.0,30,0,20,7.9,0,0,0
TX003614,P109,Delta Trading,831,1,244900.0,0,0,40,23.5,1,1,0
TX003615,P108,Orient Power,694,3,33200.0,60,0,41,10.8,1,1,0
TX003616,P027,Summit Power,704,3,77900.0,30,1,21,3.6,0,1,0
TX003617,P028,Pacific Global,627,2,40000.0,60,2,51,14.5,0,0,1
TX003618,P116,Aurora Materials,660,3,35400.0,60,2,55,10.7,0,0,1
TX003619,P102,Falcon Power,788,1,413700.0,30,0,49,22.9,0,1,0
TX003620,P104,Summit Energy,830,2,635200.0,90,2,41,21.3,1,1,0
TX003621,P027,Summit Power,698,3,169800.0,30,0,21,3.4,0,0,0
TX003622,P035,Sierra Materials,662,3,33800.0,90,1,66,9.2,0,1,1
TX003623,P025,Crest Industries,701,2,147400.0,0,1,14,6.5,0,0,0
TX003624,P075,Marina Industries,604,3,39400.0,30,1,49,11.8,0,1,0
TX003625,P014,Orient Global,817,1,376200.0,30,0,44,17.4,0,0,0
TX003626,P114,Corona Logistics,731,1,476900.0,0,0,52,18.8,0,1,0
TX003627,P005,Zenith Trading,608,3,23900.0,30,1,56,17.9,0,1,1
TX003628,P075,Marina Industries,612,3,59800.0,30,2,49,12.3,0,1,0
TX003629,P026,Summit Materials,727,3,104100.0,90,0,31,9.3,0,0,0
TX003630,P037,Nordic Global,671,3,52600.0,60,1,45,13.7,0,0,0
TX003631,P051,Union Energy,666,3,36200.0,0,0,51,10.8,0,1,0
TX003632,P036,Prime Trading,726,1,370700.0,30,1,40,23.1,0,1,0
TX003633,P045,Meridian Materials,679,4,37800.0,60,1,51,10.0,0,0,0
TX003634,P069,Sierra Global,652,2,87300.0,60,1,31,3.6,0,0,0
TX003635,P112,Orient Materials,800,1,197400.0,30,0,45,23.4,1,0,0
TX003636,P002,Corona Agro,699,3,171600.0,30,2,25,3.9,0,1,0
TX003637,P106,Prime Industries,701,2,179300.0,30,2,20,6.9,0,0,0
TX003638,P079,Golden Agro,677,2,31200.0,60,0,54,14.4,0,0,0
TX003639,P087,Corona Metals,683,2,150600.0,60,1,19,12.7,0,0,0
TX003640,P055,Delta Energy,672,3,34800.0,60,2,53,11.1,0,0,0
TX003641,P078,Pacific Materials,819,1,316200.0,60,0,37,23.2,0,0,0
TX003642,P087,Corona Metals,683,2,160600.0,90,1,19,13.0,1,0,0
TX003643,P035,Sierra Materials,663,3,29600.0,60,1,66,9.1,0,1,0
TX003644,P028,Pacific Global,630,2,54100.0,60,2,51,14.7,1,1,0
TX003645,P045,Meridian Materials,684,4,52800.0,30,3,51,10.0,0,0,1
TX003646,P088,Falcon Trading,613,3,69700.0,30,2,43,12.9,1,0,0
TX003647,P114,Corona Logistics,746,1,542300.0,90,1,52,19.6,0,0,0
TX003648,P093,Union Global,830,2,666900.0,0,1,52,20.3,0,1,0
TX003649,P051,Union Energy,697,3,69600.0,30,0,51,10.3,0,0,0
TX003650,P106,Prime Industries,701,2,204600.0,30,3,20,8.5,0,0,0
TX003651,P002,Corona Agro,679,3,290400.0,0,1,25,3.9,0,1,0
TX003652,P113,Meridian Agro,621,3,73800.0,30,1,52,9.0,1,0,0
TX003653,P035,Sierra Materials,656,3,32800.0,60,2,66,9.1,0,1,0
TX003654,P082,Union Materials,661,3,79000.0,60,1,14,12.4,0,1,0
TX003655,P084,Meridian Metals,766,1,400500.0,0,0,45,23.6,1,1,0
TX003656,P012,Prime Power,647,2,38600.0,60,0,60,5.0,0,0,0
TX003657,P105,Prime Logistics,492,4,66900.0,60,4,12,2.6,0,0,1
TX003658,P013,Orient Logistics,760,2,256300.0,0,0,37,17.9,0,0,0
TX003659,P053,Summit Global,745,3,187000.0,60,0,14,10.4,0,1,0
TX003660,P075,Marina Industries,631,3,39500.0,60,1,49,11.5,0,0,0
TX003661,P116,Aurora Materials,646,3,41700.0,0,2,55,10.3,1,0,0
TX003662,P009,Falcon Global,611,3,36700.0,30,1,51,9.2,0,1,0
TX003663,P012,Prime Power,630,2,39800.0,30,1,60,4.1,0,0,0
TX003664,P045,Meridian Materials,672,4,67200.0,30,1,51,10.4,1,1,0
TX003665,P102,Falcon Power,784,1,190100.0,0,0,49,22.2,1,0,0
TX003666,P091,Nordic Trading,852,2,601200.0,0,0,45,19.6,0,0,0
TX003667,P043,Atlas Chemicals,795,2,529100.0,30,1,46,22.9,0,0,0
TX003668,P015,Crest Materials,782,1,442100.0,60,0,34,24.2,0,0,0
TX003669,P070,Crest Metals,814,1,444300.0,60,0,45,23.9,0,0,0
TX003670,P022,Sierra Metals,834,2,295600.0,0,2,46,21.4,0,0,0
TX003671,P120,Orient Chemicals,643,2,56800.0,30,0,50,13.6,0,1,0
TX003672,P058,Zenith Logistics,710,3,186700.0,30,0,19,7.8,0,1,0
TX003673,P061,Harbor Metals,672,2,40600.0,0,1,58,15.4,1,1,0
TX003674,P051,Union Energy,691,3,55000.0,30,0,51,11.7,0,1,1
TX003675,P068,Cobalt Trading,682,4,204500.0,60,0,21,0.6,1,1,0
TX003676,P041,Falcon Industries,630,3,75100.0,60,1,63,6.5,0,0,0
TX003677,P076,Nordic Materials,632,3,29200.0,30,0,58,11.5,0,1,0
TX003678,P059,Falcon Materials,685,2,349700.0,0,2,21,8.7,0,1,0
TX003679,P021,Harbor Power,677,3,113300.0,60,0,15,13.2,0,1,0
TX003680,P041,Falcon Industries,634,3,82800.0,90,1,63,6.8,0,1,0
TX003681,P020,Corona Materials,680,3,62500.0,0,0,40,15.4,0,0,0
TX003682,P112,Orient Materials,803,1,366500.0,30,0,45,24.5,1,1,0
TX003683,P110,Meridian Energy,800,1,449800.0,90,0,50,22.1,1,0,0
TX003684,P070,Crest Metals,826,1,482900.0,0,1,45,24.3,0,1,0
TX003685,P028,Pacific Global,628,2,97200.0,30,1,51,14.8,1,0,0
TX003686,P102,Falcon Power,786,1,387700.0,30,1,49,21.7,0,0,0
TX003687,P018,Marina Global,662,3,32900.0,60,2,58,16.0,0,0,1
TX003688,P005,Zenith Trading,623,3,33000.0,30,2,56,17.5,1,1,0
TX003689,P116,Aurora Materials,652,3,36500.0,30,3,55,9.5,1,0,1
TX003690,P108,Orient Power,684,3,17200.0,60,0,41,11.6,0,1,0
TX003691,P107,Prime Metals,781,2,101900.0,0,1,47,22.8,0,0,0
TX003692,P082,Union Materials,663,3,129700.0,30,2,14,12.6,0,1,0
TX003693,P116,Aurora Materials,639,3,46600.0,0,2,55,9.9,1,1,0
TX003694,P031,Vega Power,778,2,464300.0,0,0,38,17.4,1,0,0
TX003695,P109,Delta Trading,824,1,265000.0,60,1,40,22.8,1,1,0
TX003696,P056,Union Agro,727,2,193400.0,0,0,22,8.2,1,0,0
TX003697,P095,Meridian Trading,809,2,243400.0,30,1,44,20.5,0,1,0
TX003698,P035,Sierra Materials,653,3,39400.0,30,1,66,9.0,0,1,0
TX003699,P034,Union Trading,759,2,297800.0,60,0,54,18.4,0,0,0
TX003700,P034,Union Trading,751,2,367600.0,30,0,54,17.8,0,0,0
TX003701,P104,Summit Energy,825,2,559000.0,0,2,41,21.6,1,1,0
TX003702,P010,Delta Chemicals,666,3,61100.0,60,0,51,10.8,1,0,0
TX003703,P066,Orient Energy,635,3,44100.0,90,1,54,6.1,0,1,0
TX003704,P034,Union Trading,761,2,341400.0,30,0,54,18.0,1,1,0
TX003705,P098,Marina Agro,649,3,39400.0,30,1,57,17.0,0,0,0
TX003706,P078,Pacific Materials,821,1,373300.0,30,0,37,23.3,0,0,0
TX003707,P028,Pacific Global,637,2,43900.0,90,2,51,14.4,0,1,0
TX003708,P003,Delta Materials,835,1,578300.0,30,1,41,20.7,0,0,0
TX003709,P045,Meridian Materials,671,4,69300.0,30,1,51,10.0,0,1,0
TX003710,P010,Delta Chemicals,666,3,53200.0,30,0,51,10.7,0,0,0
TX003711,P011,Corona Industries,692,3,214100.0,60,0,20,9.8,1,1,0
TX003712,P104,Summit Energy,832,2,383400.0,0,1,41,22.6,1,1,0
TX003713,P114,Corona Logistics,748,1,304600.0,60,1,52,20.3,1,0,0
TX003714,P048,Orient Metals,604,2,41900.0,90,1,45,12.1,1,0,0
TX003715,P092,Falcon Metals,676,2,55900.0,0,2,47,16.1,0,0,0
TX003716,P062,Aurora Industries,678,3,78200.0,30,2,33,8.0,0,0,0
TX003717,P111,Prime Global,730,2,114800.0,0,1,21,4.2,0,0,0
TX003718,P012,Prime Power,624,2,45000.0,30,0,60,4.1,0,0,1
TX003719,P014,Orient Global,801,1,537900.0,60,0,44,18.2,0,0,0
TX003720,P066,Orient Energy,612,3,47400.0,30,2,54,6.5,0,0,0
TX003721,P008,Vega Logistics,712,2,181400.0,0,0,19,9.0,1,1,0
TX003722,P116,Aurora Materials,652,3,20000.0,60,3,55,9.8,0,0,1
TX003723,P066,Orient Energy,606,3,44800.0,60,1,54,5.3,0,0,0
TX003724,P048,Orient Metals,639,2,40900.0,0,1,45,11.9,0,1,0
TX003725,P113,Meridian Agro,618,3,75600.0,60,2,52,9.4,0,0,0
TX003726,P098,Marina Agro,656,3,29200.0,30,1,57,15.9,0,1,1
TX003727,P079,Golden Agro,652,2,29800.0,60,0,54,13.3,0,0,0
TX003728,P119,Meridian Chemicals,628,1,81700.0,30,1,25,11.5,0,0,0
TX003729,P062,Aurora Industries,655,3,95300.0,30,1,33,8.4,0,0,0
TX003730,P110,Meridian Energy,807,1,453200.0,0,0,50,23.0,0,1,0
TX003731,P071,Golden Metals,810,1,243600.0,60,0,47,27.5,0,0,0
TX003732,P031,Vega Power,785,2,316100.0,90,0,38,16.5,1,0,0
TX003733,P014,Orient Global,820,1,470900.0,90,1,44,18.3,0,1,0
TX003734,P010,Delta Chemicals,672,3,62300.0,60,0,51,11.1,0,1,0
TX003735,P114,Corona Logistics,744,1,349700.0,30,0,52,20.3,1,1,0
TX003736,P043,Atlas Chemicals,821,2,430400.0,30,0,46,21.5,1,0,0
TX003737,P034,Union Trading,760,2,466500.0,30,0,54,18.0,0,1,0
TX003738,P066,Orient Energy,621,3,27400.0,30,1,54,6.4,0,1,0
TX003739,P026,Summit Materials,740,3,263100.0,30,1,31,8.5,0,0,0
TX003740,P075,Marina Industries,623,3,32000.0,0,3,49,12.2,0,1,0
TX003741,P116,Aurora Materials,659,3,36600.0,90,2,55,9.9,0,0,0
TX003742,P114,Corona Logistics,762,1,518000.0,90,0,52,19.4,0,1,0
TX003743,P077,Corona Energy,801,2,328300.0,60,2,37,19.1,0,1,0
TX003744,P095,Meridian Trading,808,2,186600.0,30,0,44,20.8,1,0,0
TX003745,P089,Golden Power,824,1,361100.0,60,0,45,25.2,0,0,0
TX003746,P016,Aurora Energy,822,1,219800.0,0,1,45,26.5,0,0,0
TX003747,P104,Summit Energy,842,2,504500.0,60,1,41,22.4,0,1,0
TX003748,P072,Meridian Logistics,665,3,65000.0,90,1,51,8.5,0,0,0
TX003749,P054,Golden Global,662,3,47100.0,0,1,58,16.3,1,1,0
TX003750,P027,Summit Power,707,3,129500.0,30,0,21,3.0,0,0,0
TX003751,P012,Prime Power,645,2,37000.0,90,1,60,4.6,0,1,0
TX003752,P041,Falcon Industries,623,3,29900.0,60,1,63,7.8,1,1,0
TX003753,P046,Vega Agro,642,4,52900.0,30,0,56,10.3,0,1,0
TX003754,P051,Union Energy,702,3,65900.0,30,0,51,10.4,0,0,0
TX003755,P100,Nordic Agro,681,3,295700.0,30,0,14,10.8,0,1,1
TX003756,P117,Falcon Energy,687,2,78300.0,30,2,50,8.4,0,0,0
TX003757,P015,Crest Materials,789,1,420300.0,30,0,34,24.2,1,1,0
TX003758,P083,Crest Agro,692,3,138900.0,0,0,19,7.4,0,1,0
TX003759,P098,Marina Agro,652,3,52000.0,90,1,57,17.6,0,1,0
TX003760,P039,Nordic Chemicals,470,4,83200.0,30,4,12,8.7,0,0,1
TX003761,P043,Atlas Chemicals,806,2,494700.0,60,0,46,22.4,0,1,0
TX003762,P098,Marina Agro,642,3,35400.0,30,1,57,16.7,0,0,0
TX003763,P013,Orient Logistics,762,2,278200.0,90,0,37,18.0,0,0,0
TX003764,P117,Falcon Energy,675,2,59200.0,60,1,50,7.7,0,1,0
TX003765,P025,Crest Industries,678,2,232200.0,0,0,14,6.4,1,1,0
TX003766,P093,Union Global,831,2,630200.0,30,1,52,21.2,0,0,0
TX003767,P015,Crest Materials,764,1,203700.0,90,0,34,23.8,0,0,0
TX003768,P032,Cobalt Logistics,706,3,137000.0,30,2,23,5.2,1,0,0
TX003769,P013,Orient Logistics,761,2,300100.0,30,0,37,18.6,0,1,0
TX003770,P041,Falcon Industries,654,3,50200.0,90,3,63,6.9,1,0,0
TX003771,P077,Corona Energy,809,2,666500.0,60,2,37,18.2,0,1,0
TX003772,P040,Union Power,711,3,124000.0,0,1,15,3.6,1,1,0
TX003773,P012,Prime Power,638,2,31500.0,30,0,60,4.2,0,1,1
TX003774,P085,Pacific Agro,698,3,39700.0,60,1,55,16.5,0,1,0
TX003775,P067,Vega Materials,803,2,329900.0,60,0,51,22.1,0,0,0
TX003776,P025,Crest Industries,696,2,123900.0,60,1,14,6.6,0,0,0
TX003777,P042,Corona Power,706,3,135200.0,90,0,25,11.6,0,0,0
TX003778,P035,Sierra Materials,666,3,51400.0,30,3,66,10.1,1,1,0
TX003779,P035,Sierra Materials,656,3,44400.0,90,2,66,9.3,1,0,0
TX003780,P054,Golden Global,660,3,58900.0,90,1,58,15.7,0,0,1
TX003781,P079,Golden Agro,681,2,38300.0,60,0,54,13.7,0,0,0
TX003782,P120,Orient Chemicals,644,2,62700.0,30,0,50,12.2,0,0,0
TX003783,P012,Prime Power,619,2,68700.0,60,0,60,4.0,0,0,0
TX003784,P035,Sierra Materials,675,3,63900.0,30,1,66,8.7,0,0,0
TX003785,P116,Aurora Materials,646,3,42500.0,0,2,55,9.6,1,1,0
TX003786,P076,Nordic Materials,620,3,99200.0,30,1,58,11.9,0,1,0
TX003787,P036,Prime Trading,766,1,251800.0,0,0,40,23.3,0,0,0
TX003788,P089,Golden Power,805,1,255000.0,60,0,45,25.6,1,0,0
TX003789,P090,Falcon Agro,813,2,520600.0,30,0,36,21.2,0,1,0
TX003790,P011,Corona Industries,703,3,157200.0,90,0,20,11.3,1,1,0
TX003791,P051,Union Energy,671,3,59600.0,30,1,51,11.6,0,1,0
TX003792,P064,Zenith Chemicals,664,4,35900.0,0,1,44,7.5,0,0,0
TX003793,P008,Vega Logistics,704,2,227300.0,30,0,19,8.7,0,1,0
TX003794,P108,Orient Power,702,3,34100.0,30,0,41,12.0,1,1,0
TX003795,P066,Orient Energy,615,3,37100.0,60,1,54,4.9,0,0,0
TX003796,P094,Union Chemicals,792,1,707500.0,60,0,48,16.4,0,0,0
TX003797,P090,Falcon Agro,826,2,259600.0,30,0,36,21.9,0,0,0
TX003798,P010,Delta Chemicals,675,3,46600.0,0,0,51,9.7,0,1,1
TX003799,P071,Golden Metals,811,1,297000.0,30,0,47,26.8,1,1,0
TX003800,P037,Nordic Global,657,3,39700.0,60,1,45,13.8,0,0,1
TX003801,P046,Vega Agro,612,4,56900.0,0,0,56,9.8,0,0,0
TX003802,P072,Meridian Logistics,654,3,58600.0,90,0,51,8.2,1,1,1
TX003803,P067,Vega Materials,787,2,402800.0,60,0,51,21.4,1,0,0
TX003804,P026,Summit Materials,732,3,101600.0,90,0,31,9.2,1,0,0
TX003805,P042,Corona Power,703,3,219200.0,60,0,25,12.7,1,0,0
TX003806,P098,Marina Agro,666,3,46500.0,0,3,57,17.5,0,0,0
TX003807,P048,Orient Metals,607,2,52500.0,60,1,45,11.9,1,1,0
TX003808,P008,Vega Logistics,704,2,210700.0,90,0,19,10.5,0,1,0
TX003809,P106,Prime Industries,706,2,166000.0,60,2,20,8.0,1,1,0
TX003810,P077,Corona Energy,812,2,648200.0,30,2,37,18.9,0,0,0
TX003811,P041,Falcon Industries,646,3,36700.0,0,1,63,6.6,0,0,0
TX003812,P037,Nordic Global,689,3,30700.0,60,1,45,13.3,0,1,0
TX003813,P085,Pacific Agro,665,3,44300.0,30,4,55,16.5,0,0,0
TX003814,P069,Sierra Global,639,2,150400.0,30,1,31,4.2,1,1,0
TX003815,P025,Crest Industries,694,2,171300.0,60,0,14,6.6,0,1,0
TX003816,P112,Orient Materials,807,1,363000.0,30,0,45,24.0,0,0,0
TX003817,P037,Nordic Global,671,3,36300.0,60,2,45,13.4,0,1,0
TX003818,P111,Prime Global,715,2,142500.0,0,0,21,4.5,1,0,0
TX003819,P071,Golden Metals,806,1,418800.0,30,0,47,26.6,0,0,0
TX003820,P018,Marina Global,652,3,35900.0,60,1,58,15.7,0,1,1
TX003821,P065,Crest Global,697,2,67100.0,30,0,15,14.2,1,0,0
TX003822,P026,Summit Materials,728,3,152400.0,90,0,31,8.4,0,1,0
TX003823,P055,Delta Energy,670,3,43900.0,90,3,53,11.2,0,0,1
TX003824,P024,Zenith Energy,702,3,93900.0,60,0,16,7.6,0,1,0
TX003825,P084,Meridian Metals,750,1,243900.0,0,0,45,23.2,1,0,0
TX003826,P116,Aurora Materials,651,3,29300.0,30,2,55,9.9,0,0,0
TX003827,P102,Falcon Power,779,1,242600.0,30,0,49,23.0,0,1,0
TX003828,P100,Nordic Agro,687,3,120900.0,30,0,14,10.4,0,1,0
TX003829,P046,Vega Agro,621,4,51400.0,0,1,56,10.3,0,0,0
TX003830,P084,Meridian Metals,753,1,345300.0,30,0,45,22.4,1,1,0
TX003831,P102,Falcon Power,770,1,372900.0,0,0,49,21.8,0,0,0
TX003832,P093,Union Global,839,2,600700.0,90,1,52,21.0,1,0,0
TX003833,P107,Prime Metals,783,2,142600.0,0,0,47,22.6,0,1,0
TX003834,P046,Vega Agro,639,4,82100.0,60,0,56,10.9,1,0,0
TX003835,P002,Corona Agro,706,3,348900.0,60,1,25,4.2,0,1,0
TX003836,P010,Delta Chemicals,675,3,58900.0,30,0,51,10.3,0,0,0
TX003837,P035,Sierra Materials,664,3,47100.0,30,1,66,8.3,1,1,0
TX003838,P115,Vega Trading,699,2,134600.0,90,0,20,8.5,0,1,0
TX003839,P094,Union Chemicals,781,1,421800.0,60,1,48,15.9,0,1,0
TX003840,P026,Summit Materials,749,3,123300.0,30,0,31,8.3,1,1,0
TX003841,P054,Golden Global,659,3,26900.0,90,1,58,17.1,1,0,0
TX003842,P054,Golden Global,651,3,42000.0,90,2,58,15.5,0,1,1
TX003843,P082,Union Materials,629,3,116600.0,30,2,14,12.1,1,0,0
TX003844,P079,Golden Agro,643,2,30100.0,30,1,54,13.6,0,0,0
TX003845,P012,Prime Power,632,2,33100.0,0,1,60,4.8,1,0,0
TX003846,P011,Corona Industries,662,3,241300.0,0,0,20,10.7,0,0,0
TX003847,P115,Vega Trading,687,2,109200.0,90,0,20,8.0,0,1,0
TX003848,P034,Union Trading,744,2,457100.0,60,0,54,17.7,1,0,0
TX003849,P059,Falcon Materials,685,2,186100.0,60,2,21,9.2,0,1,1
TX003850,P083,Crest Agro,695,3,151700.0,30,0,19,8.1,1,1,0
TX003851,P046,Vega Agro,650,4,37500.0,30,0,56,9.9,0,0,0
TX003852,P020,Corona Materials,681,3,61200.0,0,0,40,15.6,0,1,0
TX003853,P117,Falcon Energy,658,2,67900.0,30,1,50,8.0,0,1,1
TX003854,P034,Union Trading,781,2,296900.0,30,0,54,17.9,0,0,0
TX003855,P059,Falcon Materials,676,2,142500.0,90,2,21,8.8,0,0,1
TX003856,P066,Orient Energy,639,3,46800.0,60,1,54,5.0,1,0,1
TX003857,P002,Corona Agro,672,3,310100.0,60,1,25,4.6,0,1,0
TX003858,P084,Meridian Metals,767,1,361200.0,30,0,45,23.1,0,1,0
TX003859,P064,Zenith Chemicals,656,4,43900.0,0,1,44,8.4,0,0,0
TX003860,P119,Meridian Chemicals,655,1,105500.0,60,2,25,11.3,0,0,0
TX003861,P070,Crest Metals,828,1,436200.0,30,2,45,23.6,0,1,0
TX003862,P042,Corona Power,732,3,102600.0,60,0,25,11.8,0,1,0
TX003863,P102,Falcon Power,799,1,350100.0,0,0,49,22.2,0,0,0
TX003864,P085,Pacific Agro,670,3,21000.0,30,1,55,15.6,1,0,1
TX003865,P084,Meridian Metals,740,1,311100.0,90,0,45,22.8,0,0,0
TX003866,P043,Atlas Chemicals,835,2,461800.0,90,0,46,21.8,0,0,0
TX003867,P029,Atlas Global,430,5,271300.0,90,2,8,0.5,1,1,1
TX003868,P120,Orient Chemicals,632,2,54600.0,90,1,50,12.8,0,1,0
TX003869,P077,Corona Energy,783,2,346800.0,60,0,37,18.5,1,0,0
TX003870,P098,Marina Agro,645,3,41700.0,0,1,57,17.3,0,1,0
TX003871,P070,Crest Metals,820,1,977000.0,30,0,45,23.5,0,0,0
TX003872,P114,Corona Logistics,759,1,428800.0,0,0,52,17.9,0,0,0
TX003873,P115,Vega Trading,677,2,104200.0,60,1,20,7.3,1,1,0
TX003874,P034,Union Trading,747,2,267300.0,90,1,54,18.0,0,0,0
TX003875,P084,Meridian Metals,777,1,267100.0,30,0,45,22.5,0,1,0
TX003876,P079,Golden Agro,676,2,40000.0,30,0,54,13.4,0,0,1
TX003877,P045,Meridian Materials,667,4,58100.0,90,2,51,10.0,1,0,0
TX003878,P047,Pacific Metals,683,3,118500.0,30,1,11,6.2,0,0,0
TX003879,P026,Summit Materials,719,3,137900.0,30,0,31,9.4,0,0,0
TX003880,P112,Orient Materials,794,1,189700.0,60,0,45,23.4,0,0,0
TX003881,P016,Aurora Energy,802,1,263800.0,90,1,45,26.8,0,0,1
TX003882,P036,Prime Trading,754,1,295500.0,60,0,40,23.2,1,0,0
TX003883,P046,Vega Agro,634,4,41800.0,30,1,56,10.8,0,1,0
TX003884,P046,Vega Agro,622,4,54700.0,60,1,56,9.9,1,0,0
TX003885,P041,Falcon Industries,620,3,50000.0,90,1,63,7.4,0,1,1
TX003886,P079,Golden Agro,661,2,37900.0,0,0,54,15.1,0,0,0
TX003887,P036,Prime Trading,735,1,195900.0,30,1,40,23.4,0,1,0
TX003888,P005,Zenith Trading,590,3,25100.0,30,1,56,17.5,1,0,1
TX003889,P093,Union Global,826,2,525200.0,90,1,52,20.6,0,1,0
TX003890,P060,Marina Power,500,5,169800.0,90,4,2,0.7,1,1,1
TX003891,P054,Golden Global,648,3,25900.0,0,2,58,15.9,0,0,1
TX003892,P022,Sierra Metals,860,2,190100.0,60,1,46,21.3,0,0,0
TX003893,P046,Vega Agro,634,4,49300.0,90,0,56,10.1,0,0,0
TX003894,P075,Marina Industries,604,3,50400.0,60,1,49,12.2,0,1,0
TX003895,P066,Orient Energy,609,3,47000.0,90,1,54,5.4,1,1,1
TX003896,P098,Marina Agro,658,3,37400.0,60,1,57,17.7,1,0,0
TX003897,P046,Vega Agro,628,4,49600.0,60,0,56,10.1,1,1,0
TX003898,P072,Meridian Logistics,659,3,73700.0,90,0,51,8.2,0,1,0
TX003899,P105,Prime Logistics,506,4,83300.0,60,3,12,3.2,0,0,1
TX003900,P055,Delta Energy,707,3,40500.0,60,2,53,10.9,1,1,0
TX003901,P044,Summit Agro,710,2,152600.0,60,0,23,8.3,0,1,0
TX003902,P005,Zenith Trading,621,3,42700.0,0,3,56,17.9,0,1,0
TX003903,P051,Union Energy,700,3,52500.0,30,0,51,11.3,1,0,0
TX003904,P043,Atlas Chemicals,800,2,497900.0,90,0,46,20.8,0,0,0
TX003905,P094,Union Chemicals,771,1,784800.0,60,0,48,16.7,0,0,0
TX003906,P002,Corona Agro,694,3,186900.0,30,1,25,3.8,0,0,0
TX003907,P015,Crest Materials,767,1,371900.0,60,0,34,24.1,0,0,0
TX003908,P037,Nordic Global,669,3,41600.0,0,2,45,14.6,1,1,0
TX003909,P072,Meridian Logistics,643,3,57700.0,30,1,51,8.7,0,1,0
TX003910,P012,Prime Power,630,2,30100.0,60,0,60,4.5,0,0,0
TX003911,P037,Nordic Global,650,3,53400.0,60,2,45,14.2,0,0,0
TX003912,P116,Aurora Materials,651,3,40900.0,0,2,55,9.7,0,0,0
TX003913,P016,Aurora Energy,816,1,300400.0,90,1,45,27.7,1,0,0
TX003914,P053,Summit Global,746,3,157700.0,90,0,14,10.2,1,1,0
TX003915,P096,Prime Materials,794,2,620300.0,60,1,50,23.4,0,1,0
TX003916,P014,Orient Global,834,1,466300.0,0,0,44,18.0,1,0,0
TX003917,P005,Zenith Trading,598,3,33000.0,90,1,56,17.3,1,1,0
TX003918,P064,Zenith Chemicals,667,4,72900.0,60,1,44,7.7,0,1,1
TX003919,P024,Zenith Energy,703,3,78800.0,30,0,16,7.6,1,0,0
TX003920,P036,Prime Trading,767,1,229400.0,30,0,40,23.3,1,1,0
TX003921,P005,Zenith Trading,612,3,39700.0,30,2,56,18.6,1,1,0
TX003922,P019,Cobalt Materials,463,4,128500.0,30,3,4,4.9,0,1,1
TX003923,P043,Atlas Chemicals,826,2,451100.0,30,0,46,22.2,0,1,0
TX003924,P106,Prime Industries,747,2,181600.0,30,2,20,8.7,0,0,0
TX003925,P061,Harbor Metals,654,2,41000.0,30,2,58,15.4,0,0,1
TX003926,P089,Golden Power,808,1,437300.0,30,0,45,25.5,0,0,0
TX003927,P020,Corona Materials,681,3,82600.0,30,0,40,16.0,0,0,0
TX003928,P043,Atlas Chemicals,802,2,472100.0,90,1,46,21.7,1,1,0
TX003929,P094,Union Chemicals,785,1,685200.0,90,0,48,16.5,0,0,0
TX003930,P048,Orient Metals,632,2,23200.0,30,2,45,12.0,0,0,0
TX003931,P107,Prime Metals,779,2,200600.0,60,0,47,23.0,0,1,0
TX003932,P036,Prime Trading,760,1,290000.0,60,2,40,23.5,0,0,0
TX003933,P092,Falcon Metals,673,2,90800.0,90,1,47,15.9,0,0,0
TX003934,P020,Corona Materials,662,3,98500.0,90,0,40,15.8,1,0,0
TX003935,P020,Corona Materials,650,3,102600.0,60,1,40,16.3,0,1,1
TX003936,P109,Delta Trading,834,1,238500.0,60,2,40,23.7,1,0,0
TX003937,P112,Orient Materials,808,1,182900.0,90,0,45,23.3,1,0,0
TX003938,P041,Falcon Industries,629,3,49200.0,30,1,63,7.3,1,1,0
TX003939,P009,Falcon Global,626,3,28500.0,90,1,51,9.0,0,0,0
TX003940,P020,Corona Materials,654,3,106800.0,30,0,40,15.0,0,0,0
TX003941,P112,Orient Materials,825,1,264300.0,60,0,45,24.2,0,0,0
TX003942,P112,Orient Materials,817,1,367900.0,60,0,45,23.8,0,0,0
TX003943,P031,Vega Power,777,2,426600.0,30,1,38,16.9,0,0,0
TX003944,P078,Pacific Materials,816,1,348500.0,60,0,37,22.2,1,0,0
TX003945,P091,Nordic Trading,859,2,192900.0,60,0,45,19.7,1,0,0
TX003946,P116,Aurora Materials,676,3,31600.0,60,2,55,9.8,0,0,0
TX003947,P011,Corona Industries,643,3,183600.0,30,0,20,10.9,0,0,0
TX003948,P031,Vega Power,787,2,328400.0,30,0,38,16.9,0,0,0
TX003949,P005,Zenith Trading,610,3,51000.0,60,2,56,18.2,0,1,0
TX003950,P046,Vega Agro,638,4,39200.0,30,0,56,10.2,1,1,0
TX003951,P025,Crest Industries,705,2,219200.0,60,1,14,6.9,1,0,0
TX003952,P005,Zenith Trading,595,3,56300.0,30,2,56,18.2,0,0,0
TX003953,P022,Sierra Metals,846,2,184900.0,90,1,46,22.0,0,0,0
TX003954,P116,Aurora Materials,656,3,38100.0,90,2,55,10.4,0,0,0
TX003955,P035,Sierra Materials,654,3,45800.0,0,2,66,9.1,0,1,1
TX003956,P061,Harbor Metals,647,2,47200.0,0,1,58,14.9,0,0,0
TX003957,P079,Golden Agro,649,2,18300.0,60,0,54,13.2,1,0,1
TX003958,P114,Corona Logistics,731,1,473100.0,0,1,52,19.8,0,1,0
TX003959,P051,Union Energy,696,3,72600.0,30,1,51,11.9,0,0,0
TX003960,P093,Union Global,825,2,382400.0,60,1,52,20.2,1,1,0
TX003961,P091,Nordic Trading,837,2,383100.0,60,0,45,19.7,1,0,0
TX003962,P114,Corona Logistics,754,1,492000.0,0,1,52,18.1,1,1,0
TX003963,P079,Golden Agro,662,2,33700.0,60,1,54,13.9,0,0,0
TX003964,P108,Orient Power,703,3,30400.0,30,0,41,11.6,0,0,0
TX003965,P033,Delta Industries,686,2,107100.0,90,0,24,6.1,0,0,0
TX003966,P114,Corona Logistics,767,1,319700.0,30,0,52,18.6,0,0,0
TX003967,P014,Orient Global,834,1,528000.0,0,1,44,18.7,0,1,0
TX003968,P079,Golden Agro,677,2,38500.0,90,0,54,13.7,1,1,1
TX003969,P038,Marina Logistics,508,5,100800.0,30,1,14,3.8,0,0,1
TX003970,P072,Meridian Logistics,657,3,47000.0,30,0,51,8.0,0,1,0
TX003971,P087,Corona Metals,688,2,145600.0,0,1,19,12.8,0,1,0
TX003972,P005,Zenith Trading,601,3,35000.0,60,2,56,17.9,0,1,1
TX003973,P117,Falcon Energy,680,2,70000.0,30,1,50,8.2,0,0,1
TX003974,P083,Crest Agro,691,3,84600.0,90,0,19,7.3,0,1,0
TX003975,P041,Falcon Industries,641,3,52400.0,90,2,63,6.6,0,1,1
TX003976,P004,Al-Rashid Trading,466,5,198100.0,0,2,6,7.1,0,0,1
TX003977,P026,Summit Materials,705,3,113900.0,30,0,31,9.4,1,0,0
TX003978,P088,Falcon Trading,617,3,32500.0,60,1,43,13.1,0,1,0
TX003979,P016,Aurora Energy,801,1,281600.0,0,0,45,26.9,0,0,0
TX003980,P077,Corona Energy,789,2,266700.0,90,0,37,19.7,0,1,0
TX003981,P054,Golden Global,660,3,47100.0,30,2,58,16.5,1,1,0
TX003982,P046,Vega Agro,613,4,32300.0,0,0,56,10.5,0,1,0
TX003983,P069,Sierra Global,649,2,165600.0,90,1,31,4.0,1,0,0
TX003984,P005,Zenith Trading,613,3,52200.0,30,1,56,18.1,1,0,0
TX003985,P072,Meridian Logistics,668,3,57600.0,30,0,51,8.3,0,0,0
TX003986,P046,Vega Agro,635,4,37100.0,60,0,56,10.7,1,0,0
TX003987,P002,Corona Agro,696,3,199700.0,90,2,25,3.9,0,1,1
TX003988,P089,Golden Power,822,1,765600.0,0,0,45,24.5,0,0,0
TX003989,P027,Summit Power,685,3,124200.0,30,0,21,2.3,0,1,0
TX003990,P108,Orient Power,717,3,28300.0,0,0,41,12.1,1,1,0
TX003991,P098,Marina Agro,632,3,42100.0,0,1,57,17.1,1,0,0
TX003992,P100,Nordic Agro,679,3,215900.0,0,0,14,10.9,1,0,0
TX003993,P107,Prime Metals,792,2,240300.0,60,0,47,22.9,0,1,0
TX003994,P003,Delta Materials,850,1,440400.0,60,1,41,20.5,0,0,0
TX003995,P003,Delta Materials,825,1,275800.0,60,1,41,20.7,0,1,0
TX003996,P078,Pacific Materials,832,1,246400.0,0,2,37,23.3,0,0,0
TX003997,P053,Summit Global,737,3,153500.0,60,0,14,9.3,0,0,0
TX003998,P087,Corona Metals,674,2,100500.0,60,1,19,12.9,0,0,0
TX003999,P107,Prime Metals,797,2,226500.0,0,0,47,23.3,0,1,1
TX004000,P119,Meridian Chemicals,647,1,116500.0,0,1,25,12.2,1,1,0
TX004001,P098,Marina Agro,675,3,20100.0,60,1,57,16.4,0,0,1
TX004002,P009,Falcon Global,644,3,46500.0,30,2,51,9.5,1,0,1
TX004003,P048,Orient Metals,639,2,34500.0,0,2,45,13.5,0,1,0
TX004004,P094,Union Chemicals,789,1,1181500.0,30,0,48,16.9,0,0,0
TX004005,P119,Meridian Chemicals,660,1,119600.0,30,1,25,12.1,1,1,0
TX004006,P075,Marina Industries,592,3,37300.0,30,1,49,12.4,1,1,0
TX004007,P013,Orient Logistics,765,2,128400.0,30,1,37,18.1,0,0,0
TX004008,P064,Zenith Chemicals,655,4,33900.0,30,1,44,6.9,0,1,0
TX004009,P002,Corona Agro,698,3,187100.0,60,1,25,3.6,1,0,0
TX004010,P035,Sierra Materials,666,3,39000.0,0,2,66,9.6,0,0,0
TX004011,P002,Corona Agro,679,3,160000.0,90,1,25,4.0,0,1,0
TX004012,P116,Aurora Materials,651,3,36700.0,60,3,55,10.5,0,0,1
TX004013,P088,Falcon Trading,621,3,41200.0,0,1,43,12.2,0,1,0
TX004014,P071,Golden Metals,804,1,226500.0,60,1,47,26.4,0,1,0
TX004015,P116,Aurora Materials,644,3,33200.0,0,3,55,10.4,0,0,1
TX004016,P042,Corona Power,710,3,111100.0,60,0,25,11.4,1,0,0
TX004017,P109,Delta Trading,813,1,258800.0,0,0,40,23.6,1,0,0
TX004018,P048,Orient Metals,603,2,47800.0,90,2,45,12.6,0,0,0
TX004019,P014,Orient Global,802,1,421100.0,60,0,44,17.9,0,0,0
TX004020,P018,Marina Global,641,3,46500.0,0,1,58,14.5,0,1,0
TX004021,P048,Orient Metals,608,2,39000.0,30,1,45,12.3,0,0,0
TX004022,P096,Prime Materials,797,2,471600.0,90,0,50,23.0,0,0,0
TX004023,P066,Orient Energy,592,3,50000.0,30,2,54,6.1,0,1,0
TX004024,P090,Falcon Agro,835,2,187100.0,30,0,36,20.8,0,1,0
TX004025,P072,Meridian Logistics,665,3,59100.0,0,0,51,7.8,0,0,0
TX004026,P116,Aurora Materials,671,3,42500.0,0,2,55,9.8,0,0,0
TX004027,P005,Zenith Trading,600,3,58100.0,90,1,56,18.0,1,1,0
TX004028,P038,Marina Logistics,523,5,85900.0,0,1,14,4.1,0,0,1
TX004029,P005,Zenith Trading,621,3,27200.0,0,1,56,17.0,1,1,0
TX004030,P113,Meridian Agro,634,3,75400.0,90,1,52,9.3,0,0,1
TX004031,P106,Prime Industries,722,2,119400.0,60,4,20,7.8,0,1,0
TX004032,P101,Aurora Agro,706,3,133600.0,60,0,12,6.5,0,0,0
TX004033,P116,Aurora Materials,653,3,26100.0,30,2,55,9.9,0,0,0
TX004034,P116,Aurora Materials,647,3,24900.0,30,4,55,9.7,0,0,1
TX004035,P087,Corona Metals,681,2,151900.0,30,1,19,13.5,1,0,0
TX004036,P097,Marina Chemicals,801,2,332200.0,30,1,35,18.2,0,0,0
TX004037,P107,Prime Metals,788,2,247500.0,0,0,47,23.2,1,0,0
TX004038,P073,Vega Metals,704,2,142900.0,60,2,23,10.4,1,1,0
TX004039,P009,Falcon Global,617,3,40400.0,30,1,51,9.2,0,1,0
TX004040,P061,Harbor Metals,665,2,24200.0,0,2,58,14.6,1,0,0
TX004041,P054,Golden Global,655,3,33700.0,30,1,58,15.0,0,0,0
TX004042,P041,Falcon Industries,631,3,52900.0,0,1,63,6.7,1,0,0
TX004043,P102,Falcon Power,790,1,308000.0,90,1,49,22.6,0,1,0
TX004044,P089,Golden Power,822,1,328000.0,60,0,45,25.6,0,1,0
TX004045,P117,Falcon Energy,690,2,76000.0,60,1,50,7.9,0,0,0
TX004046,P046,Vega Agro,629,4,27400.0,0,1,56,9.5,0,0,0
TX004047,P072,Meridian Logistics,635,3,78200.0,90,0,51,8.0,1,0,0
TX004048,P090,Falcon Agro,813,2,225100.0,0,1,36,21.3,0,0,0
TX004049,P047,Pacific Metals,685,3,184500.0,0,1,11,7.1,0,0,0
TX004050,P092,Falcon Metals,682,2,40200.0,0,1,47,16.4,0,1,0
TX004051,P061,Harbor Metals,672,2,40000.0,0,2,58,15.2,0,1,0
TX004052,P078,Pacific Materials,825,1,439200.0,30,0,37,22.4,0,1,0
TX004053,P028,Pacific Global,629,2,38500.0,30,3,51,14.8,0,0,1
TX004054,P005,Zenith Trading,611,3,25900.0,60,1,56,18.1,0,1,1
TX004055,P103,Golden Materials,649,2,183200.0,90,0,8,9.4,1,0,0
TX004056,P039,Nordic Chemicals,469,4,163600.0,0,3,12,7.8,0,0,1
TX004057,P097,Marina Chemicals,804,2,269000.0,90,1,35,18.9,0,0,0
TX004058,P110,Meridian Energy,806,1,306200.0,30,0,50,23.4,1,1,0
TX004059,P016,Aurora Energy,810,1,171500.0,30,0,45,26.7,0,0,0
TX004060,P009,Falcon Global,629,3,70200.0,0,1,51,9.7,0,0,0
TX004061,P093,Union Global,847,2,542600.0,30,2,52,20.1,0,0,0
TX004062,P007,Cairo Grid Co,501,4,151400.0,30,3,19,1.1,0,0,1
TX004063,P092,Falcon Metals,691,2,36800.0,0,1,47,15.3,0,0,0
TX004064,P051,Union Energy,687,3,36100.0,30,1,51,11.5,1,0,0
TX004065,P020,Corona Materials,690,3,56500.0,0,0,40,14.8,1,1,0
TX004066,P066,Orient Energy,636,3,49400.0,0,2,54,6.3,0,1,0
TX004067,P018,Marina Global,645,3,38000.0,60,1,58,15.9,0,0,0
TX004068,P035,Sierra Materials,654,3,37100.0,90,1,66,9.8,1,0,0
TX004069,P069,Sierra Global,655,2,130700.0,60,2,31,4.8,0,0,1
TX004070,P108,Orient Power,691,3,42300.0,0,0,41,12.3,0,0,0
TX004071,P119,Meridian Chemicals,684,1,156500.0,0,1,25,11.6,1,0,0
TX004072,P073,Vega Metals,695,2,192900.0,30,1,23,10.4,0,0,0
TX004073,P087,Corona Metals,697,2,128100.0,60,1,19,13.2,1,0,0
TX004074,P039,Nordic Chemicals,483,4,113300.0,30,3,12,7.4,0,1,1
TX004075,P031,Vega Power,767,2,424900.0,90,0,38,17.5,0,1,0
TX004076,P055,Delta Energy,689,3,36700.0,60,2,53,10.1,0,0,1
TX004077,P094,Union Chemicals,769,1,741000.0,60,0,48,16.5,0,0,0
TX004078,P061,Harbor Metals,648,2,34100.0,0,1,58,14.7,0,0,0
TX004079,P120,Orient Chemicals,655,2,68300.0,60,0,50,12.9,0,1,0
TX004080,P120,Orient Chemicals,658,2,76700.0,30,1,50,12.7,0,1,0
TX004081,P037,Nordic Global,654,3,60700.0,30,1,45,13.7,0,0,0
TX004082,P006,Harbor Agro,725,3,118700.0,60,0,28,4.4,0,1,0
TX004083,P010,Delta Chemicals,665,3,44000.0,0,0,51,11.3,1,1,0
TX004084,P055,Delta Energy,694,3,39600.0,60,2,53,10.7,1,1,0
TX004085,P051,Union Energy,670,3,40800.0,60,1,51,11.7,1,0,1
TX004086,P054,Golden Global,650,3,45400.0,0,2,58,16.8,0,1,0
TX004087,P093,Union Global,823,2,430400.0,60,1,52,19.9,1,0,0
TX004088,P048,Orient Metals,626,2,30500.0,30,1,45,12.7,0,1,0
TX004089,P026,Summit Materials,727,3,148800.0,60,0,31,8.6,1,1,0
TX004090,P086,Sierra Energy,445,4,131100.0,30,5,5,14.5,0,0,1
TX004091,P044,Summit Agro,725,2,306100.0,0,0,23,8.7,0,1,0
TX004092,P095,Meridian Trading,803,2,189600.0,30,0,44,20.4,0,1,0
TX004093,P095,Meridian Trading,817,2,223000.0,0,0,44,20.9,0,0,0
TX004094,P051,Union Energy,683,3,34900.0,30,0,51,11.6,0,0,0
TX004095,P037,Nordic Global,666,3,65000.0,0,1,45,14.0,1,0,0
TX004096,P099,Aurora Global,695,1,66500.0,30,2,26,10.2,0,0,0
TX004097,P016,Aurora Energy,823,1,201100.0,30,0,45,27.0,1,1,0
TX004098,P088,Falcon Trading,621,3,59300.0,0,1,43,13.4,0,0,0
TX004099,P016,Aurora Energy,810,1,260700.0,60,0,45,27.0,1,0,0
TX004100,P051,Union Energy,677,3,65400.0,90,0,51,11.4,0,1,0
TX004101,P021,Harbor Power,682,3,109500.0,0,0,15,13.4,1,0,0
TX004102,P067,Vega Materials,781,2,648300.0,0,0,51,22.3,0,1,0
TX004103,P016,Aurora Energy,818,1,237200.0,90,0,45,27.2,0,1,0
TX004104,P089,Golden Power,825,1,438600.0,60,0,45,24.4,1,0,0
TX004105,P054,Golden Global,639,3,42300.0,0,2,58,16.0,1,1,0
TX004106,P004,Al-Rashid Trading,493,5,230700.0,90,3,6,7.1,1,0,1
TX004107,P079,Golden Agro,673,2,24900.0,90,0,54,13.8,0,0,0
TX004108,P045,Meridian Materials,691,4,49400.0,60,1,51,10.4,0,1,0
TX004109,P119,Meridian Chemicals,658,1,106900.0,90,1,25,11.8,1,1,0
TX004110,P094,Union Chemicals,781,1,623200.0,60,1,48,16.9,0,1,0
TX004111,P035,Sierra Materials,676,3,33700.0,0,1,66,8.5,0,1,0
TX004112,P006,Harbor Agro,700,3,98000.0,30,0,28,5.2,0,1,0
TX004113,P018,Marina Global,628,3,52100.0,90,2,58,15.2,0,0,1
TX004114,P098,Marina Agro,648,3,41400.0,30,1,57,17.5,0,0,0
TX004115,P048,Orient Metals,630,2,21600.0,30,2,45,12.8,0,0,0
TX004116,P104,Summit Energy,816,2,883900.0,0,1,41,22.5,1,1,0
TX004117,P083,Crest Agro,702,3,113300.0,60,0,19,7.1,1,1,0
TX004118,P092,Falcon Metals,681,2,108000.0,30,1,47,16.0,1,1,0
TX004119,P028,Pacific Global,633,2,65000.0,60,1,51,14.1,0,1,1
TX004120,P089,Golden Power,807,1,421100.0,30,0,45,25.3,0,1,0
TX004121,P035,Sierra Materials,666,3,60100.0,60,2,66,8.8,0,1,0
TX004122,P079,Golden Agro,677,2,29500.0,0,0,54,12.9,1,1,0
TX004123,P090,Falcon Agro,813,2,486700.0,60,0,36,20.7,1,1,0
TX004124,P041,Falcon Industries,624,3,46600.0,30,1,63,7.3,1,1,0
TX004125,P077,Corona Energy,796,2,531400.0,90,0,37,19.0,1,1,0
TX004126,P041,Falcon Industries,616,3,60600.0,0,1,63,7.8,0,1,0
TX004127,P046,Vega Agro,623,4,35400.0,30,0,56,10.7,1,1,0
TX004128,P076,Nordic Materials,626,3,31300.0,90,0,58,11.2,0,0,0
TX004129,P059,Falcon Materials,670,2,189200.0,30,2,21,9.1,0,0,0
TX004130,P064,Zenith Chemicals,663,4,36400.0,0,1,44,8.1,0,0,0
TX004131,P042,Corona Power,717,3,186800.0,90,0,25,12.2,0,1,0
TX004132,P107,Prime Metals,787,2,322000.0,30,0,47,22.8,0,1,0
TX004133,P107,Prime Metals,807,2,225800.0,30,0,47,23.1,0,0,0
TX004134,P089,Golden Power,801,1,209100.0,60,1,45,24.6,0,0,0
TX004135,P045,Meridian Materials,691,4,46200.0,30,1,51,10.1,1,0,0
TX004136,P056,Union Agro,720,2,105700.0,60,0,22,8.9,0,1,0
TX004137,P077,Corona Energy,818,2,714100.0,90,0,37,18.5,0,0,0
TX004138,P053,Summit Global,745,3,200900.0,30,0,14,10.4,0,1,0
TX004139,P036,Prime Trading,767,1,296900.0,0,0,40,22.9,0,0,0
TX004140,P113,Meridian Agro,616,3,60200.0,90,2,52,8.5,0,0,1
TX004141,P092,Falcon Metals,688,2,30600.0,30,1,47,16.3,1,1,0
TX004142,P034,Union Trading,757,2,423500.0,60,1,54,18.3,0,1,0
TX004143,P012,Prime Power,635,2,38500.0,90,0,60,4.8,1,0,0
TX004144,P087,Corona Metals,675,2,162400.0,60,2,19,12.7,0,1,0
TX004145,P110,Meridian Energy,807,1,393100.0,60,0,50,22.7,1,0,0
TX004146,P034,Union Trading,739,2,294500.0,30,1,54,18.4,0,0,0
TX004147,P084,Meridian Metals,759,1,492300.0,30,1,45,23.0,0,1,0
TX004148,P120,Orient Chemicals,624,2,39900.0,60,0,50,12.4,0,0,1
TX004149,P118,Pacific Chemicals,787,1,373700.0,90,0,44,26.0,0,1,0
TX004150,P037,Nordic Global,654,3,67600.0,30,1,45,13.4,0,0,1
TX004151,P034,Union Trading,767,2,461400.0,0,0,54,17.5,0,1,0
TX004152,P110,Meridian Energy,790,1,372100.0,90,1,50,22.7,1,1,0
TX004153,P009,Falcon Global,621,3,38800.0,30,2,51,8.4,1,1,1
TX004154,P007,Cairo Grid Co,522,4,162200.0,90,3,19,1.6,0,1,1
TX004155,P010,Delta Chemicals,670,3,58900.0,0,0,51,11.1,0,1,0
TX004156,P041,Falcon Industries,620,3,28700.0,0,1,63,6.7,1,0,0
TX004157,P072,Meridian Logistics,661,3,49900.0,30,0,51,8.0,0,0,0
TX004158,P109,Delta Trading,833,1,202500.0,90,0,40,23.4,0,0,0
TX004159,P036,Prime Trading,772,1,258000.0,90,1,40,22.5,0,0,0
TX004160,P010,Delta Chemicals,658,3,57200.0,0,0,51,10.6,0,1,0
TX004161,P036,Prime Trading,749,1,262300.0,30,0,40,23.3,0,0,0
TX004162,P035,Sierra Materials,646,3,73300.0,30,1,66,9.4,1,1,1
TX004163,P007,Cairo Grid Co,547,4,133700.0,90,5,19,1.6,0,1,1
TX004164,P079,Golden Agro,669,2,42700.0,60,1,54,13.3,0,0,0
TX004165,P024,Zenith Energy,680,3,176600.0,60,0,16,7.4,0,1,0
TX004166,P072,Meridian Logistics,654,3,30400.0,30,0,51,7.9,0,1,0
TX004167,P076,Nordic Materials,627,3,67800.0,30,1,58,11.8,0,0,0
TX004168,P018,Marina Global,654,3,67600.0,30,1,58,15.3,1,1,1
TX004169,P114,Corona Logistics,736,1,449500.0,0,0,52,18.8,0,0,0
TX004170,P056,Union Agro,741,2,158100.0,60,0,22,8.6,1,1,0
TX004171,P010,Delta Chemicals,682,3,40800.0,0,0,51,10.5,0,0,0
TX004172,P084,Meridian Metals,755,1,724900.0,0,1,45,23.3,0,0,0
TX004173,P067,Vega Materials,792,2,241400.0,30,0,51,21.8,1,1,0
TX004174,P012,Prime Power,635,2,28600.0,60,0,60,5.0,0,0,0
TX004175,P055,Delta Energy,674,3,39000.0,90,2,53,10.5,0,0,0
TX004176,P008,Vega Logistics,724,2,160600.0,30,0,19,9.0,0,0,0
TX004177,P066,Orient Energy,603,3,58300.0,60,2,54,5.1,1,1,0
TX004178,P025,Crest Industries,694,2,281800.0,0,0,14,6.5,0,0,0
TX004179,P111,Prime Global,725,2,163500.0,90,0,21,4.6,0,0,0
TX004180,P019,Cobalt Materials,473,4,79100.0,30,4,4,3.7,0,0,1
TX004181,P035,Sierra Materials,651,3,48600.0,60,1,66,9.9,0,1,1
TX004182,P076,Nordic Materials,634,3,59600.0,0,0,58,11.6,0,1,0
TX004183,P042,Corona Power,716,3,83400.0,60,0,25,11.9,1,0,0
TX004184,P102,Falcon Power,773,1,140100.0,60,0,49,23.3,0,0,0
TX004185,P084,Meridian Metals,762,1,522200.0,0,0,45,22.3,0,1,0
TX004186,P110,Meridian Energy,822,1,554700.0,60,0,50,23.6,0,1,0
TX004187,P077,Corona Energy,775,2,441400.0,60,0,37,18.1,0,0,0
TX004188,P104,Summit Energy,837,2,520100.0,0,1,41,21.7,1,0,0
TX004189,P046,Vega Agro,610,4,27700.0,60,0,56,10.6,0,1,0
TX004190,P084,Meridian Metals,766,1,194400.0,30,1,45,23.0,1,1,0
TX004191,P012,Prime Power,608,2,36300.0,30,1,60,4.7,1,0,0
TX004192,P051,Union Energy,667,3,49200.0,90,0,51,11.0,0,0,0
TX004193,P053,Summit Global,750,3,144200.0,60,0,14,10.8,1,1,0
TX004194,P031,Vega Power,766,2,252900.0,60,0,38,17.0,1,0,0
TX004195,P116,Aurora Materials,660,3,34500.0,90,2,55,10.6,0,1,0
TX004196,P098,Marina Agro,674,3,39900.0,60,2,57,17.3,0,1,0
TX004197,P035,Sierra Materials,674,3,53600.0,90,1,66,9.5,0,0,1
TX004198,P011,Corona Industries,681,3,130000.0,60,0,20,12.1,0,1,0
TX004199,P059,Falcon Materials,679,2,211000.0,60,2,21,9.7,1,0,0
TX004200,P113,Meridian Agro,597,3,22900.0,90,1,52,8.5,1,1,1
TX004201,P072,Meridian Logistics,662,3,51100.0,90,0,51,9.0,1,1,0
TX004202,P034,Union Trading,757,2,514300.0,0,0,54,17.9,0,0,0
TX004203,P009,Falcon Global,637,3,39100.0,30,1,51,9.1,1,0,0
TX004204,P085,Pacific Agro,685,3,30200.0,60,1,55,16.1,0,0,0
TX004205,P034,Union Trading,743,2,255400.0,30,1,54,18.6,1,1,0
TX004206,P007,Cairo Grid Co,528,4,63300.0,30,4,19,1.1,0,1,1
TX004207,P002,Corona Agro,704,3,172200.0,30,1,25,3.0,0,1,0
TX004208,P049,Orient Trading,497,4,115000.0,90,5,9,6.8,1,1,1
TX004209,P098,Marina Agro,659,3,54800.0,60,2,57,16.6,0,1,0
TX004210,P041,Falcon Industries,624,3,63000.0,60,1,63,6.7,0,1,0
TX004211,P023,Sierra Trading,467,4,131500.0,60,3,19,4.5,0,1,1
TX004212,P045,Meridian Materials,665,4,29600.0,30,1,51,10.8,0,1,0
TX004213,P107,Prime Metals,787,2,226100.0,0,1,47,22.7,0,1,0
TX004214,P092,Falcon Metals,676,2,48900.0,60,1,47,17.0,0,1,0
TX004215,P080,Harbor Global,512,4,131500.0,90,2,20,4.5,0,0,1
TX004216,P062,Aurora Industries,659,3,72600.0,90,1,33,8.3,0,1,0
TX004217,P064,Zenith Chemicals,656,4,42900.0,0,1,44,7.8,0,1,0
TX004218,P098,Marina Agro,670,3,20700.0,60,2,57,16.8,0,0,0
TX004219,P102,Falcon Power,788,1,218000.0,30,0,49,23.6,1,0,0
TX004220,P097,Marina Chemicals,803,2,200900.0,30,1,35,19.0,1,1,0
TX004221,P031,Vega Power,794,2,386200.0,60,0,38,17.5,0,0,0
TX004222,P010,Delta Chemicals,653,3,47600.0,0,0,51,10.5,1,1,0
TX004223,P078,Pacific Materials,818,1,290100.0,60,0,37,22.5,0,0,0
TX004224,P065,Crest Global,701,2,188200.0,0,1,15,13.1,0,0,0
TX004225,P031,Vega Power,777,2,340400.0,60,0,38,17.5,1,0,0
TX004226,P043,Atlas Chemicals,811,2,620600.0,30,0,46,22.2,1,1,0
TX004227,P069,Sierra Global,658,2,144600.0,30,2,31,2.7,0,0,0
TX004228,P055,Delta Energy,674,3,32700.0,90,2,53,10.0,0,1,0
TX004229,P041,Falcon Industries,621,3,53100.0,30,1,63,7.9,1,1,0
TX004230,P093,Union Global,819,2,689700.0,30,1,52,20.5,0,0,0
TX004231,P061,Harbor Metals,648,2,46200.0,30,1,58,15.4,0,1,0
TX004232,P120,Orient Chemicals,658,2,73400.0,90,0,50,13.2,1,1,0
TX004233,P015,Crest Materials,745,1,484600.0,30,0,34,24.9,0,0,0
TX004234,P078,Pacific Materials,812,1,328100.0,30,1,37,22.6,1,0,0
TX004235,P073,Vega Metals,702,2,213500.0,30,1,23,9.6,0,1,0
TX004236,P001,Delta Power,710,2,99300.0,30,1,19,2.3,1,0,0
TX004237,P051,Union Energy,671,3,77700.0,60,2,51,10.6,0,1,0
TX004238,P118,Pacific Chemicals,767,1,416800.0,60,3,44,26.3,1,1,0
TX004239,P016,Aurora Energy,808,1,491500.0,60,1,45,25.8,0,0,0
TX004240,P116,Aurora Materials,644,3,40600.0,30,2,55,9.9,1,0,0
TX004241,P034,Union Trading,732,2,514300.0,90,0,54,18.7,0,0,0
TX004242,P055,Delta Energy,676,3,35900.0,30,2,53,11.0,1,1,0
TX004243,P005,Zenith Trading,624,3,35300.0,60,1,56,18.3,0,0,0
TX004244,P092,Falcon Metals,665,2,37700.0,0,1,47,16.9,0,1,0
TX004245,P051,Union Energy,688,3,73100.0,60,0,51,11.1,0,0,1
TX004246,P016,Aurora Energy,809,1,217300.0,90,1,45,27.1,1,1,0
TX004247,P017,Lagos Agro Ltd,482,4,84800.0,90,3,7,3.2,0,0,1
TX004248,P003,Delta Materials,841,1,236300.0,30,1,41,20.9,0,1,0
TX004249,P118,Pacific Chemicals,785,1,326300.0,60,1,44,26.7,1,0,0
TX004250,P103,Golden Materials,678,2,293800.0,0,1,8,10.2,1,0,0
TX004251,P025,Crest Industries,683,2,118300.0,30,1,14,6.8,0,1,0
TX004252,P069,Sierra Global,658,2,116300.0,0,1,31,3.9,1,1,0
TX004253,P022,Sierra Metals,865,2,119500.0,60,1,46,21.7,0,0,0
TX004254,P042,Corona Power,721,3,151700.0,0,0,25,12.6,0,1,0
TX004255,P114,Corona Logistics,760,1,245400.0,30,0,52,18.4,0,1,0
TX004256,P034,Union Trading,746,2,590600.0,60,1,54,19.2,0,1,0
TX004257,P113,Meridian Agro,618,3,81800.0,60,1,52,7.8,0,0,1
TX004258,P115,Vega Trading,692,2,100300.0,0,1,20,6.9,0,1,0
TX004259,P066,Orient Energy,611,3,32100.0,60,1,54,5.6,1,1,0
TX004260,P072,Meridian Logistics,663,3,30500.0,30,1,51,8.0,0,0,0
TX004261,P115,Vega Trading,689,2,125400.0,60,1,20,8.1,0,1,0
TX004262,P113,Meridian Agro,611,3,69400.0,30,1,52,8.3,1,0,0
TX004263,P075,Marina Industries,612,3,18600.0,30,1,49,11.4,1,0,0
TX004264,P072,Meridian Logistics,654,3,48500.0,0,0,51,8.5,0,0,0
TX004265,P054,Golden Global,650,3,59200.0,30,1,58,16.8,0,0,0
TX004266,P043,Atlas Chemicals,806,2,735700.0,60,0,46,21.8,0,1,0
TX004267,P048,Orient Metals,630,2,34600.0,30,1,45,12.3,0,1,0
TX004268,P066,Orient Energy,622,3,36400.0,30,1,54,5.9,1,1,0
TX004269,P046,Vega Agro,643,4,73000.0,60,0,56,9.8,0,1,0
TX004270,P053,Summit Global,736,3,173500.0,90,0,14,11.0,1,0,0
TX004271,P075,Marina Industries,599,3,54500.0,90,1,49,10.8,0,1,0
TX004272,P099,Aurora Global,676,1,92200.0,0,2,26,11.3,0,0,0
TX004273,P048,Orient Metals,621,2,49700.0,30,1,45,11.7,1,0,0
TX004274,P079,Golden Agro,681,2,52600.0,60,0,54,12.9,0,1,0
TX004275,P068,Cobalt Trading,693,4,122500.0,30,0,21,0.5,0,1,0
TX004276,P112,Orient Materials,801,1,250600.0,30,0,45,23.7,0,1,0
TX004277,P042,Corona Power,707,3,173100.0,90,0,25,12.0,0,0,0
TX004278,P067,Vega Materials,793,2,630900.0,60,0,51,21.5,1,0,0
TX004279,P034,Union Trading,752,2,273600.0,60,1,54,18.4,0,1,0
TX004280,P034,Union Trading,755,2,475700.0,60,0,54,19.4,0,1,0
TX004281,P116,Aurora Materials,658,3,45900.0,30,2,55,10.6,0,1,0
TX004282,P117,Falcon Energy,678,2,80300.0,30,2,50,6.9,0,0,0
TX004283,P078,Pacific Materials,845,1,277100.0,30,0,37,22.6,0,1,0
TX004284,P016,Aurora Energy,801,1,244300.0,0,1,45,26.8,1,0,0
TX004285,P119,Meridian Chemicals,678,1,102400.0,60,1,25,11.0,1,1,1
TX004286,P026,Summit Materials,710,3,125500.0,60,0,31,8.6,0,0,0
TX004287,P034,Union Trading,757,2,435400.0,0,0,54,18.2,0,1,0
TX004288,P064,Zenith Chemicals,651,4,29400.0,30,1,44,8.5,0,0,0
TX004289,P016,Aurora Energy,810,1,229100.0,0,0,45,26.4,0,1,0
TX004290,P062,Aurora Industries,708,3,107000.0,60,1,33,7.4,0,0,0
TX004291,P112,Orient Materials,823,1,275300.0,90,0,45,23.7,0,1,0
TX004292,P107,Prime Metals,796,2,292700.0,30,0,47,22.6,0,1,0
TX004293,P042,Corona Power,721,3,91900.0,30,0,25,11.6,1,0,0
TX004294,P050,Crest Chemicals,672,2,167100.0,30,1,14,1.9,0,0,0
TX004295,P042,Corona Power,721,3,100000.0,30,0,25,12.0,1,0,0
TX004296,P051,Union Energy,680,3,53500.0,60,2,51,11.5,0,0,1
TX004297,P086,Sierra Energy,466,4,51700.0,60,3,5,14.3,0,1,1
TX004298,P031,Vega Power,767,2,524200.0,30,0,38,16.1,0,0,0
TX004299,P112,Orient Materials,821,1,174900.0,30,1,45,24.1,0,1,0
TX004300,P036,Prime Trading,757,1,158000.0,60,0,40,22.4,0,1,0
TX004301,P093,Union Global,821,2,497800.0,90,2,52,20.0,0,0,0
TX004302,P056,Union Agro,725,2,182600.0,30,0,22,7.9,0,0,0
TX004303,P113,Meridian Agro,609,3,29700.0,60,1,52,8.8,1,1,0
TX004304,P054,Golden Global,653,3,66300.0,30,1,58,17.0,1,1,0
TX004305,P035,Sierra Materials,636,3,61600.0,90,1,66,9.3,0,1,0
TX004306,P025,Crest Industries,688,2,305500.0,30,1,14,6.7,1,1,0
TX004307,P033,Delta Industries,680,2,71600.0,30,0,24,6.8,0,1,0
TX004308,P044,Summit Agro,735,2,279800.0,30,0,23,8.6,0,1,0
TX004309,P046,Vega Agro,635,4,45000.0,30,0,56,9.9,0,1,1
TX004310,P074,Aurora Logistics,468,5,130600.0,90,3,7,7.7,0,1,1
TX004311,P007,Cairo Grid Co,516,4,114900.0,60,3,19,2.2,0,1,1
TX004312,P070,Crest Metals,815,1,457500.0,60,0,45,23.3,0,0,0
TX004313,P046,Vega Agro,610,4,38900.0,60,0,56,10.4,0,0,1
TX004314,P055,Delta Energy,677,3,46700.0,90,2,53,10.5,0,0,1
TX004315,P098,Marina Agro,662,3,26500.0,60,2,57,18.3,0,1,0
TX004316,P084,Meridian Metals,777,1,267300.0,0,0,45,22.1,0,1,0
TX004317,P102,Falcon Power,774,1,301400.0,0,0,49,22.5,1,1,0
TX004318,P109,Delta Trading,813,1,270900.0,60,0,40,23.2,0,1,0
TX004319,P072,Meridian Logistics,659,3,65400.0,60,0,51,8.2,0,0,0
TX004320,P107,Prime Metals,805,2,238300.0,60,0,47,23.1,0,1,0
TX004321,P107,Prime Metals,806,2,262900.0,30,1,47,23.3,0,0,0
TX004322,P114,Corona Logistics,770,1,219200.0,30,0,52,19.2,1,0,0
TX004323,P112,Orient Materials,801,1,285300.0,0,0,45,23.3,1,1,0
TX004324,P076,Nordic Materials,640,3,78000.0,90,0,58,11.4,0,1,0
TX004325,P073,Vega Metals,705,2,164700.0,90,1,23,10.4,0,0,1
TX004326,P066,Orient Energy,630,3,38900.0,30,1,54,5.6,1,0,0
TX004327,P043,Atlas Chemicals,815,2,614400.0,60,0,46,21.2,0,0,0
TX004328,P074,Aurora Logistics,463,5,155800.0,30,3,7,7.3,0,0,1
TX004329,P093,Union Global,834,2,484200.0,60,1,52,20.0,1,0,0
TX004330,P026,Summit Materials,707,3,277000.0,0,1,31,9.4,1,1,0
TX004331,P113,Meridian Agro,618,3,42700.0,60,1,52,9.4,1,1,0
TX004332,P112,Orient Materials,810,1,297900.0,0,1,45,24.1,0,0,0
TX004333,P077,Corona Energy,792,2,506700.0,30,0,37,19.0,0,0,1
TX004334,P031,Vega Power,771,2,473900.0,30,1,38,16.6,0,0,0
TX004335,P008,Vega Logistics,725,2,147900.0,90,1,19,10.5,0,1,0
TX004336,P092,Falcon Metals,677,2,38700.0,0,1,47,15.7,0,0,0
TX004337,P028,Pacific Global,654,2,42300.0,90,2,51,14.7,0,1,0
TX004338,P027,Summit Power,699,3,108700.0,30,1,21,4.0,0,0,0
TX004339,P035,Sierra Materials,668,3,52900.0,90,1,66,9.6,0,1,0
TX004340,P036,Prime Trading,770,1,209200.0,60,0,40,22.7,1,0,0
TX004341,P097,Marina Chemicals,801,2,418500.0,60,1,35,18.8,1,1,0
TX004342,P010,Delta Chemicals,661,3,30500.0,30,0,51,10.6,0,0,0
TX004343,P088,Falcon Trading,624,3,26900.0,30,1,43,12.9,1,0,0
TX004344,P103,Golden Materials,644,2,252000.0,30,1,8,9.5,1,1,0
TX004345,P003,Delta Materials,845,1,420500.0,60,2,41,20.2,0,1,0
TX004346,P120,Orient Chemicals,632,2,59700.0,60,0,50,12.9,0,1,0
TX004347,P003,Delta Materials,865,1,313500.0,60,1,41,20.6,0,0,0
TX004348,P051,Union Energy,670,3,85200.0,60,0,51,10.7,0,0,0
TX004349,P035,Sierra Materials,677,3,27700.0,60,1,66,10.2,0,1,1
TX004350,P077,Corona Energy,788,2,323900.0,60,0,37,18.9,1,0,0
TX004351,P079,Golden Agro,662,2,32300.0,30,0,54,13.8,0,1,0
TX004352,P078,Pacific Materials,827,1,310100.0,30,0,37,23.3,0,0,0
TX004353,P104,Summit Energy,837,2,530200.0,0,1,41,23.3,1,0,0
TX004354,P065,Crest Global,719,2,118200.0,30,0,15,14.1,0,0,0
TX004355,P117,Falcon Energy,704,2,38000.0,60,1,50,7.6,0,0,1
TX004356,P022,Sierra Metals,860,2,262800.0,30,1,46,21.7,0,1,0
TX004357,P076,Nordic Materials,614,3,62400.0,30,0,58,11.7,0,1,0
TX004358,P036,Prime Trading,742,1,158800.0,0,0,40,22.9,0,1,0
TX004359,P061,Harbor Metals,644,2,56100.0,60,1,58,14.7,0,1,0
TX004360,P080,Harbor Global,527,4,104600.0,0,3,20,5.2,0,1,1
TX004361,P035,Sierra Materials,652,3,45800.0,90,1,66,8.9,0,0,0
TX004362,P007,Cairo Grid Co,513,4,147400.0,60,3,19,1.5,0,1,1
TX004363,P008,Vega Logistics,715,2,130000.0,60,1,19,9.1,0,1,0
TX004364,P092,Falcon Metals,679,2,31200.0,90,1,47,15.5,1,1,0
TX004365,P037,Nordic Global,633,3,50700.0,0,1,45,13.8,1,0,0
TX004366,P085,Pacific Agro,696,3,26700.0,60,1,55,15.3,0,0,0
TX004367,P015,Crest Materials,767,1,577100.0,60,0,34,24.5,0,1,0
TX004368,P001,Delta Power,727,2,145600.0,30,1,19,2.0,0,1,0
TX004369,P094,Union Chemicals,797,1,604200.0,0,1,48,16.1,0,1,0
TX004370,P120,Orient Chemicals,644,2,53900.0,60,0,50,12.4,0,1,0
TX004371,P101,Aurora Agro,685,3,152600.0,90,0,12,7.5,0,1,0
TX004372,P084,Meridian Metals,763,1,275500.0,30,1,45,24.0,1,0,0
TX004373,P105,Prime Logistics,514,4,94300.0,30,3,12,1.8,1,1,0
TX004374,P084,Meridian Metals,737,1,358400.0,30,0,45,23.6,0,1,0
TX004375,P020,Corona Materials,700,3,47900.0,90,1,40,15.7,1,0,0
TX004376,P116,Aurora Materials,664,3,24500.0,60,2,55,9.7,0,0,0
TX004377,P094,Union Chemicals,781,1,869100.0,30,1,48,16.5,1,0,0
TX004378,P040,Union Power,708,3,90200.0,60,2,15,3.6,0,1,0
TX004379,P093,Union Global,835,2,354500.0,30,1,52,19.9,1,1,0
TX004380,P112,Orient Materials,797,1,270500.0,30,0,45,22.9,0,1,0
TX004381,P107,Prime Metals,782,2,227500.0,30,0,47,23.2,1,1,0
TX004382,P015,Crest Materials,770,1,443800.0,60,0,34,23.5,0,0,0
TX004383,P056,Union Agro,713,2,142300.0,60,0,22,7.6,0,0,0
TX004384,P035,Sierra Materials,654,3,49900.0,30,1,66,9.0,1,1,0
TX004385,P097,Marina Chemicals,822,2,142400.0,0,1,35,19.9,1,0,0
TX004386,P031,Vega Power,765,2,576200.0,30,0,38,16.5,0,0,0
TX004387,P071,Golden Metals,809,1,119200.0,60,0,47,28.0,0,1,0
TX004388,P113,Meridian Agro,608,3,63400.0,0,1,52,8.8,1,0,0
TX004389,P043,Atlas Chemicals,827,2,434800.0,60,1,46,22.2,0,1,1
TX004390,P079,Golden Agro,666,2,17600.0,60,0,54,13.9,0,1,1
TX004391,P003,Delta Materials,826,1,444400.0,30,1,41,20.3,0,0,0
TX004392,P009,Falcon Global,615,3,36900.0,60,1,51,9.1,1,1,0
TX004393,P005,Zenith Trading,612,3,18800.0,60,1,56,17.1,0,0,0
TX004394,P102,Falcon Power,789,1,417900.0,0,1,49,23.0,1,0,0
TX004395,P107,Prime Metals,780,2,274900.0,0,1,47,23.4,0,1,0
TX004396,P096,Prime Materials,778,2,990200.0,30,0,50,23.7,0,1,0
TX004397,P111,Prime Global,739,2,202500.0,60,0,21,4.0,0,1,0
TX004398,P033,Delta Industries,656,2,181200.0,30,0,24,6.8,0,1,0
TX004399,P114,Corona Logistics,749,1,515400.0,60,1,52,19.1,1,1,0
TX004400,P082,Union Materials,664,3,82300.0,90,3,14,12.1,0,1,0
TX004401,P070,Crest Metals,833,1,638100.0,30,0,45,24.1,1,1,0
TX004402,P085,Pacific Agro,709,3,34500.0,30,2,55,15.4,0,1,1
TX004403,P036,Prime Trading,747,1,100600.0,30,0,40,23.9,1,1,0
TX004404,P109,Delta Trading,820,1,226400.0,90,0,40,22.5,0,0,0
TX004405,P007,Cairo Grid Co,558,4,83200.0,0,3,19,0.6,1,1,0
TX004406,P111,Prime Global,735,2,121000.0,90,0,21,4.5,0,1,0
TX004407,P009,Falcon Global,635,3,33100.0,30,1,51,9.6,0,1,1
TX004408,P014,Orient Global,826,1,664700.0,60,1,44,18.4,1,0,0
TX004409,P075,Marina Industries,607,3,59600.0,0,1,49,12.6,1,0,0
TX004410,P118,Pacific Chemicals,791,1,256500.0,30,1,44,26.8,0,1,0
TX004411,P098,Marina Agro,683,3,24500.0,60,1,57,16.9,0,0,0
TX004412,P006,Harbor Agro,724,3,101100.0,90,0,28,4.4,0,0,1
TX004413,P075,Marina Industries,587,3,28400.0,30,1,49,11.9,0,0,0
TX004414,P010,Delta Chemicals,671,3,104700.0,30,0,51,11.0,1,0,0
TX004415,P034,Union Trading,766,2,743200.0,90,0,54,17.8,1,0,0
TX004416,P075,Marina Industries,599,3,43600.0,30,2,49,11.7,1,0,1
TX004417,P054,Golden Global,654,3,50300.0,0,2,58,16.1,0,0,0
TX004418,P107,Prime Metals,781,2,180100.0,60,1,47,23.5,0,0,0
TX004419,P042,Corona Power,692,3,129400.0,60,0,25,12.1,0,0,0
TX004420,P114,Corona Logistics,727,1,300700.0,60,0,52,19.7,1,1,0
TX004421,P055,Delta Energy,675,3,34200.0,60,2,53,10.6,1,0,1
TX004422,P005,Zenith Trading,619,3,36400.0,30,1,56,17.9,0,1,0
TX004423,P108,Orient Power,663,3,35900.0,30,0,41,12.0,1,1,0
TX004424,P042,Corona Power,708,3,121700.0,90,0,25,11.6,0,0,0
TX004425,P114,Corona Logistics,755,1,291200.0,0,1,52,18.2,0,1,0
TX004426,P059,Falcon Materials,690,2,180600.0,60,2,21,9.5,0,1,0
TX004427,P104,Summit Energy,850,2,573400.0,30,1,41,21.4,0,0,0
TX004428,P074,Aurora Logistics,455,5,133400.0,30,4,7,6.7,0,1,1
TX004429,P088,Falcon Trading,584,3,56800.0,60,1,43,12.3,1,1,1
TX004430,P006,Harbor Agro,700,3,83900.0,30,0,28,4.5,0,0,1
TX004431,P070,Crest Metals,834,1,484400.0,30,0,45,23.9,0,1,0
TX004432,P012,Prime Power,621,2,56500.0,60,1,60,4.5,0,1,0
TX004433,P003,Delta Materials,861,1,414600.0,60,3,41,20.3,1,0,0
TX004434,P010,Delta Chemicals,663,3,49200.0,60,0,51,11.0,0,0,0
TX004435,P091,Nordic Trading,837,2,444900.0,90,1,45,20.3,0,1,0
TX004436,P014,Orient Global,795,1,559800.0,30,0,44,18.1,0,0,0
TX004437,P044,Summit Agro,715,2,144100.0,60,0,23,8.0,0,1,0
TX004438,P012,Prime Power,639,2,27400.0,60,1,60,4.3,1,1,0
TX004439,P054,Golden Global,644,3,27300.0,60,2,58,16.2,0,1,0
TX004440,P064,Zenith Chemicals,638,4,31900.0,0,1,44,8.3,1,1,0
TX004441,P026,Summit Materials,739,3,107500.0,90,1,31,8.8,1,0,0
TX004442,P096,Prime Materials,801,2,844700.0,30,0,50,23.9,1,0,0
TX004443,P046,Vega Agro,629,4,77100.0,60,0,56,10.3,0,0,1
TX004444,P069,Sierra Global,672,2,184300.0,30,1,31,3.8,0,1,0
TX004445,P032,Cobalt Logistics,724,3,120000.0,30,1,23,4.2,1,0,0
TX004446,P046,Vega Agro,640,4,55000.0,30,0,56,9.1,0,0,1
TX004447,P042,Corona Power,699,3,164500.0,90,0,25,11.5,1,0,0
TX004448,P084,Meridian Metals,774,1,391300.0,30,0,45,23.5,1,1,0
TX004449,P012,Prime Power,633,2,37300.0,30,0,60,3.5,0,1,0
TX004450,P079,Golden Agro,669,2,27500.0,60,0,54,13.5,0,0,0
TX004451,P116,Aurora Materials,650,3,36600.0,60,3,55,9.6,0,1,0
TX004452,P043,Atlas Chemicals,803,2,601500.0,30,0,46,22.1,0,0,0
TX004453,P021,Harbor Power,662,3,189100.0,90,0,15,12.9,0,0,0
TX004454,P061,Harbor Metals,658,2,53500.0,30,1,58,15.6,1,1,0
TX004455,P113,Meridian Agro,595,3,68800.0,90,1,52,8.5,0,1,0
TX004456,P015,Crest Materials,767,1,489500.0,0,0,34,23.7,1,0,0
TX004457,P028,Pacific Global,637,2,82400.0,60,2,51,13.9,0,0,0
TX004458,P018,Marina Global,630,3,37600.0,90,1,58,15.7,0,1,0
TX004459,P064,Zenith Chemicals,661,4,39200.0,60,1,44,8.4,0,1,1
TX004460,P117,Falcon Energy,674,2,136300.0,30,1,50,8.0,0,0,1
TX004461,P055,Delta Energy,678,3,30800.0,60,2,53,11.0,1,0,1
TX004462,P075,Marina Industries,602,3,33800.0,0,2,49,11.9,1,0,0
TX004463,P037,Nordic Global,645,3,76400.0,60,2,45,13.8,1,0,0
TX004464,P083,Crest Agro,712,3,129200.0,0,1,19,6.9,0,0,0
TX004465,P091,Nordic Trading,859,2,459100.0,0,0,45,20.1,0,1,0
TX004466,P018,Marina Global,628,3,47500.0,30,2,58,14.6,0,0,0
TX004467,P064,Zenith Chemicals,666,4,38400.0,30,1,44,7.1,1,1,0
TX004468,P070,Crest Metals,806,1,530400.0,60,1,45,23.6,0,0,0
TX004469,P055,Delta Energy,666,3,33700.0,90,2,53,10.2,0,1,1
TX004470,P079,Golden Agro,666,2,50200.0,90,1,54,14.5,1,1,0
TX004471,P082,Union Materials,666,3,101000.0,60,1,14,11.9,1,0,1
TX004472,P035,Sierra Materials,678,3,21100.0,30,1,66,9.6,1,1,0
TX004473,P111,Prime Global,736,2,194300.0,60,1,21,3.5,0,0,0
TX004474,P045,Meridian Materials,679,4,70300.0,60,1,51,11.1,0,1,0
TX004475,P054,Golden Global,658,3,31600.0,0,1,58,16.0,0,0,0
TX004476,P115,Vega Trading,694,2,193100.0,60,0,20,8.3,0,0,0
TX004477,P089,Golden Power,796,1,558800.0,60,0,45,24.7,1,1,0
TX004478,P114,Corona Logistics,743,1,218700.0,30,1,52,19.7,1,1,0
TX004479,P066,Orient Energy,626,3,37100.0,60,1,54,6.0,1,1,0
TX004480,P072,Meridian Logistics,630,3,31500.0,30,0,51,8.2,0,0,0
TX004481,P093,Union Global,805,2,267300.0,60,2,52,21.1,1,1,0
TX004482,P110,Meridian Energy,808,1,558800.0,30,1,50,23.3,0,1,0
TX004483,P004,Al-Rashid Trading,492,5,197600.0,30,2,6,6.7,0,1,1
TX004484,P014,Orient Global,832,1,478400.0,60,0,44,17.8,1,1,0
TX004485,P005,Zenith Trading,599,3,36600.0,60,3,56,17.4,0,0,1
TX004486,P109,Delta Trading,826,1,482900.0,0,0,40,23.0,0,1,0
TX004487,P119,Meridian Chemicals,656,1,151100.0,60,1,25,12.0,0,0,0
TX004488,P063,Prime Agro,487,4,178300.0,60,2,13,0.8,1,0,1
TX004489,P054,Golden Global,648,3,33700.0,30,1,58,16.5,1,0,0
TX004490,P098,Marina Agro,664,3,34700.0,90,1,57,17.0,0,1,0
TX004491,P012,Prime Power,631,2,26000.0,30,0,60,4.7,0,1,0
TX004492,P044,Summit Agro,718,2,281700.0,0,0,23,8.5,0,1,0
TX004493,P044,Summit Agro,743,2,167100.0,60,0,23,9.2,0,1,0
TX004494,P112,Orient Materials,808,1,331900.0,30,1,45,24.8,0,0,0
TX004495,P097,Marina Chemicals,820,2,239200.0,60,1,35,18.6,0,0,0
TX004496,P003,Delta Materials,844,1,476600.0,60,1,41,20.6,0,0,0
TX004497,P022,Sierra Metals,850,2,269000.0,60,1,46,21.3,0,1,0
TX004498,P102,Falcon Power,779,1,156200.0,30,0,49,23.1,0,1,0
TX004499,P070,Crest Metals,820,1,506500.0,60,0,45,23.8,1,1,0
TX004500,P013,Orient Logistics,750,2,194500.0,90,0,37,18.6,1,1,0
TX004501,P106,Prime Industries,705,2,206900.0,90,2,20,8.1,1,0,0
TX004502,P009,Falcon Global,639,3,41000.0,90,2,51,8.3,1,1,1
TX004503,P041,Falcon Industries,628,3,27900.0,30,2,63,7.3,0,0,0
TX004504,P076,Nordic Materials,615,3,57600.0,30,0,58,12.0,1,1,0
TX004505,P018,Marina Global,643,3,49100.0,60,1,58,15.2,0,0,0
TX004506,P054,Golden Global,634,3,33600.0,60,1,58,15.9,1,0,0
TX004507,P069,Sierra Global,674,2,122600.0,0,1,31,3.5,1,0,0
TX004508,P012,Prime Power,623,2,53000.0,30,1,60,4.2,0,1,0
TX004509,P009,Falcon Global,631,3,17400.0,90,1,51,9.1,0,0,0
TX004510,P072,Meridian Logistics,663,3,56600.0,60,2,51,8.6,1,0,0
TX004511,P102,Falcon Power,784,1,292000.0,30,1,49,22.6,1,1,0
TX004512,P033,Delta Industries,665,2,87100.0,0,0,24,7.3,0,0,1
TX004513,P102,Falcon Power,814,1,311600.0,30,1,49,22.2,0,1,0
TX004514,P112,Orient Materials,792,1,360500.0,60,1,45,23.7,0,1,0
TX004515,P041,Falcon Industries,621,3,40400.0,90,1,63,7.3,1,0,0
TX004516,P003,Delta Materials,831,1,414100.0,0,1,41,20.6,0,0,0
TX004517,P001,Delta Power,715,2,144300.0,30,0,19,2.4,0,1,0
TX004518,P102,Falcon Power,762,1,293400.0,90,0,49,23.0,0,0,0
TX004519,P035,Sierra Materials,652,3,40300.0,60,2,66,9.0,0,0,1
TX004520,P009,Falcon Global,595,3,36000.0,60,1,51,9.4,0,0,0
TX004521,P088,Falcon Trading,603,3,45100.0,60,2,43,11.8,1,0,0
TX004522,P094,Union Chemicals,790,1,691200.0,30,0,48,16.5,0,0,0
TX004523,P089,Golden Power,820,1,285600.0,60,0,45,25.4,0,1,0
TX004524,P046,Vega Agro,628,4,37600.0,30,1,56,10.6,1,0,0
TX004525,P045,Meridian Materials,691,4,131500.0,30,1,51,10.6,1,1,0
TX004526,P013,Orient Logistics,770,2,174100.0,30,0,37,17.8,0,0,0
TX004527,P097,Marina Chemicals,805,2,416900.0,30,1,35,18.7,0,0,1
TX004528,P083,Crest Agro,694,3,200800.0,0,1,19,7.8,0,0,0
TX004529,P094,Union Chemicals,775,1,691100.0,0,0,48,16.2,0,1,0
TX004530,P068,Cobalt Trading,708,4,286100.0,90,1,21,0.5,0,0,1
TX004531,P118,Pacific Chemicals,804,1,440200.0,0,1,44,27.2,0,1,0
TX004532,P107,Prime Metals,795,2,242000.0,60,0,47,23.0,0,0,0
TX004533,P056,Union Agro,737,2,166000.0,60,0,22,8.4,0,0,0
TX004534,P094,Union Chemicals,791,1,485800.0,90,0,48,16.9,0,0,0
TX004535,P064,Zenith Chemicals,662,4,35700.0,90,1,44,7.9,0,0,0
TX004536,P102,Falcon Power,776,1,206400.0,60,0,49,22.0,1,1,0
TX004537,P061,Harbor Metals,650,2,41500.0,60,1,58,15.6,0,0,1
TX004538,P113,Meridian Agro,604,3,31000.0,90,2,52,8.4,1,1,0
TX004539,P053,Summit Global,702,3,142000.0,60,0,14,10.5,0,0,0
TX004540,P074,Aurora Logistics,488,5,201700.0,60,3,7,7.3,1,0,1
TX004541,P013,Orient Logistics,769,2,293700.0,60,1,37,18.5,0,1,0
TX004542,P004,Al-Rashid Trading,492,5,196600.0,90,2,6,7.2,1,1,1
TX004543,P114,Corona Logistics,737,1,352800.0,30,0,52,18.6,0,0,0
TX004544,P067,Vega Materials,790,2,415700.0,30,0,51,22.1,0,0,0
TX004545,P054,Golden Global,646,3,43900.0,0,1,58,16.0,0,0,0
TX004546,P020,Corona Materials,654,3,91600.0,30,0,40,14.4,1,1,0
TX004547,P053,Summit Global,750,3,130100.0,0,0,14,10.7,0,0,0
TX004548,P069,Sierra Global,670,2,147000.0,0,1,31,4.1,1,1,0
TX004549,P091,Nordic Trading,854,2,201200.0,90,1,45,19.0,0,0,0
TX004550,P035,Sierra Materials,668,3,50300.0,30,1,66,8.5,1,1,0
TX004551,P016,Aurora Energy,813,1,391400.0,30,0,45,26.7,0,1,0
TX004552,P056,Union Agro,712,2,99100.0,60,0,22,8.9,1,1,0
TX004553,P104,Summit Energy,825,2,900700.0,30,2,41,23.1,1,1,0
TX004554,P050,Crest Chemicals,711,2,154100.0,30,1,14,2.4,1,1,0
TX004555,P067,Vega Materials,779,2,456300.0,30,0,51,20.9,0,0,0
TX004556,P117,Falcon Energy,697,2,57300.0,30,2,50,7.0,1,1,0
TX004557,P061,Harbor Metals,656,2,36500.0,30,2,58,14.0,0,1,0
TX004558,P091,Nordic Trading,847,2,307600.0,0,1,45,20.5,0,1,0
TX004559,P007,Cairo Grid Co,515,4,85900.0,90,4,19,1.4,0,1,1
TX004560,P072,Meridian Logistics,644,3,28800.0,0,0,51,8.2,1,1,0
TX004561,P072,Meridian Logistics,656,3,38000.0,60,0,51,8.1,0,1,1
TX004562,P066,Orient Energy,631,3,43500.0,0,1,54,5.9,1,1,0
TX004563,P054,Golden Global,640,3,43700.0,30,1,58,16.9,0,1,0
TX004564,P061,Harbor Metals,641,2,60100.0,0,3,58,15.0,0,1,0
TX004565,P048,Orient Metals,626,2,28400.0,30,1,45,12.3,0,1,1
TX004566,P112,Orient Materials,805,1,178700.0,60,0,45,23.5,1,1,0
TX004567,P062,Aurora Industries,669,3,68500.0,60,1,33,8.6,1,1,1
TX004568,P005,Zenith Trading,611,3,37600.0,0,2,56,18.2,1,1,0
TX004569,P081,Vega Industries,511,4,86800.0,90,3,6,5.5,0,0,1
TX004570,P095,Meridian Trading,801,2,255200.0,0,1,44,20.7,0,0,0
TX004571,P006,Harbor Agro,669,3,153800.0,0,0,28,4.5,0,1,0
TX004572,P004,Al-Rashid Trading,495,5,208800.0,60,3,6,6.5,0,0,1
TX004573,P101,Aurora Agro,693,3,243900.0,90,0,12,6.7,1,0,1
TX004574,P073,Vega Metals,683,2,176200.0,30,1,23,11.4,0,1,1
TX004575,P120,Orient Chemicals,621,2,57800.0,60,0,50,13.6,0,1,0
TX004576,P010,Delta Chemicals,687,3,57000.0,60,0,51,11.0,0,1,1
TX004577,P115,Vega Trading,698,2,263300.0,30,0,20,7.5,0,0,0
TX004578,P077,Corona Energy,797,2,314900.0,0,1,37,18.9,1,1,0
TX004579,P027,Summit Power,705,3,121600.0,60,0,21,3.5,0,0,0
TX004580,P024,Zenith Energy,702,3,163200.0,0,0,16,8.3,0,0,0
TX004581,P032,Cobalt Logistics,705,3,121300.0,0,0,23,5.3,0,0,0
TX004582,P015,Crest Materials,778,1,560600.0,90,0,34,24.0,0,0,0
TX004583,P104,Summit Energy,808,2,504600.0,60,1,41,21.0,1,0,0
TX004584,P117,Falcon Energy,668,2,67700.0,0,2,50,7.8,0,1,0
TX004585,P091,Nordic Trading,853,2,397600.0,30,0,45,19.8,0,0,0
TX004586,P115,Vega Trading,707,2,114800.0,60,0,20,7.7,1,1,0
TX004587,P020,Corona Materials,695,3,59300.0,30,0,40,15.0,0,1,0
TX004588,P087,Corona Metals,702,2,140700.0,0,1,19,12.8,0,1,0
TX004589,P035,Sierra Materials,662,3,38300.0,30,2,66,9.9,0,1,0
TX004590,P013,Orient Logistics,738,2,319700.0,90,0,37,18.0,1,1,0
TX004591,P111,Prime Global,723,2,165200.0,30,1,21,4.1,1,1,0
TX004592,P026,Summit Materials,729,3,118700.0,30,0,31,8.3,0,1,0
TX004593,P063,Prime Agro,483,4,101600.0,30,2,13,1.0,0,1,1
TX004594,P106,Prime Industries,719,2,119600.0,0,3,20,8.6,0,0,0
TX004595,P042,Corona Power,724,3,138300.0,90,0,25,12.5,0,0,1
TX004596,P118,Pacific Chemicals,792,1,203800.0,30,1,44,26.3,0,0,0
TX004597,P079,Golden Agro,675,2,31500.0,30,1,54,13.5,0,0,0
TX004598,P113,Meridian Agro,606,3,67500.0,30,1,52,8.4,0,1,0
TX004599,P031,Vega Power,762,2,244300.0,30,1,38,17.9,0,0,0
TX004600,P024,Zenith Energy,711,3,137200.0,30,0,16,7.3,0,0,0
TX004601,P102,Falcon Power,787,1,266800.0,60,1,49,22.5,0,0,0
TX004602,P110,Meridian Energy,809,1,345600.0,0,0,50,23.7,0,0,0
TX004603,P075,Marina Industries,588,3,49200.0,30,1,49,12.7,0,0,1
TX004604,P066,Orient Energy,623,3,28400.0,60,1,54,5.9,0,0,0
TX004605,P032,Cobalt Logistics,715,3,114900.0,60,0,23,5.3,0,0,0
TX004606,P093,Union Global,833,2,445900.0,90,3,52,20.0,1,1,0
TX004607,P043,Atlas Chemicals,803,2,522200.0,60,0,46,20.5,1,1,0
TX004608,P107,Prime Metals,787,2,170800.0,30,0,47,22.5,0,1,0
TX004609,P092,Falcon Metals,691,2,35700.0,60,1,47,16.1,0,0,0
TX004610,P034,Union Trading,753,2,522700.0,60,1,54,18.9,1,0,0
TX004611,P077,Corona Energy,813,2,498400.0,30,0,37,18.1,0,0,0
TX004612,P062,Aurora Industries,670,3,124400.0,60,1,33,7.9,0,0,0
TX004613,P085,Pacific Agro,692,3,34000.0,30,1,55,15.6,1,1,0
TX004614,P090,Falcon Agro,831,2,391200.0,0,0,36,20.4,0,0,0
TX004615,P067,Vega Materials,804,2,349600.0,30,0,51,22.3,0,0,0
TX004616,P051,Union Energy,711,3,57900.0,30,0,51,10.6,0,0,0
TX004617,P026,Summit Materials,726,3,110600.0,90,0,31,8.7,0,1,0
TX004618,P003,Delta Materials,844,1,330300.0,60,2,41,20.2,0,1,0
TX004619,P022,Sierra Metals,859,2,155700.0,90,1,46,21.4,0,1,0
TX004620,P041,Falcon Industries,648,3,40200.0,0,1,63,7.1,0,0,0
TX004621,P080,Harbor Global,523,4,100300.0,90,3,20,5.0,0,0,1
TX004622,P009,Falcon Global,648,3,35300.0,30,1,51,9.6,0,0,0
TX004623,P075,Marina Industries,608,3,36100.0,60,1,49,12.2,0,1,1
TX004624,P046,Vega Agro,628,4,28000.0,30,0,56,9.8,0,0,0
TX004625,P096,Prime Materials,790,2,548600.0,90,0,50,23.8,0,1,0
TX004626,P110,Meridian Energy,807,1,391400.0,0,0,50,24.1,1,1,0
TX004627,P067,Vega Materials,815,2,485200.0,0,0,51,21.5,0,1,0
TX004628,P094,Union Chemicals,792,1,749100.0,60,0,48,16.8,0,1,0
TX004629,P080,Harbor Global,530,4,78300.0,60,2,20,4.2,0,1,1
TX004630,P008,Vega Logistics,734,2,117900.0,0,0,19,9.0,0,0,0
TX004631,P098,Marina Agro,639,3,65400.0,60,2,57,17.7,0,1,0
TX004632,P064,Zenith Chemicals,642,4,34300.0,90,1,44,7.6,1,1,0
TX004633,P015,Crest Materials,773,1,359200.0,90,0,34,25.2,0,1,0
TX004634,P031,Vega Power,765,2,279600.0,30,0,38,16.2,0,0,0
TX004635,P091,Nordic Trading,861,2,198500.0,30,0,45,20.2,0,0,0
TX004636,P033,Delta Industries,669,2,160500.0,30,0,24,5.8,0,0,0
TX004637,P096,Prime Materials,791,2,377900.0,30,0,50,23.1,0,0,0
TX004638,P002,Corona Agro,707,3,289100.0,60,1,25,4.1,0,0,0
TX004639,P031,Vega Power,789,2,446200.0,0,0,38,16.7,1,0,0
TX004640,P070,Crest Metals,827,1,486800.0,90,0,45,23.5,0,0,0
TX004641,P042,Corona Power,712,3,152500.0,60,0,25,12.8,0,1,0
TX004642,P088,Falcon Trading,597,3,42700.0,0,2,43,11.8,0,0,0
TX004643,P003,Delta Materials,836,1,385000.0,60,2,41,20.3,0,1,0
TX004644,P013,Orient Logistics,755,2,455200.0,90,0,37,18.1,0,1,1
TX004645,P058,Zenith Logistics,726,3,83800.0,90,0,19,7.8,0,0,0
TX004646,P016,Aurora Energy,799,1,245100.0,60,0,45,27.3,1,0,0
TX004647,P036,Prime Trading,743,1,158800.0,90,0,40,23.4,0,0,0
TX004648,P003,Delta Materials,829,1,346800.0,0,1,41,20.1,0,0,0
TX004649,P064,Zenith Chemicals,642,4,42500.0,60,1,44,7.6,0,0,0
TX004650,P002,Corona Agro,705,3,178300.0,60,1,25,4.1,0,0,0
TX004651,P007,Cairo Grid Co,512,4,162400.0,90,3,19,2.1,1,0,1
TX004652,P010,Delta Chemicals,677,3,67700.0,60,0,51,10.6,0,0,0
TX004653,P046,Vega Agro,635,4,37900.0,60,1,56,11.2,1,0,0
TX004654,P018,Marina Global,656,3,33200.0,0,1,58,15.7,1,1,0
TX004655,P085,Pacific Agro,687,3,28100.0,30,1,55,15.8,0,0,1
TX004656,P031,Vega Power,768,2,299100.0,30,1,38,17.3,0,0,0
TX004657,P013,Orient Logistics,750,2,303200.0,0,1,37,19.0,0,0,0
TX004658,P023,Sierra Trading,482,4,248000.0,30,4,19,4.7,1,0,1
TX004659,P096,Prime Materials,784,2,527500.0,0,0,50,23.6,1,1,0
TX004660,P040,Union Power,740,3,99400.0,60,2,15,3.4,0,1,0
TX004661,P069,Sierra Global,674,2,171100.0,30,1,31,4.9,0,1,0
TX004662,P089,Golden Power,816,1,447800.0,0,0,45,25.7,0,0,0
TX004663,P046,Vega Agro,634,4,49000.0,90,1,56,10.5,0,0,0
TX004664,P100,Nordic Agro,677,3,216500.0,30,0,14,12.7,0,1,0
TX004665,P115,Vega Trading,672,2,185400.0,30,0,20,7.8,0,0,1
TX004666,P057,Summit Industries,451,5,113800.0,90,4,4,2.0,1,1,1
TX004667,P092,Falcon Metals,687,2,36400.0,60,1,47,16.0,1,1,0
TX004668,P070,Crest Metals,820,1,474800.0,0,1,45,23.6,1,0,0
TX004669,P098,Marina Agro,647,3,22200.0,90,1,57,17.5,0,0,0
TX004670,P028,Pacific Global,619,2,85700.0,30,1,51,14.5,0,1,0
TX004671,P092,Falcon Metals,671,2,63600.0,0,1,47,14.9,0,1,0
TX004672,P026,Summit Materials,733,3,120500.0,0,0,31,9.4,0,0,0
TX004673,P027,Summit Power,699,3,70900.0,30,0,21,3.2,0,0,0
TX004674,P087,Corona Metals,676,2,102200.0,30,1,19,12.5,0,1,0
TX004675,P013,Orient Logistics,742,2,251300.0,60,0,37,18.5,1,1,0
TX004676,P003,Delta Materials,860,1,300900.0,30,2,41,20.8,1,0,0
TX004677,P028,Pacific Global,635,2,45000.0,0,2,51,14.1,0,1,0
TX004678,P072,Meridian Logistics,661,3,45000.0,90,1,51,8.1,0,0,0
TX004679,P112,Orient Materials,800,1,219000.0,90,0,45,24.3,1,1,0
TX004680,P054,Golden Global,647,3,79100.0,60,1,58,16.2,0,1,0
TX004681,P071,Golden Metals,798,1,283000.0,60,1,47,27.4,0,1,0
TX004682,P096,Prime Materials,778,2,419200.0,30,0,50,23.3,0,0,0
TX004683,P012,Prime Power,645,2,34300.0,30,0,60,4.2,1,1,0
TX004684,P053,Summit Global,762,3,208600.0,0,0,14,10.8,0,0,0
TX004685,P044,Summit Agro,711,2,293600.0,0,0,23,8.9,0,1,0
TX004686,P072,Meridian Logistics,649,3,28100.0,0,0,51,8.1,0,1,0
TX004687,P107,Prime Metals,795,2,278000.0,60,1,47,22.4,0,1,0
TX004688,P056,Union Agro,709,2,208900.0,60,0,22,8.5,0,1,0
TX004689,P076,Nordic Materials,606,3,37900.0,30,0,58,12.1,1,1,0
TX004690,P018,Marina Global,638,3,34200.0,30,1,58,15.0,1,0,0
TX004691,P049,Orient Trading,487,4,68500.0,0,5,9,5.5,1,0,1
TX004692,P062,Aurora Industries,673,3,94400.0,30,1,33,8.1,0,1,0
TX004693,P112,Orient Materials,782,1,316400.0,30,0,45,24.3,0,0,0
TX004694,P018,Marina Global,635,3,46500.0,0,2,58,16.2,0,0,0
TX004695,P020,Corona Materials,678,3,117300.0,60,0,40,16.0,1,1,0
TX004696,P046,Vega Agro,637,4,33800.0,90,0,56,10.4,0,1,0
TX004697,P093,Union Global,831,2,645200.0,0,1,52,19.1,0,1,0
TX004698,P098,Marina Agro,652,3,34500.0,90,2,57,17.4,0,0,1
TX004699,P034,Union Trading,743,2,348700.0,60,2,54,18.5,0,1,0
TX004700,P034,Union Trading,746,2,376600.0,30,0,54,18.5,1,1,0
TX004701,P092,Falcon Metals,664,2,40900.0,60,1,47,15.8,0,1,0
TX004702,P082,Union Materials,662,3,147400.0,30,1,14,11.5,0,1,1
TX004703,P114,Corona Logistics,751,1,314400.0,60,2,52,19.4,1,0,0
TX004704,P108,Orient Power,651,3,29400.0,60,0,41,12.6,0,1,0
TX004705,P079,Golden Agro,653,2,44200.0,30,0,54,12.9,1,1,0
TX004706,P070,Crest Metals,825,1,816200.0,30,0,45,23.4,1,0,0
TX004707,P053,Summit Global,736,3,176900.0,0,0,14,10.0,1,1,0
TX004708,P035,Sierra Materials,650,3,44200.0,30,2,66,9.6,0,1,0
TX004709,P102,Falcon Power,769,1,386300.0,0,1,49,22.2,0,0,0
TX004710,P022,Sierra Metals,844,2,183600.0,60,2,46,21.8,0,1,0
TX004711,P099,Aurora Global,699,1,136900.0,60,1,26,11.4,0,0,0
TX004712,P022,Sierra Metals,867,2,236400.0,30,1,46,21.1,1,0,0
TX004713,P104,Summit Energy,865,2,512900.0,30,1,41,22.6,1,0,0
TX004714,P069,Sierra Global,660,2,221000.0,30,1,31,3.6,0,0,1
TX004715,P118,Pacific Chemicals,787,1,466400.0,30,0,44,26.4,0,1,0
TX004716,P043,Atlas Chemicals,799,2,440200.0,30,1,46,21.6,0,1,0
TX004717,P056,Union Agro,705,2,257500.0,30,0,22,7.2,0,0,0
TX004718,P097,Marina Chemicals,808,2,328500.0,90,1,35,19.7,0,1,0
TX004719,P043,Atlas Chemicals,819,2,591400.0,0,0,46,22.3,1,0,0
TX004720,P042,Corona Power,708,3,184400.0,30,0,25,12.1,1,0,0
TX004721,P012,Prime Power,622,2,50900.0,90,0,60,4.6,1,0,1
TX004722,P029,Atlas Global,424,5,164300.0,30,2,8,0.8,0,0,1
TX004723,P003,Delta Materials,841,1,496000.0,30,2,41,20.6,0,0,0
TX004724,P008,Vega Logistics,712,2,134600.0,60,0,19,10.1,0,1,0
TX004725,P094,Union Chemicals,757,1,307800.0,0,0,48,16.4,1,0,0
TX004726,P005,Zenith Trading,608,3,26300.0,30,1,56,18.5,0,1,1
TX004727,P088,Falcon Trading,610,3,57400.0,30,2,43,12.1,1,0,0
TX004728,P006,Harbor Agro,697,3,95200.0,90,0,28,4.3,0,1,0
TX004729,P033,Delta Industries,688,2,133100.0,0,0,24,5.6,0,1,0
TX004730,P031,Vega Power,795,2,400500.0,90,1,38,17.7,0,0,0
TX004731,P022,Sierra Metals,875,2,223800.0,60,1,46,21.0,0,0,0
TX004732,P111,Prime Global,714,2,152000.0,30,0,21,3.9,0,0,0
TX004733,P021,Harbor Power,694,3,93800.0,60,0,15,12.9,1,0,0
TX004734,P008,Vega Logistics,689,2,152200.0,30,0,19,10.3,1,1,0
TX004735,P014,Orient Global,842,1,402700.0,30,0,44,18.2,0,0,0
TX004736,P092,Falcon Metals,666,2,54900.0,60,1,47,15.9,0,0,1
TX004737,P014,Orient Global,808,1,481500.0,30,0,44,18.0,0,0,0
TX004738,P100,Nordic Agro,673,3,162000.0,30,0,14,11.0,1,1,0
TX004739,P095,Meridian Trading,817,2,142700.0,0,1,44,21.0,0,0,0
TX004740,P037,Nordic Global,655,3,54700.0,90,1,45,13.8,0,0,0
TX004741,P076,Nordic Materials,648,3,64900.0,60,1,58,12.8,1,1,0
TX004742,P098,Marina Agro,646,3,31300.0,0,1,57,17.4,0,1,0
TX004743,P075,Marina Industries,609,3,60100.0,60,2,49,12.1,0,1,1
TX004744,P097,Marina Chemicals,804,2,508400.0,0,1,35,20.0,0,1,0
TX004745,P010,Delta Chemicals,674,3,68500.0,0,1,51,10.1,0,0,0
TX004746,P015,Crest Materials,765,1,244700.0,0,0,34,24.9,0,0,0
TX004747,P113,Meridian Agro,637,3,19100.0,30,1,52,8.5,0,0,0
TX004748,P034,Union Trading,768,2,447300.0,90,1,54,18.2,0,0,0
TX004749,P117,Falcon Energy,666,2,55100.0,0,1,50,8.8,0,1,0
TX004750,P077,Corona Energy,794,2,340100.0,60,0,37,18.6,0,0,0
TX004751,P034,Union Trading,773,2,867900.0,0,0,54,18.3,0,0,0
TX004752,P098,Marina Agro,647,3,35500.0,90,1,57,17.5,0,0,1
TX004753,P084,Meridian Metals,778,1,273500.0,60,0,45,24.0,1,0,0
TX004754,P102,Falcon Power,768,1,354500.0,30,0,49,22.4,0,1,0
TX004755,P066,Orient Energy,613,3,46800.0,30,1,54,6.3,0,0,0
TX004756,P023,Sierra Trading,477,4,93700.0,0,2,19,4.8,0,0,1
TX004757,P021,Harbor Power,643,3,167800.0,30,0,15,12.9,1,0,0
TX004758,P091,Nordic Trading,865,2,289100.0,60,0,45,20.0,1,1,0
TX004759,P116,Aurora Materials,657,3,41600.0,0,2,55,10.5,0,0,0
TX004760,P076,Nordic Materials,635,3,53500.0,60,0,58,11.7,0,1,0
TX004761,P071,Golden Metals,784,1,238800.0,0,0,47,27.0,0,0,0
TX004762,P018,Marina Global,641,3,41000.0,60,1,58,15.6,0,0,0
TX004763,P109,Delta Trading,834,1,432500.0,60,1,40,24.2,1,0,0
TX004764,P089,Golden Power,823,1,306100.0,60,1,45,25.8,0,1,0
TX004765,P101,Aurora Agro,685,3,103700.0,0,0,12,6.8,1,1,0
TX004766,P050,Crest Chemicals,690,2,99900.0,60,1,14,3.2,0,0,1
TX004767,P070,Crest Metals,824,1,601800.0,0,1,45,24.0,0,0,0
TX004768,P090,Falcon Agro,814,2,376200.0,60,0,36,20.3,0,0,0
TX004769,P118,Pacific Chemicals,775,1,250600.0,30,0,44,27.1,0,1,0
TX004770,P067,Vega Materials,797,2,772100.0,30,0,51,21.5,0,0,0
TX004771,P005,Zenith Trading,616,3,23200.0,0,1,56,18.2,1,0,0
TX004772,P085,Pacific Agro,691,3,38400.0,30,1,55,16.1,1,1,0
TX004773,P108,Orient Power,680,3,28300.0,60,0,41,12.2,1,1,0
TX004774,P028,Pacific Global,620,2,42100.0,30,1,51,13.8,0,1,0
TX004775,P013,Orient Logistics,752,2,266700.0,0,2,37,19.0,0,0,0
TX004776,P054,Golden Global,658,3,23100.0,60,1,58,16.9,1,0,0
TX004777,P020,Corona Materials,665,3,76100.0,60,0,40,14.7,0,0,0
TX004778,P043,Atlas Chemicals,824,2,645900.0,30,1,46,21.9,0,0,0
TX004779,P018,Marina Global,638,3,40600.0,30,1,58,15.9,0,1,0
TX004780,P056,Union Agro,708,2,206200.0,30,0,22,7.3,1,0,0
TX004781,P070,Crest Metals,838,1,390300.0,0,2,45,22.6,1,0,0
TX004782,P060,Marina Power,481,5,107700.0,90,4,2,0.6,0,0,1
TX004783,P109,Delta Trading,818,1,171000.0,60,0,40,23.3,0,0,0
TX004784,P120,Orient Chemicals,621,2,44500.0,60,0,50,13.2,0,0,0
TX004785,P072,Meridian Logistics,635,3,71100.0,60,0,51,8.2,0,0,0
TX004786,P041,Falcon Industries,636,3,33200.0,90,1,63,6.8,1,0,0
TX004787,P018,Marina Global,629,3,91000.0,60,2,58,16.7,1,1,0
TX004788,P079,Golden Agro,661,2,52000.0,60,0,54,12.9,1,1,0
TX004789,P076,Nordic Materials,612,3,44900.0,0,0,58,12.1,1,1,0
TX004790,P098,Marina Agro,672,3,46400.0,60,1,57,17.5,0,0,0
TX004791,P001,Delta Power,714,2,166000.0,30,0,19,1.4,0,0,0
TX004792,P013,Orient Logistics,750,2,299800.0,30,0,37,18.5,0,1,0
TX004793,P084,Meridian Metals,756,1,213400.0,30,0,45,22.0,0,1,0
TX004794,P077,Corona Energy,781,2,476800.0,30,1,37,18.5,0,0,0
TX004795,P087,Corona Metals,709,2,142500.0,60,1,19,13.2,1,1,0
TX004796,P058,Zenith Logistics,715,3,481500.0,0,0,19,8.0,1,0,0
TX004797,P075,Marina Industries,621,3,35000.0,30,1,49,11.7,0,0,0
TX004798,P067,Vega Materials,803,2,461700.0,60,0,51,22.0,0,1,0
TX004799,P005,Zenith Trading,619,3,40600.0,0,1,56,18.8,0,0,1
TX004800,P043,Atlas Chemicals,805,2,798500.0,60,1,46,20.8,0,1,0
TX004801,P014,Orient Global,807,1,390800.0,30,0,44,18.0,0,1,0
TX004802,P022,Sierra Metals,866,2,280100.0,60,2,46,20.7,1,0,0
TX004803,P039,Nordic Chemicals,487,4,245300.0,0,3,12,8.3,1,1,1
TX004804,P109,Delta Trading,822,1,254900.0,30,0,40,23.5,0,0,0
TX004805,P090,Falcon Agro,814,2,235300.0,30,0,36,20.7,1,0,0
TX004806,P036,Prime Trading,756,1,387700.0,0,0,40,24.2,0,1,0
TX004807,P078,Pacific Materials,805,1,317400.0,60,1,37,23.1,0,0,0
TX004808,P016,Aurora Energy,802,1,298100.0,0,1,45,27.5,0,0,0
TX004809,P114,Corona Logistics,754,1,265100.0,30,0,52,19.5,0,1,0
TX004810,P013,Orient Logistics,747,2,353500.0,30,0,37,18.6,1,1,0
TX004811,P042,Corona Power,715,3,71200.0,30,0,25,12.3,0,1,0
TX004812,P012,Prime Power,626,2,57000.0,60,0,60,4.3,0,0,0
TX004813,P024,Zenith Energy,706,3,108000.0,0,0,16,8.3,1,1,0
TX004814,P075,Marina Industries,607,3,35000.0,60,1,49,12.0,0,0,0
TX004815,P040,Union Power,734,3,147700.0,60,2,15,4.7,1,0,0
TX004816,P110,Meridian Energy,785,1,571400.0,30,0,50,22.8,0,1,0
TX004817,P069,Sierra Global,644,2,165500.0,30,1,31,3.9,0,0,0
TX004818,P025,Crest Industries,684,2,216200.0,30,2,14,6.5,0,0,0
TX004819,P111,Prime Global,746,2,134000.0,0,0,21,4.0,1,1,0
TX004820,P090,Falcon Agro,827,2,290100.0,30,0,36,20.7,0,0,0
TX004821,P075,Marina Industries,606,3,29400.0,0,2,49,12.2,0,0,0
TX004822,P107,Prime Metals,807,2,222600.0,0,1,47,22.9,1,1,0
TX004823,P098,Marina Agro,681,3,40100.0,30,1,57,17.8,0,0,0
TX004824,P003,Delta Materials,849,1,246100.0,0,1,41,20.1,1,1,0
TX004825,P014,Orient Global,806,1,245100.0,90,1,44,18.8,1,1,0
TX004826,P088,Falcon Trading,613,3,48000.0,60,2,43,13.4,1,1,1
TX004827,P109,Delta Trading,800,1,274100.0,90,0,40,22.9,1,1,0
TX004828,P055,Delta Energy,678,3,32200.0,30,2,53,11.7,0,1,0
TX004829,P044,Summit Agro,727,2,249600.0,30,0,23,7.9,0,0,0
TX004830,P088,Falcon Trading,599,3,68900.0,60,1,43,13.0,0,1,0
TX004831,P075,Marina Industries,588,3,32000.0,30,1,49,12.5,0,0,0
TX004832,P097,Marina Chemicals,815,2,257900.0,60,1,35,19.2,1,1,0
TX004833,P012,Prime Power,622,2,44900.0,0,1,60,4.2,1,0,0
TX004834,P093,Union Global,804,2,775000.0,60,1,52,20.3,0,0,0
TX004835,P117,Falcon Energy,692,2,60000.0,30,1,50,7.3,0,0,0
TX004836,P053,Summit Global,736,3,202900.0,30,1,14,9.8,1,1,0
TX004837,P111,Prime Global,740,2,121700.0,0,1,21,4.2,0,1,0
TX004838,P014,Orient Global,833,1,570200.0,30,0,44,17.9,1,0,0
TX004839,P042,Corona Power,716,3,104200.0,30,0,25,11.8,0,1,0
TX004840,P023,Sierra Trading,484,4,133800.0,30,2,19,4.0,1,0,1
TX004841,P081,Vega Industries,510,4,97800.0,90,2,6,5.2,0,1,1
TX004842,P022,Sierra Metals,859,2,133700.0,30,3,46,21.9,0,1,0
TX004843,P031,Vega Power,777,2,483400.0,90,1,38,16.7,1,0,0
TX004844,P024,Zenith Energy,697,3,82000.0,30,0,16,7.9,1,1,0
TX004845,P067,Vega Materials,789,2,504000.0,60,0,51,22.1,0,1,0
TX004846,P014,Orient Global,806,1,526900.0,0,0,44,18.5,1,0,0
TX004847,P070,Crest Metals,840,1,569200.0,60,0,45,24.1,0,1,0
TX004848,P066,Orient Energy,616,3,56300.0,60,1,54,5.7,0,1,0
TX004849,P072,Meridian Logistics,643,3,47800.0,60,0,51,8.1,1,1,0
TX004850,P112,Orient Materials,808,1,224300.0,0,2,45,24.4,1,1,0
TX004851,P036,Prime Trading,746,1,279600.0,30,0,40,23.3,0,0,0
TX004852,P079,Golden Agro,647,2,56900.0,90,0,54,13.9,0,0,0
TX004853,P099,Aurora Global,682,1,71200.0,0,3,26,11.6,0,1,0
TX004854,P042,Corona Power,706,3,129200.0,60,0,25,12.2,0,1,0
TX004855,P098,Marina Agro,648,3,79300.0,30,1,57,16.6,0,1,0
TX004856,P005,Zenith Trading,623,3,39300.0,0,1,56,18.6,1,1,0
TX004857,P063,Prime Agro,463,4,72700.0,30,2,13,1.2,1,0,1
TX004858,P055,Delta Energy,682,3,27200.0,30,3,53,10.6,0,0,1
TX004859,P031,Vega Power,772,2,399200.0,60,0,38,16.6,0,0,0
TX004860,P077,Corona Energy,805,2,365700.0,0,1,37,18.6,0,0,0
TX004861,P045,Meridian Materials,675,4,58600.0,30,2,51,9.6,1,1,0
TX004862,P076,Nordic Materials,634,3,91400.0,60,0,58,11.4,1,1,0
TX004863,P036,Prime Trading,757,1,173600.0,90,0,40,23.6,1,1,0
TX004864,P120,Orient Chemicals,631,2,111400.0,30,0,50,13.0,0,0,0
TX004865,P072,Meridian Logistics,646,3,47000.0,60,1,51,8.1,0,0,0
TX004866,P102,Falcon Power,789,1,426900.0,0,0,49,23.0,0,1,0
TX004867,P075,Marina Industries,582,3,44000.0,60,1,49,10.9,0,1,1
TX004868,P096,Prime Materials,784,2,735900.0,60,1,50,24.4,1,1,0
TX004869,P080,Harbor Global,520,4,138300.0,60,2,20,4.7,0,0,1
TX004870,P093,Union Global,843,2,466400.0,30,1,52,21.0,0,0,0
TX004871,P032,Cobalt Logistics,701,3,128800.0,0,0,23,4.3,1,0,0
TX004872,P001,Delta Power,706,2,148700.0,90,0,19,2.5,0,1,0
TX004873,P003,Delta Materials,826,1,283200.0,30,2,41,20.2,1,0,0
TX004874,P005,Zenith Trading,629,3,45600.0,60,2,56,17.9,0,0,0
TX004875,P034,Union Trading,772,2,365200.0,30,0,54,17.8,0,0,0
TX004876,P117,Falcon Energy,686,2,85200.0,60,1,50,7.5,0,0,0
TX004877,P076,Nordic Materials,625,3,41800.0,30,0,58,12.2,0,0,0
TX004878,P091,Nordic Trading,843,2,406500.0,30,0,45,19.8,0,1,0
TX004879,P099,Aurora Global,682,1,145400.0,30,3,26,12.2,1,0,0
TX004880,P110,Meridian Energy,815,1,352500.0,30,0,50,23.1,1,1,0
TX004881,P117,Falcon Energy,696,2,46300.0,60,1,50,7.9,1,0,0
TX004882,P120,Orient Chemicals,617,2,77100.0,30,0,50,12.8,0,0,0
TX004883,P034,Union Trading,760,2,258700.0,0,0,54,17.6,0,1,0
TX004884,P079,Golden Agro,661,2,27000.0,30,0,54,14.0,0,0,0
TX004885,P073,Vega Metals,696,2,209600.0,30,1,23,9.8,0,0,0
TX004886,P085,Pacific Agro,675,3,49900.0,0,1,55,16.3,1,0,0
TX004887,P071,Golden Metals,782,1,169300.0,0,1,47,26.5,0,1,0
TX004888,P079,Golden Agro,685,2,67700.0,60,0,54,13.0,0,0,0
TX004889,P032,Cobalt Logistics,719,3,77600.0,0,0,23,4.3,0,0,0
TX004890,P092,Falcon Metals,664,2,70700.0,60,2,47,16.3,0,0,0
TX004891,P018,Marina Global,632,3,44600.0,60,1,58,15.1,0,0,0
TX004892,P006,Harbor Agro,707,3,140900.0,90,2,28,4.6,0,0,0
TX004893,P009,Falcon Global,632,3,38900.0,30,1,51,9.5,0,1,0
TX004894,P092,Falcon Metals,691,2,54200.0,60,1,47,15.7,0,0,0
TX004895,P089,Golden Power,823,1,290000.0,90,0,45,24.7,0,0,0
TX004896,P110,Meridian Energy,804,1,424500.0,0,0,50,23.5,0,1,0
TX004897,P037,Nordic Global,690,3,57800.0,90,1,45,14.0,0,0,0
TX004898,P119,Meridian Chemicals,640,1,218200.0,30,1,25,11.6,0,0,0
TX004899,P091,Nordic Trading,850,2,367100.0,0,0,45,19.6,0,0,0
TX004900,P075,Marina Industries,614,3,42900.0,30,2,49,11.1,0,1,0
TX004901,P036,Prime Trading,748,1,260700.0,60,0,40,23.7,1,0,0
TX004902,P028,Pacific Global,624,2,58000.0,90,1,51,15.3,0,1,0
TX004903,P046,Vega Agro,631,4,82100.0,60,2,56,10.4,0,0,1
TX004904,P114,Corona Logistics,740,1,290300.0,0,0,52,19.2,0,1,0
TX004905,P015,Crest Materials,786,1,500000.0,0,0,34,24.5,0,1,0
TX004906,P014,Orient Global,810,1,373900.0,0,0,44,19.3,0,1,0
TX004907,P073,Vega Metals,700,2,305500.0,30,2,23,10.9,0,1,0
TX004908,P036,Prime Trading,749,1,153400.0,0,1,40,23.2,1,1,0
TX004909,P009,Falcon Global,642,3,19000.0,30,1,51,8.0,0,1,0
TX004910,P046,Vega Agro,629,4,29100.0,30,0,56,10.9,0,1,0
TX004911,P018,Marina Global,647,3,39800.0,60,1,58,15.2,1,1,1
TX004912,P054,Golden Global,633,3,37900.0,0,3,58,17.0,0,1,0
TX004913,P058,Zenith Logistics,702,3,250100.0,90,0,19,8.9,0,0,0
TX004914,P055,Delta Energy,672,3,39700.0,30,2,53,10.2,1,0,0
TX004915,P088,Falcon Trading,632,3,37200.0,60,1,43,12.2,0,1,1
TX004916,P088,Falcon Trading,609,3,50000.0,90,1,43,13.1,0,0,1
TX004917,P020,Corona Materials,677,3,66100.0,30,1,40,14.8,0,0,1
TX004918,P040,Union Power,720,3,141900.0,30,1,15,3.9,0,1,1
TX004919,P095,Meridian Trading,793,2,316400.0,0,1,44,20.6,0,1,0
TX004920,P028,Pacific Global,624,2,42000.0,30,2,51,14.7,0,1,0
TX004921,P120,Orient Chemicals,637,2,56100.0,0,0,50,13.2,1,0,0
TX004922,P022,Sierra Metals,845,2,296000.0,60,1,46,21.1,0,1,0
TX004923,P093,Union Global,834,2,774700.0,0,2,52,20.6,1,1,0
TX004924,P113,Meridian Agro,578,3,37500.0,0,1,52,8.8,0,1,0
TX004925,P033,Delta Industries,685,2,129100.0,30,0,24,6.2,0,1,0
TX004926,P116,Aurora Materials,641,3,40700.0,90,3,55,9.0,0,0,1
TX004927,P005,Zenith Trading,622,3,21600.0,30,1,56,17.6,0,0,0
TX004928,P055,Delta Energy,697,3,51900.0,30,2,53,10.2,0,1,0
TX004929,P051,Union Energy,687,3,92500.0,90,1,51,10.4,0,0,0
TX004930,P010,Delta Chemicals,687,3,67800.0,60,0,51,11.0,0,1,0
TX004931,P016,Aurora Energy,809,1,162700.0,0,0,45,27.0,1,0,0
TX004932,P015,Crest Materials,758,1,318000.0,0,0,34,24.2,1,1,0
TX004933,P021,Harbor Power,670,3,142200.0,0,0,15,12.5,0,0,0
TX004934,P064,Zenith Chemicals,639,4,15000.0,0,1,44,7.4,0,1,1
TX004935,P098,Marina Agro,655,3,36500.0,30,1,57,17.9,1,1,0
TX004936,P010,Delta Chemicals,644,3,90200.0,0,0,51,11.4,0,0,0
TX004937,P012,Prime Power,648,2,40600.0,0,1,60,4.4,0,1,0
TX004938,P064,Zenith Chemicals,652,4,33400.0,0,2,44,8.1,1,0,1
TX004939,P013,Orient Logistics,766,2,228900.0,90,0,37,18.4,0,1,0
TX004940,P044,Summit Agro,718,2,189100.0,0,0,23,8.7,1,0,0
TX004941,P072,Meridian Logistics,646,3,67800.0,0,0,51,8.4,0,1,0
TX004942,P045,Meridian Materials,665,4,71300.0,30,1,51,10.6,0,0,0
TX004943,P070,Crest Metals,813,1,1098900.0,30,0,45,24.6,0,1,0
TX004944,P089,Golden Power,812,1,466200.0,90,0,45,25.0,0,1,0
TX004945,P076,Nordic Materials,628,3,91700.0,60,0,58,11.5,0,1,0
TX004946,P095,Meridian Trading,803,2,211500.0,60,0,44,20.4,0,1,0
TX004947,P036,Prime Trading,761,1,212200.0,30,0,40,22.8,0,1,0
TX004948,P012,Prime Power,625,2,49100.0,30,0,60,4.6,1,0,0
TX004949,P081,Vega Industries,516,4,46700.0,90,3,6,6.1,0,0,1
TX004950,P012,Prime Power,619,2,57500.0,60,0,60,3.6,0,0,0
TX004951,P056,Union Agro,708,2,98100.0,30,1,22,7.8,1,1,0
TX004952,P031,Vega Power,773,2,297600.0,0,0,38,17.1,0,0,0
TX004953,P037,Nordic Global,682,3,48900.0,90,1,45,13.9,1,0,0
TX004954,P015,Crest Materials,769,1,374700.0,30,1,34,24.0,1,1,0
TX004955,P059,Falcon Materials,696,2,138300.0,60,2,21,8.7,0,1,0
TX004956,P035,Sierra Materials,678,3,47700.0,30,1,66,9.2,0,1,0
TX004957,P010,Delta Chemicals,679,3,50200.0,0,0,51,11.5,0,1,0
TX004958,P020,Corona Materials,681,3,79800.0,0,2,40,15.0,0,1,0
TX004959,P066,Orient Energy,613,3,61400.0,60,1,54,5.5,0,0,0
TX004960,P066,Orient Energy,588,3,30600.0,30,1,54,5.6,0,1,1
TX004961,P078,Pacific Materials,826,1,261900.0,30,0,37,23.0,0,0,0
TX004962,P028,Pacific Global,647,2,56400.0,90,1,51,15.7,1,0,0
TX004963,P035,Sierra Materials,674,3,46500.0,90,1,66,8.8,0,0,0
TX004964,P025,Crest Industries,695,2,238700.0,0,0,14,6.5,1,0,0
TX004965,P056,Union Agro,692,2,143100.0,60,2,22,7.5,0,1,0
TX004966,P098,Marina Agro,654,3,37500.0,60,1,57,17.4,0,0,1
TX004967,P037,Nordic Global,664,3,52900.0,0,1,45,14.4,0,0,0
TX004968,P059,Falcon Materials,700,2,180900.0,0,3,21,9.9,1,0,0
TX004969,P012,Prime Power,623,2,42200.0,0,0,60,5.7,0,1,0
TX004970,P088,Falcon Trading,615,3,36400.0,30,2,43,12.7,0,0,0
TX004971,P088,Falcon Trading,609,3,38200.0,60,2,43,12.4,0,1,1
TX004972,P045,Meridian Materials,677,4,72600.0,0,1,51,9.8,0,0,0
TX004973,P036,Prime Trading,744,1,248200.0,60,1,40,22.1,1,1,0
TX004974,P071,Golden Metals,798,1,189500.0,60,0,47,27.9,0,0,0
TX004975,P084,Meridian Metals,763,1,424700.0,30,0,45,21.9,1,0,0
TX004976,P119,Meridian Chemicals,666,1,190300.0,90,1,25,11.7,1,1,0
TX004977,P096,Prime Materials,769,2,363600.0,90,1,50,23.9,0,0,0
TX004978,P014,Orient Global,789,1,577100.0,60,0,44,18.9,1,1,0
TX004979,P077,Corona Energy,794,2,331100.0,30,2,37,18.3,0,0,0
TX004980,P009,Falcon Global,624,3,38100.0,0,3,51,9.2,1,1,0
TX004981,P041,Falcon Industries,637,3,32000.0,60,1,63,7.6,1,1,0
TX004982,P018,Marina Global,637,3,32400.0,30,2,58,15.3,1,0,0
TX004983,P036,Prime Trading,765,1,375700.0,60,0,40,23.3,0,1,0
TX004984,P089,Golden Power,796,1,271900.0,60,1,45,25.0,1,0,0
TX004985,P046,Vega Agro,636,4,48400.0,30,0,56,10.7,0,1,0
TX004986,P084,Meridian Metals,756,1,442400.0,60,0,45,22.5,1,1,0
TX004987,P078,Pacific Materials,789,1,286700.0,60,0,37,22.2,0,0,0
TX004988,P114,Corona Logistics,737,1,365200.0,30,0,52,18.7,1,1,1
TX004989,P045,Meridian Materials,679,4,44200.0,30,1,51,10.5,0,0,0
TX004990,P104,Summit Energy,840,2,402000.0,60,1,41,22.1,0,1,0
TX004991,P013,Orient Logistics,743,2,503200.0,0,0,37,18.7,1,0,0
TX004992,P065,Crest Global,679,2,91700.0,60,1,15,13.4,0,0,0
TX004993,P035,Sierra Materials,683,3,43300.0,60,1,66,9.7,0,1,0
TX004994,P109,Delta Trading,831,1,354100.0,60,1,40,23.8,0,1,0
TX004995,P005,Zenith Trading,607,3,33300.0,30,1,56,17.7,0,0,0
TX004996,P094,Union Chemicals,774,1,513900.0,30,1,48,16.5,0,0,0
TX004997,P116,Aurora Materials,658,3,30600.0,30,2,55,9.6,0,0,1
TX004998,P116,Aurora Materials,651,3,50700.0,90,2,55,10.2,0,0,1
TX004999,P090,Falcon Agro,806,2,284000.0,60,0,36,21.0,0,0,0
TX005000,P104,Summit Energy,839,2,190500.0,30,1,41,22.5,1,0,0
TX005001,P097,Marina Chemicals,774,2,427200.0,60,1,35,19.6,0,0,0
TX005002,P083,Crest Agro,683,3,175800.0,0,0,19,7.6,1,0,0
TX005003,P018,Marina Global,626,3,45900.0,0,1,58,14.9,0,1,0
TX005004,P104,Summit Energy,849,2,495300.0,30,1,41,20.5,0,0,0
TX005005,P036,Prime Trading,769,1,225100.0,30,0,40,23.9,0,1,0
TX005006,P026,Summit Materials,739,3,173100.0,30,0,31,8.1,0,1,0
TX005007,P085,Pacific Agro,676,3,20500.0,30,1,55,15.6,0,0,0
TX005008,P066,Orient Energy,632,3,43500.0,30,1,54,6.2,0,0,0
TX005009,P104,Summit Energy,823,2,840400.0,30,1,41,21.7,0,0,0
TX005010,P050,Crest Chemicals,678,2,102100.0,30,2,14,2.7,0,0,0
TX005011,P067,Vega Materials,807,2,454300.0,30,1,51,22.5,0,0,0
TX005012,P013,Orient Logistics,752,2,235500.0,0,0,37,18.2,0,1,0
TX005013,P018,Marina Global,647,3,65600.0,30,1,58,16.2,0,0,0
TX005014,P096,Prime Materials,780,2,324000.0,0,1,50,23.6,1,1,0
TX005015,P120,Orient Chemicals,642,2,98200.0,30,1,50,12.4,0,1,0
TX005016,P005,Zenith Trading,606,3,42000.0,60,1,56,19.3,1,0,0
TX005017,P078,Pacific Materials,825,1,309800.0,0,1,37,22.3,1,0,0
TX005018,P076,Nordic Materials,612,3,44300.0,90,0,58,12.2,0,0,1
TX005019,P039,Nordic Chemicals,474,4,143500.0,90,3,12,7.7,0,1,1
TX005020,P113,Meridian Agro,597,3,36900.0,90,2,52,8.4,0,1,0
TX005021,P029,Atlas Global,436,5,163000.0,60,3,8,0.5,0,1,1
TX005022,P102,Falcon Power,775,1,277000.0,90,0,49,22.6,1,0,0
TX005023,P090,Falcon Agro,837,2,387200.0,30,0,36,21.5,0,1,0
TX005024,P058,Zenith Logistics,704,3,195200.0,30,0,19,7.2,0,0,0
TX005025,P007,Cairo Grid Co,518,4,120800.0,30,3,19,1.9,0,1,1
TX005026,P018,Marina Global,655,3,44000.0,30,1,58,16.0,0,0,0
TX005027,P047,Pacific Metals,656,3,87300.0,60,1,11,6.6,0,1,0
TX005028,P010,Delta Chemicals,697,3,85100.0,0,1,51,10.8,0,0,0
TX005029,P071,Golden Metals,799,1,254000.0,90,0,47,27.9,0,0,0
TX005030,P064,Zenith Chemicals,670,4,28200.0,0,2,44,6.8,0,1,0
TX005031,P116,Aurora Materials,646,3,25000.0,60,2,55,9.9,1,0,0
TX005032,P116,Aurora Materials,653,3,36300.0,30,2,55,9.1,0,0,1
TX005033,P012,Prime Power,621,2,38500.0,60,0,60,3.8,1,0,0
TX005034,P026,Summit Materials,753,3,213900.0,90,1,31,10.2,0,0,0
TX005035,P035,Sierra Materials,675,3,52100.0,90,2,66,9.5,0,0,1
TX005036,P094,Union Chemicals,780,1,947600.0,60,2,48,16.9,0,1,0
TX005037,P054,Golden Global,660,3,51200.0,90,1,58,16.5,0,1,1
TX005038,P014,Orient Global,791,1,647100.0,0,1,44,18.8,0,1,0
TX005039,P051,Union Energy,711,3,67400.0,90,1,51,11.9,1,1,0
TX005040,P005,Zenith Trading,617,3,47500.0,0,3,56,18.0,0,1,1
TX005041,P069,Sierra Global,638,2,109500.0,60,1,31,4.2,1,1,0
TX005042,P034,Union Trading,761,2,318900.0,30,0,54,18.1,0,1,0
TX005043,P116,Aurora Materials,651,3,58700.0,60,2,55,10.2,0,0,0
TX005044,P075,Marina Industries,619,3,60000.0,0,1,49,12.5,0,0,0
TX005045,P018,Marina Global,606,3,45800.0,30,1,58,15.7,0,0,1
TX005046,P038,Marina Logistics,503,5,132400.0,30,1,14,3.2,0,0,1
TX005047,P098,Marina Agro,654,3,79800.0,90,1,57,16.9,0,1,0
TX005048,P022,Sierra Metals,837,2,271400.0,30,1,46,22.0,0,0,0
TX005049,P037,Nordic Global,690,3,68700.0,30,2,45,14.5,0,0,0
TX005050,P115,Vega Trading,678,2,160000.0,60,0,20,8.1,1,1,0
TX005051,P093,Union Global,837,2,522100.0,60,1,52,19.5,0,0,1
TX005052,P061,Harbor Metals,682,2,67300.0,60,2,58,14.0,0,0,0
TX005053,P033,Delta Industries,667,2,89900.0,60,1,24,6.1,0,1,0
TX005054,P054,Golden Global,654,3,56000.0,30,1,58,16.8,1,1,1
TX005055,P093,Union Global,824,2,558100.0,30,2,52,20.9,0,1,0
TX005056,P035,Sierra Materials,652,3,32300.0,60,2,66,10.6,1,1,0
TX005057,P048,Orient Metals,611,2,52200.0,0,1,45,11.5,0,1,0
TX005058,P106,Prime Industries,709,2,360600.0,30,2,20,8.3,1,0,0
TX005059,P114,Corona Logistics,740,1,251500.0,90,0,52,19.4,0,1,0
TX005060,P072,Meridian Logistics,648,3,50800.0,60,2,51,8.7,0,0,0
TX005061,P095,Meridian Trading,817,2,298100.0,60,0,44,20.7,0,0,0
TX005062,P001,Delta Power,711,2,150300.0,90,0,19,2.8,0,1,0
TX005063,P109,Delta Trading,854,1,258500.0,90,1,40,23.2,0,1,0
TX005064,P041,Falcon Industries,631,3,37100.0,30,1,63,6.2,0,1,0
TX005065,P022,Sierra Metals,846,2,261400.0,30,1,46,20.7,0,0,0
TX005066,P089,Golden Power,785,1,420300.0,30,0,45,24.7,1,0,0
TX005067,P070,Crest Metals,834,1,584200.0,60,0,45,23.5,0,1,0
TX005068,P061,Harbor Metals,643,2,89600.0,60,1,58,15.5,0,1,0
TX005069,P097,Marina Chemicals,827,2,245500.0,30,1,35,19.7,1,1,0
TX005070,P012,Prime Power,651,2,26300.0,90,0,60,4.5,1,1,0
TX005071,P110,Meridian Energy,807,1,497300.0,60,0,50,23.0,1,1,0
TX005072,P011,Corona Industries,688,3,195900.0,30,1,20,11.3,0,0,0
TX005073,P114,Corona Logistics,743,1,257000.0,90,1,52,18.9,0,1,0
TX005074,P005,Zenith Trading,603,3,30300.0,0,2,56,18.1,1,1,0
TX005075,P045,Meridian Materials,705,4,50700.0,60,1,51,9.4,0,1,0
TX005076,P038,Marina Logistics,524,5,80600.0,30,1,14,4.3,0,0,1
TX005077,P045,Meridian Materials,692,4,51500.0,90,3,51,10.9,0,0,1
TX005078,P005,Zenith Trading,605,3,43700.0,30,1,56,17.8,0,0,0
TX005079,P066,Orient Energy,609,3,31500.0,30,2,54,5.7,1,0,0
TX005080,P044,Summit Agro,691,2,227600.0,0,0,23,9.0,0,0,0
TX005081,P118,Pacific Chemicals,769,1,280600.0,0,0,44,26.0,0,1,0
TX005082,P077,Corona Energy,804,2,473200.0,60,1,37,17.3,1,1,0
TX005083,P037,Nordic Global,679,3,39100.0,0,1,45,14.6,0,0,1
TX005084,P097,Marina Chemicals,816,2,289300.0,90,1,35,19.0,0,1,0
TX005085,P010,Delta Chemicals,683,3,101300.0,90,0,51,11.2,0,1,0
TX005086,P114,Corona Logistics,743,1,447800.0,0,1,52,19.5,0,1,0
TX005087,P070,Crest Metals,813,1,402700.0,90,0,45,23.6,0,0,0
TX005088,P037,Nordic Global,643,3,58300.0,60,1,45,13.7,0,0,1
TX005089,P036,Prime Trading,740,1,218100.0,30,0,40,23.4,0,1,0
TX005090,P031,Vega Power,775,2,410600.0,30,0,38,17.4,1,1,0
TX005091,P078,Pacific Materials,828,1,329000.0,30,0,37,22.0,0,0,0
TX005092,P062,Aurora Industries,675,3,83800.0,0,1,33,8.0,0,0,0
TX005093,P041,Falcon Industries,634,3,36600.0,60,1,63,8.3,0,1,1
TX005094,P055,Delta Energy,672,3,35800.0,0,2,53,10.1,0,1,0
TX005095,P010,Delta Chemicals,668,3,82500.0,30,0,51,10.3,1,0,0
TX005096,P104,Summit Energy,817,2,537900.0,30,1,41,22.3,1,0,0
TX005097,P012,Prime Power,629,2,45100.0,60,1,60,3.9,0,1,0
TX005098,P011,Corona Industries,689,3,292500.0,30,0,20,11.0,0,0,0
TX005099,P028,Pacific Global,634,2,74800.0,60,1,51,14.5,0,0,0
TX005100,P089,Golden Power,779,1,377800.0,30,0,45,25.4,0,1,0
TX005101,P085,Pacific Agro,692,3,37100.0,0,1,55,16.0,0,1,0
TX005102,P093,Union Global,825,2,284500.0,30,1,52,20.7,0,1,0
TX005103,P099,Aurora Global,674,1,139800.0,60,1,26,11.8,0,1,0
TX005104,P015,Crest Materials,785,1,335900.0,60,0,34,23.2,0,0,0
TX005105,P095,Meridian Trading,808,2,404700.0,60,0,44,21.1,1,0,0
TX005106,P071,Golden Metals,801,1,203900.0,30,0,47,27.9,0,0,0
TX005107,P054,Golden Global,654,3,49400.0,60,1,58,16.4,1,0,0
TX005108,P014,Orient Global,826,1,255900.0,0,1,44,17.9,0,0,0
TX005109,P096,Prime Materials,796,2,416300.0,90,0,50,24.0,1,0,0
TX005110,P020,Corona Materials,678,3,64100.0,30,0,40,15.7,1,1,0
TX005111,P050,Crest Chemicals,708,2,164700.0,90,1,14,2.6,0,0,0
TX005112,P077,Corona Energy,805,2,523300.0,30,1,37,19.0,0,1,0
TX005113,P034,Union Trading,750,2,320000.0,60,1,54,17.8,1,0,0
TX005114,P116,Aurora Materials,647,3,69400.0,30,3,55,10.3,0,1,0
TX005115,P098,Marina Agro,650,3,35200.0,0,1,57,17.2,0,1,0
TX005116,P056,Union Agro,716,2,155400.0,0,1,22,7.7,0,0,0
TX005117,P088,Falcon Trading,619,3,72900.0,60,1,43,11.8,0,0,0
TX005118,P048,Orient Metals,629,2,55900.0,60,1,45,12.5,0,0,0
TX005119,P071,Golden Metals,795,1,492300.0,30,0,47,26.7,1,0,0
TX005120,P022,Sierra Metals,838,2,154900.0,30,1,46,21.6,0,1,0
TX005121,P098,Marina Agro,663,3,32400.0,0,1,57,17.6,1,1,1
TX005122,P006,Harbor Agro,728,3,161900.0,30,0,28,4.1,1,1,0
TX005123,P035,Sierra Materials,652,3,49900.0,30,1,66,8.8,1,0,1
TX005124,P098,Marina Agro,646,3,42700.0,0,1,57,17.3,1,0,0
TX005125,P067,Vega Materials,777,2,461900.0,60,0,51,21.5,1,0,0
TX005126,P117,Falcon Energy,692,2,108000.0,90,1,50,8.0,1,0,0
TX005127,P011,Corona Industries,673,3,237200.0,30,0,20,11.2,1,1,0
TX005128,P110,Meridian Energy,819,1,313700.0,0,0,50,23.2,0,0,0
TX005129,P039,Nordic Chemicals,472,4,119000.0,90,4,12,7.4,0,0,1
TX005130,P090,Falcon Agro,826,2,336300.0,90,0,36,21.1,0,0,0
TX005131,P002,Corona Agro,682,3,271100.0,30,1,25,4.1,0,1,0
TX005132,P045,Meridian Materials,671,4,47200.0,30,1,51,10.1,1,0,1
TX005133,P104,Summit Energy,830,2,319300.0,90,1,41,22.0,0,1,0
TX005134,P042,Corona Power,705,3,216400.0,30,0,25,11.4,0,1,0
TX005135,P036,Prime Trading,743,1,216600.0,60,0,40,22.9,0,1,0
TX005136,P108,Orient Power,689,3,39500.0,90,0,41,12.3,0,0,0
TX005137,P086,Sierra Energy,468,4,112900.0,90,4,5,15.4,0,1,0
TX005138,P119,Meridian Chemicals,666,1,116600.0,30,1,25,11.2,0,0,0
TX005139,P066,Orient Energy,607,3,49600.0,90,1,54,6.2,0,1,1
TX005140,P093,Union Global,826,2,672300.0,90,1,52,20.5,1,0,0
TX005141,P100,Nordic Agro,690,3,241800.0,0,1,14,10.4,1,1,0
TX005142,P108,Orient Power,694,3,30700.0,30,0,41,11.9,0,0,0
TX005143,P115,Vega Trading,705,2,144600.0,90,0,20,7.5,0,0,0
TX005144,P058,Zenith Logistics,734,3,166500.0,30,0,19,7.5,1,0,0
TX005145,P076,Nordic Materials,620,3,43300.0,90,0,58,11.7,0,0,1
TX005146,P018,Marina Global,643,3,55100.0,0,1,58,14.6,0,1,0
TX005147,P113,Meridian Agro,625,3,68500.0,0,1,52,8.6,0,1,0
TX005148,P096,Prime Materials,804,2,432600.0,0,0,50,23.4,0,0,0
TX005149,P070,Crest Metals,844,1,630900.0,90,0,45,24.1,0,0,0
TX005150,P111,Prime Global,727,2,140500.0,0,0,21,3.5,1,0,0
TX005151,P037,Nordic Global,661,3,57000.0,60,1,45,13.9,0,1,0
TX005152,P037,Nordic Global,674,3,52400.0,30,1,45,14.6,0,1,0
TX005153,P073,Vega Metals,721,2,187200.0,30,1,23,10.6,1,1,0
TX005154,P093,Union Global,821,2,848600.0,0,1,52,20.7,1,0,0
TX005155,P016,Aurora Energy,792,1,373800.0,90,0,45,26.7,0,0,0
TX005156,P107,Prime Metals,788,2,229000.0,30,1,47,23.8,0,0,0
TX005157,P037,Nordic Global,675,3,76400.0,0,2,45,13.6,1,0,0
TX005158,P070,Crest Metals,839,1,839700.0,0,0,45,23.0,1,0,0
TX005159,P108,Orient Power,679,3,26300.0,30,0,41,12.4,0,1,0
TX005160,P012,Prime Power,627,2,43500.0,0,0,60,4.3,1,0,0
TX005161,P048,Orient Metals,608,2,59200.0,0,1,45,12.3,0,1,0
TX005162,P022,Sierra Metals,852,2,200400.0,60,2,46,22.0,0,1,0
TX005163,P037,Nordic Global,683,3,60700.0,60,1,45,14.2,0,0,0
TX005164,P072,Meridian Logistics,664,3,44600.0,60,0,51,8.5,1,0,0
TX005165,P009,Falcon Global,639,3,38400.0,0,1,51,9.4,1,1,0
TX005166,P072,Meridian Logistics,657,3,51000.0,0,0,51,8.4,0,0,0
TX005167,P005,Zenith Trading,608,3,32400.0,30,1,56,18.7,0,1,0
TX005168,P054,Golden Global,658,3,22200.0,30,1,58,16.5,0,1,0
TX005169,P061,Harbor Metals,655,2,57300.0,90,1,58,15.1,1,1,0
TX005170,P022,Sierra Metals,834,2,300400.0,30,1,46,22.3,0,0,0
TX005171,P079,Golden Agro,674,2,29900.0,30,0,54,13.1,0,0,0
TX005172,P108,Orient Power,666,3,28300.0,0,1,41,12.7,1,1,0
TX005173,P066,Orient Energy,580,3,89600.0,60,1,54,5.0,0,0,1
TX005174,P051,Union Energy,702,3,46400.0,0,0,51,11.5,0,0,0
TX005175,P106,Prime Industries,699,2,130400.0,60,2,20,8.9,0,1,0
TX005176,P014,Orient Global,827,1,533800.0,60,1,44,17.5,0,1,0
TX005177,P012,Prime Power,629,2,29400.0,30,0,60,4.9,0,1,0
TX005178,P114,Corona Logistics,746,1,487100.0,0,0,52,19.3,0,0,0
TX005179,P021,Harbor Power,658,3,77000.0,90,1,15,12.8,0,1,1
TX005180,P067,Vega Materials,772,2,359400.0,30,0,51,22.5,1,0,0
TX005181,P033,Delta Industries,672,2,68900.0,60,0,24,6.1,0,1,0
TX005182,P059,Falcon Materials,686,2,193500.0,0,2,21,9.3,1,0,0
TX005183,P036,Prime Trading,754,1,222400.0,30,0,40,23.2,1,1,0
TX005184,P120,Orient Chemicals,641,2,42300.0,90,1,50,13.4,0,0,0
TX005185,P096,Prime Materials,803,2,718600.0,30,0,50,22.3,0,1,0
TX005186,P002,Corona Agro,684,3,236000.0,0,1,25,3.9,0,1,0
TX005187,P067,Vega Materials,780,2,822800.0,30,0,51,22.0,0,0,0
TX005188,P100,Nordic Agro,695,3,217400.0,90,0,14,11.3,1,0,0
TX005189,P073,Vega Metals,704,2,175200.0,60,1,23,10.3,0,0,0
TX005190,P113,Meridian Agro,611,3,52200.0,0,1,52,8.0,0,0,1
TX005191,P118,Pacific Chemicals,778,1,475600.0,0,0,44,26.3,0,0,0
TX005192,P051,Union Energy,681,3,64600.0,0,0,51,10.4,0,0,0
TX005193,P059,Falcon Materials,712,2,146400.0,60,2,21,8.6,0,0,0
TX005194,P080,Harbor Global,524,4,111500.0,30,2,20,4.9,1,0,1
TX005195,P043,Atlas Chemicals,814,2,524400.0,90,0,46,21.5,0,0,0
TX005196,P018,Marina Global,651,3,17200.0,60,1,58,15.6,0,0,0
TX005197,P094,Union Chemicals,809,1,582400.0,60,0,48,16.6,0,1,0
TX005198,P006,Harbor Agro,688,3,117400.0,0,0,28,4.5,0,0,0
TX005199,P077,Corona Energy,802,2,559400.0,90,0,37,18.3,0,0,0
TX005200,P009,Falcon Global,642,3,26500.0,0,1,51,9.7,1,0,0
TX005201,P046,Vega Agro,631,4,58500.0,60,0,56,10.4,0,1,0
TX005202,P070,Crest Metals,829,1,765300.0,30,0,45,23.4,0,1,0
TX005203,P011,Corona Industries,689,3,142300.0,30,0,20,11.0,0,1,0
TX005204,P032,Cobalt Logistics,704,3,164200.0,0,0,23,4.2,0,1,0
TX005205,P102,Falcon Power,783,1,369900.0,30,1,49,22.4,0,0,0
TX005206,P097,Marina Chemicals,796,2,260000.0,30,1,35,18.5,1,0,0
TX005207,P116,Aurora Materials,647,3,37600.0,30,3,55,9.4,1,0,1
TX005208,P079,Golden Agro,669,2,40000.0,60,1,54,13.9,0,1,1
TX005209,P104,Summit Energy,831,2,427100.0,30,1,41,21.9,1,0,0
TX005210,P055,Delta Energy,660,3,43200.0,60,2,53,10.4,1,0,0
TX005211,P058,Zenith Logistics,691,3,235100.0,0,0,19,7.4,1,0,0
TX005212,P120,Orient Chemicals,634,2,41300.0,0,0,50,12.1,0,1,0
TX005213,P058,Zenith Logistics,735,3,151400.0,30,0,19,7.9,1,0,0
TX005214,P014,Orient Global,825,1,264000.0,60,0,44,18.5,0,1,0
TX005215,P088,Falcon Trading,617,3,28500.0,30,1,43,12.6,0,1,0
TX005216,P082,Union Materials,667,3,109000.0,90,1,14,12.5,0,1,0
TX005217,P065,Crest Global,680,2,117200.0,90,0,15,13.5,0,0,0
TX005218,P069,Sierra Global,652,2,118200.0,30,1,31,4.5,1,0,0
TX005219,P051,Union Energy,667,3,90100.0,60,0,51,10.7,0,1,0
TX005220,P091,Nordic Trading,862,2,260900.0,0,0,45,19.5,0,1,0
TX005221,P105,Prime Logistics,501,4,121700.0,60,3,12,3.1,0,0,1
TX005222,P081,Vega Industries,519,4,71700.0,90,2,6,5.3,0,1,1
TX005223,P066,Orient Energy,643,3,63800.0,0,1,54,6.3,0,0,0
TX005224,P095,Meridian Trading,821,2,230000.0,90,0,44,19.9,0,1,0
TX005225,P112,Orient Materials,815,1,357600.0,60,1,45,24.0,0,0,0
TX005226,P086,Sierra Energy,460,4,71000.0,60,4,5,15.3,0,1,1
TX005227,P110,Meridian Energy,806,1,649400.0,30,0,50,22.5,0,0,0
TX005228,P099,Aurora Global,673,1,114300.0,0,1,26,11.9,0,0,0
TX005229,P035,Sierra Materials,661,3,36100.0,60,1,66,9.7,1,0,0
TX005230,P095,Meridian Trading,800,2,161900.0,60,2,44,20.0,0,1,0
TX005231,P024,Zenith Energy,679,3,186900.0,0,0,16,8.9,0,1,0
TX005232,P079,Golden Agro,676,2,22600.0,90,1,54,13.8,0,1,0
TX005233,P046,Vega Agro,636,4,41900.0,60,0,56,10.5,1,0,0
TX005234,P076,Nordic Materials,629,3,67500.0,30,1,58,11.8,1,0,0
TX005235,P055,Delta Energy,669,3,35900.0,0,3,53,9.8,1,1,0
TX005236,P003,Delta Materials,852,1,382100.0,0,1,41,20.5,0,1,0
TX005237,P027,Summit Power,728,3,77200.0,60,0,21,3.5,0,1,0
TX005238,P035,Sierra Materials,681,3,53400.0,60,3,66,9.5,1,1,0
TX005239,P055,Delta Energy,662,3,46000.0,90,2,53,10.5,0,1,0
TX005240,P042,Corona Power,711,3,91400.0,60,1,25,12.0,1,0,0
TX005241,P074,Aurora Logistics,475,5,163200.0,30,3,7,7.7,1,0,1
TX005242,P049,Orient Trading,497,4,104600.0,30,3,9,6.2,0,1,0
TX005243,P097,Marina Chemicals,797,2,388600.0,0,1,35,19.1,0,1,0
TX005244,P050,Crest Chemicals,695,2,111500.0,30,1,14,2.1,0,1,0
TX005245,P068,Cobalt Trading,688,4,232500.0,30,0,21,0.5,0,0,0
TX005246,P015,Crest Materials,776,1,468300.0,30,0,34,24.5,0,0,0
TX005247,P111,Prime Global,743,2,174000.0,30,0,21,3.5,0,1,0
TX005248,P120,Orient Chemicals,655,2,69700.0,0,1,50,12.9,1,1,0
TX005249,P078,Pacific Materials,828,1,415000.0,30,0,37,23.0,0,1,0
TX005250,P044,Summit Agro,700,2,243700.0,30,1,23,8.3,0,0,0
TX005251,P102,Falcon Power,782,1,296200.0,30,1,49,23.4,0,0,0
TX005252,P075,Marina Industries,590,3,32200.0,30,1,49,12.4,0,0,0
TX005253,P099,Aurora Global,676,1,121500.0,30,2,26,11.3,0,0,0
TX005254,P010,Delta Chemicals,658,3,71600.0,0,0,51,10.5,0,1,0
TX005255,P076,Nordic Materials,639,3,87800.0,60,0,58,12.8,0,0,0
TX005256,P091,Nordic Trading,841,2,440300.0,30,0,45,19.2,0,0,0
TX005257,P085,Pacific Agro,676,3,54300.0,60,1,55,16.7,0,0,0
TX005258,P070,Crest Metals,842,1,464300.0,0,1,45,23.3,0,0,0
TX005259,P086,Sierra Energy,454,4,69800.0,30,4,5,14.6,0,1,1
TX005260,P091,Nordic Trading,867,2,206800.0,60,1,45,19.9,0,0,0
TX005261,P113,Meridian Agro,604,3,45700.0,30,1,52,9.1,0,0,0
TX005262,P118,Pacific Chemicals,788,1,380800.0,0,0,44,26.8,0,1,0
TX005263,P101,Aurora Agro,696,3,226500.0,90,0,12,7.1,0,1,0
TX005264,P091,Nordic Trading,861,2,384200.0,0,0,45,19.9,0,1,0
TX005265,P005,Zenith Trading,602,3,28700.0,0,1,56,18.5,0,0,1
TX005266,P014,Orient Global,816,1,576900.0,60,0,44,18.8,0,1,0
TX005267,P009,Falcon Global,619,3,15800.0,30,2,51,9.3,0,0,0
TX005268,P076,Nordic Materials,629,3,115600.0,60,0,58,12.1,0,1,1
TX005269,P087,Corona Metals,694,2,121800.0,30,1,19,12.9,0,0,0
TX005270,P051,Union Energy,674,3,100700.0,0,0,51,11.3,0,0,0
TX005271,P066,Orient Energy,619,3,61800.0,60,1,54,6.1,0,1,0
TX005272,P018,Marina Global,643,3,35600.0,90,1,58,16.1,1,0,0
TX005273,P090,Falcon Agro,834,2,241000.0,30,1,36,20.6,1,0,0
TX005274,P067,Vega Materials,797,2,439700.0,0,0,51,22.0,1,0,0
TX005275,P018,Marina Global,645,3,56200.0,90,1,58,15.7,1,1,0
TX005276,P022,Sierra Metals,865,2,205100.0,30,4,46,21.0,1,0,0
TX005277,P108,Orient Power,680,3,24800.0,60,0,41,11.7,0,0,1
TX005278,P006,Harbor Agro,715,3,69500.0,0,0,28,4.7,0,0,0
TX005279,P029,Atlas Global,430,5,175900.0,90,2,8,0.9,1,1,1
TX005280,P026,Summit Materials,742,3,144500.0,60,0,31,7.6,0,0,0
TX005281,P055,Delta Energy,653,3,27800.0,90,2,53,10.7,0,0,1
TX005282,P107,Prime Metals,794,2,223400.0,30,0,47,23.1,0,0,0
TX005283,P013,Orient Logistics,751,2,269600.0,90,0,37,18.1,0,0,0
TX005284,P003,Delta Materials,846,1,327600.0,30,1,41,20.2,0,0,0
TX005285,P070,Crest Metals,841,1,414000.0,60,0,45,24.1,1,0,0
TX005286,P002,Corona Agro,678,3,180300.0,60,1,25,4.0,0,1,0
TX005287,P093,Union Global,831,2,642400.0,90,1,52,20.5,0,0,0
TX005288,P033,Delta Industries,676,2,92700.0,60,0,24,6.2,0,0,0
TX005289,P075,Marina Industries,609,3,26200.0,0,1,49,12.6,0,0,0
TX005290,P042,Corona Power,723,3,125500.0,90,0,25,12.6,0,1,0
TX005291,P045,Meridian Materials,681,4,52300.0,90,2,51,10.2,1,1,1
TX005292,P041,Falcon Industries,619,3,39800.0,90,1,63,6.9,1,0,1
TX005293,P072,Meridian Logistics,669,3,67100.0,30,0,51,7.7,1,0,0
TX005294,P120,Orient Chemicals,641,2,44100.0,90,0,50,12.8,0,0,0
TX005295,P055,Delta Energy,668,3,51600.0,90,2,53,10.3,0,0,0
TX005296,P117,Falcon Energy,661,2,131300.0,60,2,50,8.3,0,1,0
TX005297,P075,Marina Industries,599,3,38100.0,30,3,49,12.6,0,0,1
TX005298,P032,Cobalt Logistics,699,3,144500.0,60,1,23,4.6,1,1,0
TX005299,P107,Prime Metals,819,2,156200.0,0,0,47,22.7,0,1,0
TX005300,P118,Pacific Chemicals,768,1,394200.0,30,0,44,26.8,0,0,0
TX005301,P067,Vega Materials,813,2,388500.0,0,0,51,20.9,0,1,0
TX005302,P075,Marina Industries,619,3,53700.0,60,2,49,12.5,0,0,0
TX005303,P061,Harbor Metals,677,2,29800.0,0,1,58,15.3,1,0,0
TX005304,P055,Delta Energy,685,3,45300.0,30,2,53,10.0,0,0,0
TX005305,P096,Prime Materials,808,2,463300.0,30,1,50,23.0,0,0,0
TX005306,P013,Orient Logistics,751,2,107900.0,30,0,37,18.1,0,1,0
TX005307,P109,Delta Trading,812,1,244800.0,30,0,40,23.3,0,0,0
TX005308,P067,Vega Materials,781,2,430800.0,30,0,51,21.2,0,0,0
TX005309,P006,Harbor Agro,712,3,118400.0,30,0,28,5.2,0,0,0
TX005310,P020,Corona Materials,648,3,85500.0,60,0,40,15.4,0,1,1
TX005311,P069,Sierra Global,660,2,171500.0,30,2,31,3.7,0,1,0
TX005312,P105,Prime Logistics,533,4,106000.0,0,4,12,2.5,0,1,0
TX005313,P079,Golden Agro,682,2,46000.0,90,0,54,13.5,0,1,0
TX005314,P041,Falcon Industries,638,3,55900.0,90,1,63,7.5,0,1,1
TX005315,P042,Corona Power,737,3,211400.0,60,0,25,12.1,1,1,0
TX005316,P014,Orient Global,781,1,619900.0,60,3,44,19.1,1,0,0
TX005317,P075,Marina Industries,607,3,47900.0,60,1,49,11.7,0,0,1
TX005318,P011,Corona Industries,698,3,150800.0,30,0,20,10.7,0,0,0
TX005319,P107,Prime Metals,789,2,278500.0,90,0,47,24.2,1,0,0
TX005320,P031,Vega Power,777,2,511200.0,90,0,38,18.2,1,1,0
TX005321,P036,Prime Trading,745,1,205200.0,60,1,40,23.5,1,0,0
TX005322,P065,Crest Global,694,2,101800.0,90,1,15,12.8,1,0,0
TX005323,P070,Crest Metals,827,1,613300.0,60,1,45,24.6,1,1,0
TX005324,P113,Meridian Agro,605,3,67200.0,60,1,52,8.5,0,0,0
TX005325,P066,Orient Energy,631,3,32200.0,60,1,54,5.3,0,0,1
TX005326,P045,Meridian Materials,687,4,48800.0,0,1,51,11.0,0,0,0
TX005327,P071,Golden Metals,771,1,233500.0,90,0,47,26.9,1,1,0
TX005328,P045,Meridian Materials,682,4,70000.0,0,1,51,10.2,0,1,0
TX005329,P065,Crest Global,686,2,106900.0,30,1,15,13.5,0,0,0
TX005330,P098,Marina Agro,666,3,44600.0,0,1,57,17.1,0,0,1
TX005331,P008,Vega Logistics,732,2,112200.0,30,1,19,9.9,1,0,0
TX005332,P065,Crest Global,695,2,117200.0,30,0,15,13.8,0,0,0
TX005333,P037,Nordic Global,681,3,45500.0,30,2,45,13.7,0,0,0
TX005334,P110,Meridian Energy,807,1,463300.0,0,1,50,22.9,0,1,0
TX005335,P097,Marina Chemicals,824,2,311000.0,90,2,35,18.8,1,0,0
TX005336,P016,Aurora Energy,819,1,264000.0,60,0,45,27.6,0,1,0
TX005337,P090,Falcon Agro,843,2,400600.0,0,0,36,19.9,0,0,0
TX005338,P107,Prime Metals,814,2,192900.0,90,1,47,24.0,0,0,0
TX005339,P005,Zenith Trading,601,3,19600.0,0,1,56,18.3,0,0,0
TX005340,P102,Falcon Power,783,1,348600.0,60,0,49,22.5,0,0,0
TX005341,P079,Golden Agro,673,2,63700.0,30,0,54,13.0,0,0,0
TX005342,P042,Corona Power,705,3,95700.0,30,0,25,13.3,1,0,0
TX005343,P066,Orient Energy,616,3,61500.0,0,1,54,5.3,0,1,0
TX005344,P034,Union Trading,759,2,480400.0,90,0,54,18.4,1,0,0
TX005345,P002,Corona Agro,703,3,173100.0,30,1,25,3.3,0,1,0
TX005346,P067,Vega Materials,783,2,458300.0,0,2,51,21.2,1,1,0
TX005347,P027,Summit Power,688,3,104800.0,60,1,21,2.8,1,0,0
TX005348,P075,Marina Industries,618,3,51400.0,60,1,49,11.8,0,1,0
TX005349,P113,Meridian Agro,611,3,58700.0,60,1,52,8.4,0,1,0
TX005350,P014,Orient Global,836,1,739400.0,60,1,44,19.3,0,0,0
TX005351,P074,Aurora Logistics,467,5,205800.0,60,4,7,7.2,0,1,1
TX005352,P016,Aurora Energy,817,1,281700.0,30,0,45,25.9,0,0,0
TX005353,P059,Falcon Materials,696,2,144800.0,0,3,21,8.9,0,1,1
TX005354,P061,Harbor Metals,645,2,34000.0,30,1,58,14.4,0,1,0
TX005355,P008,Vega Logistics,716,2,140000.0,0,0,19,9.4,0,0,0
TX005356,P077,Corona Energy,802,2,226800.0,60,2,37,18.9,1,0,0
TX005357,P107,Prime Metals,811,2,117600.0,0,0,47,22.4,0,0,0
TX005358,P112,Orient Materials,804,1,293400.0,30,2,45,23.0,0,0,0
TX005359,P091,Nordic Trading,851,2,268400.0,60,0,45,19.0,0,1,0
TX005360,P005,Zenith Trading,615,3,26000.0,30,1,56,17.6,1,0,0
TX005361,P008,Vega Logistics,725,2,172500.0,90,0,19,10.0,0,1,0
TX005362,P041,Falcon Industries,629,3,32500.0,90,3,63,7.1,0,0,1
TX005363,P035,Sierra Materials,629,3,46600.0,0,2,66,9.8,1,0,1
TX005364,P077,Corona Energy,809,2,298200.0,30,1,37,18.2,0,0,0
TX005365,P012,Prime Power,642,2,24400.0,0,0,60,4.7,0,1,0
TX005366,P093,Union Global,842,2,285500.0,90,1,52,21.2,0,0,0
TX005367,P087,Corona Metals,687,2,140700.0,30,2,19,11.9,0,0,0
TX005368,P021,Harbor Power,664,3,62500.0,30,1,15,12.6,0,1,0
TX005369,P071,Golden Metals,790,1,374600.0,60,0,47,27.8,0,1,0
TX005370,P071,Golden Metals,787,1,327200.0,60,0,47,27.4,0,1,0
TX005371,P018,Marina Global,629,3,28700.0,60,1,58,15.1,1,1,1
TX005372,P048,Orient Metals,620,2,30200.0,0,1,45,12.0,1,1,0
TX005373,P078,Pacific Materials,830,1,259900.0,30,0,37,22.9,0,1,0
TX005374,P063,Prime Agro,462,4,126700.0,90,2,13,0.7,0,1,1
TX005375,P097,Marina Chemicals,814,2,266300.0,30,1,35,18.5,0,0,1
TX005376,P114,Corona Logistics,746,1,278300.0,60,0,52,19.2,0,0,0
TX005377,P011,Corona Industries,681,3,110000.0,30,0,20,10.8,0,1,0
TX005378,P094,Union Chemicals,778,1,809400.0,90,1,48,16.6,0,1,0
TX005379,P035,Sierra Materials,669,3,41300.0,60,1,66,9.8,0,0,0
TX005380,P018,Marina Global,615,3,48500.0,90,1,58,15.3,1,1,0
TX005381,P085,Pacific Agro,681,3,24300.0,30,1,55,15.4,0,0,0
TX005382,P046,Vega Agro,605,4,32800.0,60,1,56,10.6,0,1,1
TX005383,P116,Aurora Materials,662,3,39600.0,30,2,55,9.8,0,0,0
TX005384,P016,Aurora Energy,825,1,291000.0,60,0,45,27.2,0,1,0
TX005385,P099,Aurora Global,685,1,115700.0,60,1,26,11.4,0,0,0
TX005386,P090,Falcon Agro,822,2,339400.0,90,0,36,20.2,0,0,0
TX005387,P103,Golden Materials,671,2,164300.0,60,0,8,9.4,0,0,0
TX005388,P112,Orient Materials,811,1,149400.0,30,0,45,24.8,1,0,0
TX005389,P066,Orient Energy,632,3,46000.0,0,1,54,6.1,0,1,0
TX005390,P070,Crest Metals,810,1,433900.0,0,0,45,24.5,0,1,0
TX005391,P046,Vega Agro,623,4,54400.0,60,0,56,10.1,0,0,0
TX005392,P051,Union Energy,703,3,63200.0,30,0,51,10.6,0,0,0
TX005393,P065,Crest Global,698,2,95900.0,30,0,15,13.7,1,1,0
TX005394,P110,Meridian Energy,809,1,250200.0,90,0,50,23.1,1,0,0
TX005395,P088,Falcon Trading,597,3,32200.0,30,1,43,12.9,1,0,0
TX005396,P104,Summit Energy,823,2,503000.0,30,1,41,21.3,1,0,0
TX005397,P062,Aurora Industries,662,3,208700.0,30,2,33,8.2,1,0,1
TX005398,P043,Atlas Chemicals,821,2,419400.0,30,1,46,21.9,0,0,0
TX005399,P076,Nordic Materials,632,3,52500.0,0,0,58,11.9,0,0,0
TX005400,P093,Union Global,835,2,371700.0,30,1,52,20.6,0,0,0
TX005401,P036,Prime Trading,751,1,164200.0,60,0,40,23.0,0,0,0
TX005402,P061,Harbor Metals,657,2,57500.0,30,1,58,15.0,0,0,0
TX005403,P089,Golden Power,820,1,310900.0,30,0,45,25.2,1,1,0
TX005404,P066,Orient Energy,626,3,66800.0,0,2,54,5.5,0,1,1
TX005405,P058,Zenith Logistics,723,3,193100.0,60,2,19,7.2,0,0,0
TX005406,P037,Nordic Global,677,3,43900.0,0,2,45,13.3,0,1,0
TX005407,P056,Union Agro,715,2,119600.0,60,0,22,7.4,1,0,0
TX005408,P066,Orient Energy,607,3,48800.0,0,1,54,6.3,0,0,0
TX005409,P112,Orient Materials,820,1,428800.0,60,0,45,23.8,0,0,0
TX005410,P116,Aurora Materials,678,3,47000.0,30,2,55,10.6,0,0,0
TX005411,P076,Nordic Materials,625,3,70600.0,90,0,58,12.4,0,1,0
TX005412,P069,Sierra Global,646,2,194900.0,60,1,31,3.8,1,1,0
TX005413,P076,Nordic Materials,631,3,36800.0,0,0,58,12.3,0,0,0
TX005414,P059,Falcon Materials,691,2,131000.0,30,2,21,9.1,0,0,1
TX005415,P090,Falcon Agro,826,2,462100.0,0,0,36,20.2,1,1,0
TX005416,P067,Vega Materials,786,2,371100.0,60,0,51,21.3,0,0,0
TX005417,P072,Meridian Logistics,648,3,53200.0,60,0,51,8.7,0,0,1
TX005418,P020,Corona Materials,679,3,150800.0,0,0,40,15.6,1,0,0
TX005419,P095,Meridian Trading,812,2,419200.0,90,1,44,20.3,0,1,0
TX005420,P033,Delta Industries,656,2,53100.0,60,0,24,5.9,0,1,1
TX005421,P066,Orient Energy,595,3,31200.0,30,2,54,5.3,0,1,0
TX005422,P098,Marina Agro,644,3,31000.0,30,1,57,17.2,0,0,1
TX005423,P090,Falcon Agro,822,2,354400.0,30,0,36,21.5,0,1,0
TX005424,P041,Falcon Industries,622,3,96500.0,30,1,63,7.2,0,1,0
TX005425,P054,Golden Global,650,3,32100.0,30,2,58,15.8,1,0,0
TX005426,P022,Sierra Metals,857,2,480800.0,90,2,46,21.9,0,0,0
TX005427,P120,Orient Chemicals,616,2,41000.0,60,1,50,12.8,0,0,1
TX005428,P014,Orient Global,800,1,403400.0,60,0,44,18.3,0,0,0
TX005429,P070,Crest Metals,835,1,452200.0,60,0,45,23.2,0,0,0
TX005430,P094,Union Chemicals,760,1,779400.0,60,0,48,15.8,1,1,0
TX005431,P018,Marina Global,656,3,40100.0,90,1,58,15.2,0,1,0
TX005432,P088,Falcon Trading,637,3,44100.0,90,1,43,13.1,1,1,0
TX005433,P039,Nordic Chemicals,450,4,139300.0,60,4,12,7.4,0,1,1
TX005434,P054,Golden Global,641,3,58300.0,30,1,58,16.3,0,1,1
TX005435,P008,Vega Logistics,715,2,133600.0,30,0,19,9.6,0,0,0
TX005436,P034,Union Trading,762,2,313300.0,60,0,54,19.0,0,0,0
TX005437,P069,Sierra Global,629,2,177700.0,60,1,31,4.0,1,1,0
TX005438,P073,Vega Metals,708,2,222600.0,30,1,23,9.5,0,0,0
TX005439,P104,Summit Energy,834,2,473600.0,90,1,41,22.9,1,1,0
TX005440,P048,Orient Metals,612,2,56100.0,60,1,45,11.1,0,0,0
TX005441,P042,Corona Power,714,3,222700.0,30,0,25,11.8,1,0,0
TX005442,P097,Marina Chemicals,808,2,279000.0,0,1,35,20.1,0,1,0
TX005443,P083,Crest Agro,700,3,267600.0,30,0,19,7.0,0,0,0
TX005444,P099,Aurora Global,688,1,123300.0,0,2,26,11.3,0,0,0
TX005445,P107,Prime Metals,786,2,301900.0,30,0,47,22.9,0,0,0
TX005446,P094,Union Chemicals,787,1,1068500.0,0,0,48,16.5,1,0,0
TX005447,P036,Prime Trading,754,1,398200.0,30,1,40,23.3,1,0,0
TX005448,P117,Falcon Energy,674,2,80100.0,30,2,50,7.2,0,1,0
TX005449,P034,Union Trading,766,2,237200.0,30,0,54,19.1,1,1,0
TX005450,P102,Falcon Power,765,1,256600.0,30,1,49,22.1,1,1,0
TX005451,P009,Falcon Global,636,3,66100.0,0,2,51,9.0,1,0,0
TX005452,P009,Falcon Global,649,3,69600.0,0,1,51,9.0,0,0,0
TX005453,P005,Zenith Trading,604,3,25400.0,60,1,56,17.4,1,0,0
TX005454,P031,Vega Power,794,2,356000.0,90,0,38,16.5,1,1,0
TX005455,P113,Meridian Agro,606,3,45100.0,30,1,52,9.1,0,0,1
TX005456,P012,Prime Power,645,2,38100.0,60,0,60,5.7,0,1,0
TX005457,P090,Falcon Agro,844,2,535300.0,30,0,36,20.9,1,0,0
TX005458,P113,Meridian Agro,613,3,133000.0,0,3,52,8.3,0,0,0
TX005459,P020,Corona Materials,687,3,44300.0,90,0,40,15.5,0,0,0
TX005460,P099,Aurora Global,676,1,196300.0,60,1,26,10.7,0,0,0
TX005461,P088,Falcon Trading,608,3,58900.0,60,1,43,12.4,0,1,0
TX005462,P022,Sierra Metals,843,2,249900.0,30,1,46,20.8,0,0,0
TX005463,P015,Crest Materials,779,1,574000.0,30,0,34,23.8,0,0,0
TX005464,P116,Aurora Materials,649,3,18900.0,30,3,55,10.4,0,0,0
TX005465,P012,Prime Power,639,2,30100.0,60,1,60,5.8,0,0,1
TX005466,P048,Orient Metals,634,2,17100.0,60,1,45,12.8,1,1,0
TX005467,P070,Crest Metals,819,1,424200.0,30,2,45,24.3,0,0,0
TX005468,P014,Orient Global,781,1,554600.0,0,2,44,19.5,0,0,0
TX005469,P091,Nordic Trading,829,2,276000.0,60,0,45,19.5,1,0,0
TX005470,P110,Meridian Energy,821,1,437800.0,60,0,50,23.2,1,0,0
TX005471,P041,Falcon Industries,643,3,30000.0,60,2,63,7.3,0,1,0
TX005472,P080,Harbor Global,526,4,118400.0,30,2,20,5.0,1,1,1
TX005473,P041,Falcon Industries,640,3,45300.0,30,2,63,7.0,0,0,1
TX005474,P018,Marina Global,637,3,45800.0,0,1,58,15.7,1,0,0
TX005475,P097,Marina Chemicals,816,2,158600.0,30,1,35,18.9,0,1,0
TX005476,P034,Union Trading,747,2,425100.0,0,0,54,19.3,1,1,0
TX005477,P109,Delta Trading,817,1,298100.0,60,0,40,23.3,0,0,0
TX005478,P016,Aurora Energy,819,1,357900.0,60,0,45,26.6,0,1,0
TX005479,P055,Delta Energy,678,3,39800.0,60,2,53,10.8,0,0,0
TX005480,P016,Aurora Energy,815,1,334400.0,0,0,45,27.0,1,0,0
TX005481,P102,Falcon Power,775,1,345000.0,30,0,49,22.8,0,0,0
TX005482,P076,Nordic Materials,622,3,106000.0,30,0,58,12.5,1,0,0
TX005483,P073,Vega Metals,708,2,133400.0,60,1,23,10.0,0,0,0
TX005484,P089,Golden Power,797,1,298700.0,90,0,45,25.5,0,1,0
TX005485,P037,Nordic Global,652,3,50900.0,60,1,45,13.4,0,0,0
TX005486,P048,Orient Metals,638,2,42600.0,60,2,45,11.3,0,0,1
TX005487,P088,Falcon Trading,614,3,76800.0,30,1,43,12.6,1,0,0
TX005488,P033,Delta Industries,667,2,134400.0,60,0,24,5.3,0,1,0
TX005489,P120,Orient Chemicals,661,2,94000.0,30,1,50,13.5,1,1,0
TX005490,P116,Aurora Materials,659,3,40400.0,60,3,55,10.5,0,1,0
TX005491,P089,Golden Power,789,1,376400.0,0,1,45,25.2,0,1,0
TX005492,P023,Sierra Trading,483,4,140400.0,30,4,19,4.5,0,1,1
TX005493,P091,Nordic Trading,848,2,418100.0,60,0,45,19.8,0,1,0
TX005494,P068,Cobalt Trading,697,4,322700.0,60,0,21,0.6,0,0,1
TX005495,P020,Corona Materials,660,3,37800.0,60,0,40,15.0,0,0,0
TX005496,P070,Crest Metals,836,1,646100.0,60,0,45,24.2,1,1,0
TX005497,P061,Harbor Metals,672,2,38800.0,90,1,58,14.8,0,1,0
TX005498,P094,Union Chemicals,785,1,679900.0,0,0,48,16.3,0,0,0
TX005499,P026,Summit Materials,722,3,146900.0,90,0,31,8.6,0,0,0
TX005500,P001,Delta Power,696,2,124400.0,60,2,19,2.8,0,0,0
TX005501,P046,Vega Agro,633,4,37300.0,60,0,56,10.1,1,0,0
TX005502,P070,Crest Metals,864,1,536200.0,90,0,45,24.6,0,0,0
TX005503,P053,Summit Global,746,3,133600.0,60,0,14,10.1,0,1,0
TX005504,P033,Delta Industries,681,2,154300.0,0,0,24,7.1,0,0,0
TX005505,P114,Corona Logistics,754,1,409900.0,60,0,52,18.7,0,0,0
TX005506,P028,Pacific Global,639,2,54000.0,30,1,51,15.8,0,0,0
TX005507,P067,Vega Materials,777,2,353800.0,30,1,51,22.4,1,1,0
TX005508,P037,Nordic Global,667,3,47400.0,90,1,45,14.5,0,1,1
TX005509,P048,Orient Metals,629,2,35500.0,30,1,45,12.0,0,1,0
TX005510,P045,Meridian Materials,685,4,93500.0,60,1,51,10.5,1,1,0
TX005511,P064,Zenith Chemicals,677,4,33400.0,90,2,44,7.7,0,0,1
TX005512,P070,Crest Metals,825,1,551100.0,0,1,45,23.3,0,0,0
TX005513,P080,Harbor Global,528,4,108800.0,60,3,20,4.7,0,1,1
TX005514,P028,Pacific Global,613,2,55400.0,30,1,51,15.0,1,0,0
TX005515,P043,Atlas Chemicals,809,2,1003600.0,30,0,46,21.4,0,0,0
TX005516,P051,Union Energy,699,3,48400.0,30,0,51,10.6,0,0,0
TX005517,P104,Summit Energy,822,2,404200.0,0,3,41,22.0,0,0,0
TX005518,P085,Pacific Agro,693,3,41400.0,60,1,55,16.3,0,0,0
TX005519,P003,Delta Materials,841,1,450800.0,90,1,41,20.6,0,1,0
TX005520,P034,Union Trading,762,2,271800.0,30,0,54,18.5,0,0,0
TX005521,P028,Pacific Global,647,2,58700.0,90,1,51,15.3,0,0,0
TX005522,P001,Delta Power,715,2,101000.0,60,0,19,3.4,0,0,0
TX005523,P088,Falcon Trading,624,3,51000.0,0,1,43,13.6,0,0,0
TX005524,P059,Falcon Materials,673,2,123300.0,30,2,21,9.7,0,0,0
TX005525,P064,Zenith Chemicals,661,4,32400.0,0,1,44,8.1,0,1,0
TX005526,P013,Orient Logistics,753,2,216000.0,30,0,37,17.4,0,0,1
TX005527,P066,Orient Energy,603,3,45700.0,0,1,54,6.0,1,0,0
TX005528,P089,Golden Power,791,1,516500.0,0,0,45,25.0,1,1,0
TX005529,P089,Golden Power,804,1,318600.0,60,0,45,24.7,0,1,0
TX005530,P079,Golden Agro,670,2,69200.0,60,0,54,13.8,0,1,0
TX005531,P016,Aurora Energy,791,1,313600.0,90,0,45,28.0,0,0,0
TX005532,P046,Vega Agro,636,4,25800.0,90,0,56,9.7,1,1,0
TX005533,P010,Delta Chemicals,665,3,63800.0,90,0,51,11.2,0,1,0
TX005534,P083,Crest Agro,706,3,117300.0,60,0,19,8.0,0,1,0
TX005535,P034,Union Trading,753,2,393700.0,60,2,54,18.1,0,0,0
TX005536,P028,Pacific Global,653,2,68800.0,30,1,51,14.4,1,0,0
TX005537,P078,Pacific Materials,826,1,415200.0,60,2,37,22.6,0,0,0
TX005538,P117,Falcon Energy,691,2,60200.0,30,1,50,8.1,0,0,0
TX005539,P107,Prime Metals,784,2,228100.0,0,0,47,22.7,1,1,0
TX005540,P120,Orient Chemicals,618,2,43200.0,0,0,50,13.3,0,0,0
TX005541,P118,Pacific Chemicals,809,1,305600.0,60,0,44,26.2,0,1,0
TX005542,P064,Zenith Chemicals,643,4,31500.0,30,2,44,7.7,1,1,0
TX005543,P109,Delta Trading,821,1,215400.0,30,0,40,23.4,0,0,0
TX005544,P096,Prime Materials,767,2,560700.0,30,0,50,23.3,0,0,0
TX005545,P108,Orient Power,687,3,35800.0,60,0,41,13.2,1,1,0
TX005546,P118,Pacific Chemicals,779,1,385100.0,30,0,44,26.2,0,0,0
TX005547,P051,Union Energy,684,3,20600.0,90,0,51,11.1,0,0,0
TX005548,P025,Crest Industries,677,2,173700.0,30,1,14,7.6,0,0,0
TX005549,P040,Union Power,705,3,99600.0,30,1,15,3.0,0,1,0
TX005550,P084,Meridian Metals,754,1,393600.0,30,0,45,23.4,1,0,0
TX005551,P108,Orient Power,701,3,45200.0,30,1,41,12.8,0,1,0
TX005552,P099,Aurora Global,686,1,136500.0,60,1,26,11.4,0,0,0
TX005553,P113,Meridian Agro,619,3,43900.0,0,2,52,8.5,0,0,1
TX005554,P078,Pacific Materials,824,1,188100.0,60,1,37,23.2,0,1,0
TX005555,P039,Nordic Chemicals,478,4,135300.0,0,3,12,7.5,0,0,1
TX005556,P015,Crest Materials,755,1,349100.0,0,1,34,24.7,0,1,0
TX005557,P027,Summit Power,726,3,81000.0,60,0,21,3.1,1,0,0
TX005558,P054,Golden Global,639,3,44300.0,60,1,58,16.9,0,1,0
TX005559,P051,Union Energy,674,3,47500.0,60,0,51,11.5,0,1,0
TX005560,P010,Delta Chemicals,672,3,51100.0,30,0,51,11.1,0,1,0
TX005561,P012,Prime Power,653,2,37100.0,60,0,60,4.8,0,0,0
TX005562,P054,Golden Global,655,3,27700.0,60,1,58,16.5,1,1,1
TX005563,P119,Meridian Chemicals,635,1,107700.0,0,1,25,12.1,0,1,0
TX005564,P006,Harbor Agro,685,3,148900.0,60,1,28,4.4,0,1,0
TX005565,P026,Summit Materials,733,3,120000.0,60,1,31,9.0,0,0,0
TX005566,P007,Cairo Grid Co,530,4,121500.0,30,3,19,1.9,1,1,1
TX005567,P107,Prime Metals,791,2,130100.0,60,0,47,24.0,0,1,0
TX005568,P095,Meridian Trading,792,2,294900.0,90,1,44,19.9,0,1,0
TX005569,P020,Corona Materials,678,3,83800.0,0,1,40,15.2,0,1,0
TX005570,P040,Union Power,733,3,84100.0,30,1,15,3.3,0,0,0
TX005571,P092,Falcon Metals,682,2,53000.0,60,2,47,16.1,0,1,1
TX005572,P003,Delta Materials,844,1,474900.0,90,1,41,19.6,0,1,0
TX005573,P118,Pacific Chemicals,757,1,394400.0,30,1,44,26.6,0,0,0
TX005574,P107,Prime Metals,793,2,183800.0,30,1,47,23.1,0,0,0
TX005575,P110,Meridian Energy,790,1,227000.0,60,0,50,24.1,0,0,0
TX005576,P047,Pacific Metals,648,3,99200.0,30,1,11,6.3,1,0,0
TX005577,P064,Zenith Chemicals,656,4,42000.0,30,1,44,7.5,0,1,0
TX005578,P066,Orient Energy,620,3,70400.0,90,1,54,5.3,1,0,0
TX005579,P064,Zenith Chemicals,667,4,43100.0,60,1,44,8.0,0,1,0
TX005580,P116,Aurora Materials,644,3,50700.0,0,2,55,10.6,1,0,0
TX005581,P026,Summit Materials,728,3,162900.0,60,0,31,9.7,0,1,0
TX005582,P031,Vega Power,754,2,524300.0,0,0,38,17.4,0,1,0
TX005583,P084,Meridian Metals,764,1,344900.0,90,0,45,23.7,0,0,0
TX005584,P078,Pacific Materials,813,1,315400.0,60,0,37,23.4,1,0,0
TX005585,P095,Meridian Trading,808,2,296000.0,0,2,44,20.9,0,1,0
TX005586,P110,Meridian Energy,788,1,388900.0,60,0,50,24.2,0,1,0
TX005587,P013,Orient Logistics,740,2,265700.0,30,0,37,18.6,0,0,0
TX005588,P002,Corona Agro,701,3,130400.0,0,2,25,4.4,0,1,0
TX005589,P020,Corona Materials,673,3,48900.0,30,0,40,15.8,1,1,0
TX005590,P117,Falcon Energy,698,2,53100.0,30,2,50,7.0,0,0,0
TX005591,P064,Zenith Chemicals,639,4,31900.0,90,1,44,7.8,0,0,1
TX005592,P059,Falcon Materials,687,2,266800.0,30,2,21,9.6,0,0,0
TX005593,P063,Prime Agro,458,4,129200.0,60,2,13,0.9,0,0,1
TX005594,P011,Corona Industries,679,3,225700.0,30,0,20,10.5,1,0,0
TX005595,P062,Aurora Industries,677,3,115800.0,60,2,33,10.3,1,0,1
TX005596,P117,Falcon Energy,692,2,70200.0,30,1,50,7.1,0,0,1
TX005597,P064,Zenith Chemicals,640,4,32800.0,60,1,44,9.1,0,0,1
TX005598,P063,Prime Agro,475,4,126400.0,60,2,13,1.0,0,0,1
TX005599,P041,Falcon Industries,633,3,34900.0,90,2,63,6.9,0,0,0
TX005600,P014,Orient Global,817,1,429000.0,30,0,44,18.2,0,1,0
TX005601,P011,Corona Industries,690,3,203000.0,30,0,20,11.2,0,0,0
TX005602,P030,Golden Energy,496,5,90000.0,90,4,5,7.2,1,1,1
TX005603,P117,Falcon Energy,673,2,137200.0,90,1,50,8.0,0,1,0
TX005604,P024,Zenith Energy,696,3,113300.0,90,0,16,8.8,0,1,0
TX005605,P117,Falcon Energy,695,2,59700.0,0,1,50,8.1,0,0,0
TX005606,P005,Zenith Trading,623,3,41600.0,90,2,56,17.6,0,1,0
TX005607,P031,Vega Power,744,2,353300.0,30,0,38,17.2,1,0,0
TX005608,P113,Meridian Agro,600,3,69900.0,90,1,52,9.1,1,1,1
TX005609,P089,Golden Power,821,1,362300.0,0,0,45,25.1,0,1,0
TX005610,P014,Orient Global,817,1,454000.0,60,0,44,19.1,0,1,0
TX005611,P110,Meridian Energy,803,1,267900.0,30,0,50,23.1,0,1,0
TX005612,P102,Falcon Power,747,1,225900.0,30,0,49,22.5,0,1,0
TX005613,P068,Cobalt Trading,705,4,281000.0,30,1,21,1.4,0,1,0
TX005614,P027,Summit Power,707,3,86100.0,0,0,21,3.2,1,1,0
TX005615,P117,Falcon Energy,688,2,77200.0,90,1,50,7.8,1,1,0
TX005616,P041,Falcon Industries,624,3,62200.0,0,1,63,8.5,0,1,0
TX005617,P017,Lagos Agro Ltd,500,4,195400.0,60,5,7,2.9,0,0,1
TX005618,P021,Harbor Power,690,3,103300.0,90,1,15,12.8,0,0,0
TX005619,P098,Marina Agro,640,3,41400.0,30,1,57,17.0,0,0,0
TX005620,P096,Prime Materials,764,2,390900.0,60,0,50,23.1,0,0,0
TX005621,P118,Pacific Chemicals,791,1,213500.0,0,1,44,26.5,0,1,0
TX005622,P033,Delta Industries,672,2,190600.0,0,0,24,6.7,0,0,0
TX005623,P013,Orient Logistics,760,2,162200.0,60,0,37,18.0,0,1,0
TX005624,P022,Sierra Metals,847,2,258900.0,60,1,46,21.6,0,0,0
TX005625,P097,Marina Chemicals,808,2,516400.0,30,3,35,18.9,1,0,0
TX005626,P085,Pacific Agro,675,3,40200.0,90,1,55,15.9,0,1,0
TX005627,P069,Sierra Global,654,2,180400.0,30,1,31,4.4,0,0,0
TX005628,P117,Falcon Energy,674,2,67500.0,90,2,50,6.6,1,0,0
TX005629,P023,Sierra Trading,458,4,109900.0,30,2,19,3.4,0,0,1
TX005630,P026,Summit Materials,704,3,103500.0,30,0,31,8.6,0,1,0
TX005631,P041,Falcon Industries,628,3,30800.0,60,1,63,6.5,0,1,0
TX005632,P095,Meridian Trading,811,2,444100.0,30,0,44,20.8,0,0,0
TX005633,P067,Vega Materials,782,2,581900.0,90,1,51,21.0,0,0,0
TX005634,P108,Orient Power,691,3,46000.0,30,1,41,10.8,0,0,0
TX005635,P041,Falcon Industries,612,3,50700.0,0,1,63,6.3,0,0,0
TX005636,P088,Falcon Trading,618,3,25800.0,60,1,43,12.6,0,1,1
TX005637,P005,Zenith Trading,608,3,39500.0,0,2,56,19.1,0,0,0
TX005638,P118,Pacific Chemicals,782,1,358500.0,30,0,44,26.4,0,0,0
TX005639,P056,Union Agro,715,2,119100.0,30,1,22,7.0,0,0,1
TX005640,P091,Nordic Trading,835,2,394200.0,90,0,45,19.6,0,1,0
TX005641,P076,Nordic Materials,631,3,45900.0,60,0,58,12.5,0,0,0
TX005642,P056,Union Agro,721,2,166200.0,90,0,22,8.0,0,0,0
TX005643,P105,Prime Logistics,497,4,65400.0,0,4,12,1.9,1,0,1
TX005644,P098,Marina Agro,678,3,43500.0,90,1,57,17.3,1,1,0
TX005645,P048,Orient Metals,614,2,45400.0,30,2,45,11.6,0,0,0
TX005646,P117,Falcon Energy,683,2,49600.0,60,1,50,6.6,0,0,1
TX005647,P004,Al-Rashid Trading,470,5,81500.0,30,2,6,6.8,0,0,1
TX005648,P095,Meridian Trading,820,2,536400.0,0,0,44,20.5,1,0,0
TX005649,P066,Orient Energy,593,3,51600.0,30,1,54,4.8,0,0,0
TX005650,P116,Aurora Materials,669,3,66900.0,90,4,55,9.7,0,1,1
TX005651,P072,Meridian Logistics,659,3,49200.0,30,1,51,8.2,1,0,0
TX005652,P111,Prime Global,743,2,114500.0,30,0,21,3.3,0,1,0
TX005653,P005,Zenith Trading,618,3,36100.0,60,2,56,17.9,0,0,0
TX005654,P108,Orient Power,688,3,47900.0,60,0,41,12.2,1,0,0
TX005655,P117,Falcon Energy,684,2,48800.0,90,1,50,7.8,0,0,1
TX005656,P015,Crest Materials,780,1,323700.0,30,1,34,24.8,0,1,0
TX005657,P099,Aurora Global,675,1,68500.0,60,1,26,10.6,1,0,0
TX005658,P112,Orient Materials,811,1,406800.0,90,0,45,23.3,1,1,0
TX005659,P037,Nordic Global,664,3,52400.0,30,2,45,14.5,0,0,1
TX005660,P006,Harbor Agro,716,3,124500.0,0,0,28,4.9,0,0,0
TX005661,P118,Pacific Chemicals,768,1,305700.0,90,0,44,27.3,0,0,0
TX005662,P051,Union Energy,681,3,53600.0,30,0,51,10.2,0,1,0
TX005663,P041,Falcon Industries,619,3,79700.0,30,1,63,6.7,1,1,1
TX005664,P076,Nordic Materials,641,3,56700.0,0,1,58,12.4,0,0,0
TX005665,P028,Pacific Global,639,2,53900.0,30,1,51,14.0,0,1,0
TX005666,P081,Vega Industries,506,4,83200.0,60,2,6,5.7,1,1,1
TX005667,P035,Sierra Materials,669,3,45500.0,0,1,66,10.5,1,0,1
TX005668,P001,Delta Power,717,2,132900.0,90,0,19,4.0,0,0,0
TX005669,P092,Falcon Metals,680,2,49100.0,30,2,47,16.4,0,0,0
TX005670,P089,Golden Power,786,1,161700.0,30,1,45,24.7,1,0,0
TX005671,P069,Sierra Global,688,2,110500.0,30,1,31,4.0,0,0,0
TX005672,P114,Corona Logistics,745,1,431300.0,90,1,52,19.6,0,1,0
TX005673,P098,Marina Agro,671,3,41800.0,30,1,57,17.7,1,1,0
TX005674,P116,Aurora Materials,649,3,26400.0,90,2,55,9.7,0,1,0
TX005675,P075,Marina Industries,599,3,26600.0,90,2,49,12.5,0,0,0
TX005676,P116,Aurora Materials,676,3,39700.0,30,2,55,9.4,0,0,1
TX005677,P010,Delta Chemicals,666,3,88800.0,30,0,51,10.5,0,1,0
TX005678,P018,Marina Global,642,3,49500.0,90,2,58,16.2,0,1,0
TX005679,P053,Summit Global,740,3,136900.0,30,0,14,10.1,0,1,0
TX005680,P099,Aurora Global,704,1,98900.0,60,1,26,11.3,0,0,0
TX005681,P061,Harbor Metals,655,2,38300.0,60,1,58,14.2,0,1,0
TX005682,P094,Union Chemicals,772,1,492100.0,30,1,48,16.5,1,1,0
TX005683,P014,Orient Global,791,1,362600.0,60,0,44,19.3,1,1,0
TX005684,P005,Zenith Trading,602,3,34100.0,60,1,56,18.0,0,1,0
TX005685,P023,Sierra Trading,470,4,171000.0,30,2,19,4.0,1,1,0
TX005686,P020,Corona Materials,662,3,82100.0,30,0,40,14.6,0,1,0
TX005687,P096,Prime Materials,783,2,578600.0,90,1,50,23.9,0,1,0
TX005688,P093,Union Global,807,2,387200.0,0,2,52,21.3,0,1,0
TX005689,P089,Golden Power,807,1,339500.0,0,1,45,24.3,1,0,0
TX005690,P095,Meridian Trading,822,2,250700.0,0,0,44,21.6,1,1,0
TX005691,P071,Golden Metals,776,1,320500.0,90,1,47,27.0,0,0,0
TX005692,P094,Union Chemicals,802,1,714100.0,60,0,48,17.7,0,1,0
TX005693,P075,Marina Industries,607,3,47300.0,60,1,49,11.9,1,0,0
TX005694,P071,Golden Metals,819,1,184800.0,30,0,47,27.6,0,0,0
TX005695,P016,Aurora Energy,800,1,222300.0,60,0,45,27.0,1,1,0
TX005696,P104,Summit Energy,829,2,802200.0,30,2,41,22.6,0,0,0
TX005697,P014,Orient Global,806,1,366700.0,90,0,44,18.0,0,0,0
TX005698,P088,Falcon Trading,616,3,45200.0,30,1,43,12.8,0,1,0
TX005699,P114,Corona Logistics,752,1,353500.0,0,0,52,19.1,1,0,0
TX005700,P069,Sierra Global,654,2,119400.0,90,1,31,4.1,0,0,0
TX005701,P007,Cairo Grid Co,510,4,92700.0,30,3,19,2.2,1,1,1
TX005702,P077,Corona Energy,816,2,628800.0,30,0,37,18.3,0,0,0
TX005703,P013,Orient Logistics,764,2,267400.0,30,0,37,19.0,0,1,0
TX005704,P028,Pacific Global,637,2,37700.0,90,3,51,15.1,0,0,0
TX005705,P035,Sierra Materials,657,3,39900.0,30,1,66,10.3,0,1,0
TX005706,P020,Corona Materials,683,3,79600.0,90,0,40,15.9,0,1,0
TX005707,P092,Falcon Metals,663,2,43400.0,30,1,47,15.8,0,1,0
TX005708,P070,Crest Metals,820,1,506100.0,90,0,45,23.0,0,0,0
TX005709,P035,Sierra Materials,676,3,47600.0,0,1,66,8.9,1,1,1
TX005710,P108,Orient Power,695,3,40700.0,30,0,41,12.4,1,1,0
TX005711,P107,Prime Metals,777,2,219100.0,60,1,47,23.6,1,1,0
TX005712,P092,Falcon Metals,692,2,46400.0,30,1,47,16.5,1,1,0
TX005713,P104,Summit Energy,837,2,462100.0,90,2,41,22.1,0,1,0
TX005714,P054,Golden Global,639,3,69500.0,30,2,58,16.7,0,1,0
TX005715,P071,Golden Metals,766,1,416200.0,90,0,47,26.9,0,0,0
TX005716,P046,Vega Agro,638,4,29100.0,60,0,56,9.9,0,0,1
TX005717,P085,Pacific Agro,686,3,30600.0,60,2,55,16.5,0,0,0
TX005718,P098,Marina Agro,652,3,37000.0,0,1,57,16.4,1,1,0
TX005719,P093,Union Global,826,2,284900.0,60,2,52,20.2,0,0,0
TX005720,P067,Vega Materials,789,2,602400.0,30,2,51,22.5,0,0,0
TX005721,P095,Meridian Trading,815,2,284500.0,0,0,44,20.5,1,0,0
TX005722,P071,Golden Metals,801,1,225100.0,30,1,47,26.7,1,0,0
TX005723,P114,Corona Logistics,759,1,258100.0,0,0,52,20.2,1,0,0
TX005724,P001,Delta Power,718,2,77600.0,60,0,19,2.3,0,1,0
TX005725,P058,Zenith Logistics,734,3,295400.0,60,0,19,7.7,1,1,0
TX005726,P112,Orient Materials,794,1,247400.0,60,0,45,24.3,0,0,0
TX005727,P085,Pacific Agro,704,3,66700.0,30,1,55,15.1,1,0,1
TX005728,P108,Orient Power,677,3,52200.0,60,0,41,11.7,0,1,1
TX005729,P102,Falcon Power,793,1,319900.0,30,0,49,22.9,0,0,0
TX005730,P071,Golden Metals,809,1,429700.0,60,1,47,26.1,0,0,0
TX005731,P088,Falcon Trading,605,3,33400.0,0,2,43,13.1,0,0,0
TX005732,P110,Meridian Energy,807,1,330200.0,30,2,50,23.5,0,1,0
TX005733,P067,Vega Materials,786,2,482400.0,30,0,51,22.5,0,0,0
TX005734,P093,Union Global,836,2,404500.0,30,2,52,19.8,0,0,0
TX005735,P033,Delta Industries,690,2,191200.0,90,1,24,6.3,1,1,1
TX005736,P034,Union Trading,761,2,272800.0,30,0,54,18.1,0,1,0
TX005737,P094,Union Chemicals,761,1,1036700.0,60,0,48,16.3,0,0,0
TX005738,P112,Orient Materials,790,1,507600.0,30,0,45,24.3,1,0,0
TX005739,P071,Golden Metals,799,1,175600.0,90,0,47,27.6,0,0,0
TX005740,P085,Pacific Agro,705,3,40700.0,30,1,55,14.6,0,1,0
TX005741,P110,Meridian Energy,810,1,220200.0,60,0,50,22.7,0,1,0
TX005742,P089,Golden Power,828,1,303000.0,30,0,45,24.1,0,1,0
TX005743,P042,Corona Power,709,3,81200.0,60,0,25,11.9,0,1,0
TX005744,P031,Vega Power,784,2,503000.0,30,0,38,16.0,0,0,0
TX005745,P092,Falcon Metals,694,2,63800.0,0,2,47,16.3,0,0,0
TX005746,P015,Crest Materials,787,1,557200.0,0,0,34,24.3,0,0,0
TX005747,P012,Prime Power,625,2,35800.0,30,0,60,4.4,1,1,0
TX005748,P018,Marina Global,624,3,40600.0,60,1,58,16.4,0,0,0
TX005749,P067,Vega Materials,780,2,556300.0,60,0,51,21.7,0,0,0
TX005750,P088,Falcon Trading,626,3,36000.0,60,2,43,11.9,0,0,1
TX005751,P079,Golden Agro,672,2,36300.0,0,0,54,13.1,0,1,0
TX005752,P020,Corona Materials,685,3,72700.0,0,0,40,16.0,1,0,0
TX005753,P027,Summit Power,722,3,198100.0,0,2,21,2.9,0,0,0
TX005754,P100,Nordic Agro,675,3,180500.0,90,1,14,11.6,0,1,0
TX005755,P055,Delta Energy,689,3,21200.0,30,3,53,10.8,0,1,0
TX005756,P067,Vega Materials,801,2,412800.0,60,0,51,21.7,1,1,0
TX005757,P054,Golden Global,656,3,34100.0,30,2,58,15.8,1,0,0
TX005758,P089,Golden Power,811,1,471200.0,30,0,45,24.5,1,1,0
TX005759,P090,Falcon Agro,821,2,578800.0,0,1,36,20.6,0,0,0
TX005760,P062,Aurora Industries,696,3,95700.0,0,2,33,8.9,0,1,0
TX005761,P090,Falcon Agro,830,2,349000.0,90,1,36,20.1,0,0,0
TX005762,P102,Falcon Power,775,1,322400.0,90,0,49,22.2,0,0,0
TX005763,P043,Atlas Chemicals,785,2,426600.0,0,1,46,21.2,1,0,0
TX005764,P111,Prime Global,726,2,217200.0,90,0,21,4.4,1,0,0
TX005765,P119,Meridian Chemicals,636,1,198700.0,90,1,25,10.7,0,0,0
TX005766,P109,Delta Trading,821,1,212800.0,0,2,40,23.8,0,1,0
TX005767,P071,Golden Metals,777,1,208000.0,60,0,47,27.6,1,1,0
TX005768,P120,Orient Chemicals,632,2,97000.0,30,0,50,13.1,0,1,0
TX005769,P010,Delta Chemicals,649,3,85600.0,60,0,51,10.4,1,1,1
TX005770,P053,Summit Global,747,3,73200.0,30,0,14,9.7,0,1,0
TX005771,P041,Falcon Industries,646,3,50400.0,30,1,63,6.6,0,1,0
TX005772,P056,Union Agro,719,2,240700.0,30,0,22,7.7,1,0,0
TX005773,P107,Prime Metals,798,2,196300.0,30,0,47,23.1,0,1,0
TX005774,P012,Prime Power,630,2,73500.0,0,0,60,4.8,0,1,0
TX005775,P084,Meridian Metals,753,1,308600.0,30,0,45,22.9,0,1,0
TX005776,P099,Aurora Global,692,1,124200.0,60,2,26,12.4,1,0,0
TX005777,P084,Meridian Metals,763,1,438000.0,30,0,45,22.9,1,0,0
TX005778,P098,Marina Agro,666,3,29300.0,0,3,57,17.1,0,0,0
TX005779,P095,Meridian Trading,805,2,258100.0,60,0,44,21.1,0,1,0
TX005780,P059,Falcon Materials,675,2,191900.0,0,2,21,7.7,0,1,0
TX005781,P031,Vega Power,768,2,396400.0,90,0,38,17.0,0,0,0
TX005782,P064,Zenith Chemicals,649,4,34600.0,60,1,44,7.8,0,1,0
TX005783,P010,Delta Chemicals,665,3,84700.0,0,0,51,10.7,0,0,0
TX005784,P037,Nordic Global,660,3,56900.0,0,1,45,14.0,0,0,0
TX005785,P067,Vega Materials,794,2,632700.0,60,0,51,22.0,0,1,0
TX005786,P008,Vega Logistics,730,2,190400.0,30,1,19,9.6,0,1,0
TX005787,P096,Prime Materials,791,2,759100.0,90,2,50,23.5,1,1,0
TX005788,P090,Falcon Agro,831,2,580200.0,60,0,36,20.7,1,1,0
TX005789,P068,Cobalt Trading,711,4,190900.0,60,0,21,0.5,0,0,0
TX005790,P012,Prime Power,626,2,50000.0,60,1,60,4.9,0,0,1
TX005791,P111,Prime Global,737,2,185800.0,60,0,21,3.8,0,0,0
TX005792,P070,Crest Metals,826,1,721800.0,30,0,45,22.5,1,0,0
TX005793,P059,Falcon Materials,690,2,158600.0,30,2,21,9.0,0,1,0
TX005794,P088,Falcon Trading,620,3,41300.0,90,1,43,13.3,0,1,0
TX005795,P096,Prime Materials,813,2,714200.0,30,1,50,24.1,1,0,0
TX005796,P028,Pacific Global,640,2,30600.0,30,1,51,15.0,0,0,0
TX005797,P028,Pacific Global,614,2,61300.0,90,2,51,14.7,0,0,1
TX005798,P064,Zenith Chemicals,656,4,46700.0,0,1,44,8.4,0,0,0
TX005799,P027,Summit Power,713,3,72000.0,60,0,21,3.9,1,0,0
TX005800,P044,Summit Agro,718,2,203800.0,60,0,23,8.6,0,0,0
TX005801,P015,Crest Materials,767,1,350400.0,90,0,34,23.5,0,1,0
TX005802,P102,Falcon Power,760,1,351300.0,90,0,49,23.1,1,0,0
TX005803,P076,Nordic Materials,641,3,73100.0,30,0,58,10.6,0,1,0
TX005804,P040,Union Power,729,3,93800.0,90,1,15,3.7,0,0,0
TX005805,P065,Crest Global,680,2,109300.0,60,0,15,13.6,1,0,0
TX005806,P066,Orient Energy,598,3,42800.0,0,1,54,5.6,0,1,0
TX005807,P035,Sierra Materials,659,3,64400.0,30,1,66,9.2,0,0,1
TX005808,P018,Marina Global,647,3,60900.0,60,1,58,16.2,0,1,0
TX005809,P045,Meridian Materials,694,4,71300.0,30,1,51,10.7,1,1,0
TX005810,P115,Vega Trading,688,2,190300.0,30,0,20,7.3,0,1,0
TX005811,P079,Golden Agro,661,2,37600.0,90,0,54,13.5,0,0,0
TX005812,P006,Harbor Agro,711,3,202800.0,60,0,28,4.7,0,1,1
TX005813,P014,Orient Global,806,1,549200.0,30,0,44,19.2,0,0,1
TX005814,P054,Golden Global,642,3,44400.0,60,1,58,15.9,0,0,0
TX005815,P088,Falcon Trading,625,3,49000.0,30,3,43,13.0,0,0,0
TX005816,P036,Prime Trading,727,1,214400.0,0,0,40,23.9,1,0,0
TX005817,P018,Marina Global,639,3,51100.0,30,1,58,15.5,0,1,0
TX005818,P110,Meridian Energy,802,1,486500.0,90,0,50,23.8,0,0,0
TX005819,P014,Orient Global,817,1,310800.0,0,0,44,18.8,0,1,0
TX005820,P045,Meridian Materials,670,4,60300.0,60,1,51,11.0,0,0,0
TX005821,P091,Nordic Trading,851,2,421500.0,60,0,45,20.4,0,1,0
TX005822,P009,Falcon Global,646,3,30100.0,90,1,51,8.8,1,0,0
TX005823,P031,Vega Power,769,2,349900.0,30,0,38,16.1,0,1,0
TX005824,P058,Zenith Logistics,725,3,226000.0,90,0,19,7.5,1,1,0
TX005825,P096,Prime Materials,800,2,673600.0,90,0,50,23.1,0,0,0
TX005826,P117,Falcon Energy,679,2,56900.0,60,1,50,8.9,0,0,1
TX005827,P098,Marina Agro,645,3,31400.0,0,1,57,16.4,0,1,0
TX005828,P070,Crest Metals,824,1,370400.0,30,1,45,23.5,1,0,0
TX005829,P020,Corona Materials,673,3,115000.0,0,0,40,15.1,0,1,1
TX005830,P091,Nordic Trading,861,2,274300.0,30,0,45,19.6,0,1,0
TX005831,P062,Aurora Industries,662,3,76100.0,60,1,33,8.0,1,1,0
TX005832,P085,Pacific Agro,676,3,37800.0,60,1,55,14.8,0,0,0
TX005833,P110,Meridian Energy,777,1,356500.0,30,1,50,23.3,0,1,0
TX005834,P059,Falcon Materials,724,2,202700.0,30,2,21,8.7,0,1,0
TX005835,P051,Union Energy,676,3,77100.0,90,0,51,11.6,1,1,0
TX005836,P010,Delta Chemicals,661,3,53600.0,60,0,51,11.2,0,1,0
TX005837,P038,Marina Logistics,529,5,78200.0,0,2,14,3.3,1,1,0
TX005838,P119,Meridian Chemicals,639,1,123600.0,0,1,25,12.0,0,1,1
TX005839,P009,Falcon Global,638,3,49100.0,0,1,51,9.4,1,0,0
TX005840,P104,Summit Energy,853,2,882200.0,60,1,41,21.5,0,1,0
TX005841,P077,Corona Energy,812,2,337000.0,30,0,37,18.4,0,0,0
TX005842,P097,Marina Chemicals,808,2,318200.0,30,1,35,18.7,0,1,0
TX005843,P045,Meridian Materials,681,4,96900.0,30,1,51,10.1,0,0,0
TX005844,P054,Golden Global,644,3,58600.0,0,1,58,15.6,0,0,0
TX005845,P036,Prime Trading,741,1,210700.0,60,0,40,23.1,0,0,0
TX005846,P041,Falcon Industries,657,3,57400.0,90,1,63,7.1,0,0,0
TX005847,P095,Meridian Trading,816,2,170700.0,0,0,44,21.1,0,1,0
TX005848,P079,Golden Agro,658,2,41800.0,60,0,54,13.3,0,1,0
TX005849,P051,Union Energy,667,3,45200.0,90,0,51,10.8,1,1,0
TX005850,P039,Nordic Chemicals,470,4,79800.0,60,4,12,6.9,0,0,1
TX005851,P054,Golden Global,652,3,41800.0,90,1,58,16.7,0,1,0
TX005852,P018,Marina Global,648,3,46800.0,60,1,58,15.3,0,0,0
TX005853,P065,Crest Global,687,2,107600.0,0,0,15,13.5,0,1,0
TX005854,P049,Orient Trading,494,4,65700.0,90,3,9,6.1,1,0,1
TX005855,P092,Falcon Metals,686,2,67100.0,0,1,47,15.6,0,1,0
TX005856,P077,Corona Energy,778,2,545100.0,60,0,37,18.7,0,1,0
TX005857,P093,Union Global,816,2,994700.0,30,1,52,21.8,0,1,0
TX005858,P107,Prime Metals,801,2,310500.0,30,0,47,23.1,1,0,0
TX005859,P090,Falcon Agro,815,2,423300.0,60,0,36,20.7,0,0,0
TX005860,P012,Prime Power,638,2,26900.0,60,0,60,4.3,0,0,0
TX005861,P027,Summit Power,729,3,139200.0,60,0,21,3.4,0,1,0
TX005862,P118,Pacific Chemicals,786,1,568300.0,30,1,44,25.8,0,1,0
TX005863,P016,Aurora Energy,806,1,340900.0,30,0,45,27.2,0,0,0
TX005864,P041,Falcon Industries,630,3,60800.0,90,1,63,7.7,0,1,0
TX005865,P001,Delta Power,708,2,193500.0,60,0,19,2.0,0,1,0
TX005866,P035,Sierra Materials,650,3,41200.0,60,1,66,9.5,0,0,0
TX005867,P082,Union Materials,670,3,106400.0,60,1,14,12.0,1,1,0
TX005868,P102,Falcon Power,765,1,564600.0,30,1,49,23.0,0,0,0
TX005869,P031,Vega Power,755,2,597200.0,0,1,38,17.3,0,1,0
TX005870,P005,Zenith Trading,595,3,45100.0,30,1,56,18.3,1,0,0
TX005871,P020,Corona Materials,693,3,76000.0,30,0,40,14.6,0,1,0
TX005872,P071,Golden Metals,788,1,288500.0,60,0,47,26.9,0,1,0
TX005873,P108,Orient Power,673,3,34000.0,30,1,41,11.1,0,1,0
TX005874,P061,Harbor Metals,653,2,36700.0,90,1,58,15.9,1,1,0
TX005875,P109,Delta Trading,824,1,247900.0,60,1,40,22.9,0,1,0
TX005876,P120,Orient Chemicals,640,2,51200.0,0,0,50,13.5,1,0,0
TX005877,P085,Pacific Agro,680,3,46600.0,0,1,55,15.9,0,1,0
TX005878,P097,Marina Chemicals,797,2,252100.0,0,1,35,19.6,0,1,0
TX005879,P003,Delta Materials,847,1,412700.0,0,2,41,20.1,0,1,0
TX005880,P014,Orient Global,819,1,337500.0,30,0,44,18.7,0,0,0
TX005881,P043,Atlas Chemicals,796,2,475800.0,90,1,46,21.2,0,1,0
TX005882,P037,Nordic Global,680,3,42900.0,60,1,45,13.9,0,0,0
TX005883,P018,Marina Global,638,3,49300.0,60,1,58,15.8,0,0,0
TX005884,P091,Nordic Trading,842,2,221800.0,60,0,45,20.4,0,0,0
TX005885,P034,Union Trading,778,2,327000.0,90,0,54,18.1,1,1,0
TX005886,P048,Orient Metals,619,2,35900.0,30,1,45,12.7,1,1,0
TX005887,P107,Prime Metals,793,2,200500.0,0,0,47,22.9,1,1,0
TX005888,P046,Vega Agro,618,4,30300.0,30,0,56,9.7,0,0,0
TX005889,P079,Golden Agro,666,2,32500.0,60,1,54,13.1,0,1,0
TX005890,P051,Union Energy,664,3,45100.0,0,0,51,11.1,0,1,0
TX005891,P073,Vega Metals,724,2,115700.0,30,2,23,9.7,1,0,0
TX005892,P071,Golden Metals,804,1,262800.0,0,0,47,27.4,1,0,0
TX005893,P087,Corona Metals,690,2,170300.0,30,1,19,13.3,0,1,0
TX005894,P085,Pacific Agro,688,3,37200.0,90,1,55,15.2,0,1,0
TX005895,P116,Aurora Materials,635,3,29100.0,60,2,55,9.7,0,0,0
TX005896,P018,Marina Global,650,3,46400.0,0,1,58,15.7,0,0,1
TX005897,P010,Delta Chemicals,690,3,92100.0,60,0,51,11.6,0,0,0
TX005898,P076,Nordic Materials,621,3,75900.0,0,1,58,11.7,0,0,0
TX005899,P028,Pacific Global,629,2,33900.0,30,2,51,14.8,0,0,0
TX005900,P035,Sierra Materials,679,3,25900.0,90,1,66,9.2,1,1,0
TX005901,P028,Pacific Global,642,2,64200.0,30,3,51,14.7,0,0,0
TX005902,P104,Summit Energy,840,2,569700.0,90,2,41,22.7,0,0,0
TX005903,P054,Golden Global,651,3,45200.0,60,2,58,15.3,0,1,0
TX005904,P059,Falcon Materials,679,2,182900.0,0,2,21,9.0,1,1,0
TX005905,P034,Union Trading,772,2,277600.0,30,0,54,17.1,1,0,0
TX005906,P078,Pacific Materials,811,1,260900.0,30,0,37,22.7,0,0,0
TX005907,P104,Summit Energy,811,2,367800.0,30,1,41,21.7,0,1,0
TX005908,P100,Nordic Agro,678,3,184700.0,90,1,14,11.2,1,1,0
TX005909,P117,Falcon Energy,681,2,34700.0,90,2,50,7.4,0,1,0
TX005910,P016,Aurora Energy,795,1,286000.0,0,0,45,26.7,1,0,0
TX005911,P006,Harbor Agro,703,3,124300.0,30,0,28,4.6,0,1,0
TX005912,P045,Meridian Materials,678,4,97900.0,30,1,51,10.7,0,0,1
TX005913,P011,Corona Industries,685,3,170200.0,0,0,20,11.6,1,0,0
TX005914,P042,Corona Power,717,3,117200.0,30,0,25,11.8,0,0,0
TX005915,P072,Meridian Logistics,656,3,64200.0,60,0,51,8.8,1,0,0
TX005916,P064,Zenith Chemicals,669,4,49800.0,0,1,44,7.3,0,0,0
TX005917,P114,Corona Logistics,756,1,444800.0,60,0,52,19.4,0,1,0
TX005918,P107,Prime Metals,768,2,213100.0,60,1,47,22.8,0,0,0
TX005919,P051,Union Energy,693,3,60200.0,0,1,51,10.9,0,0,0
TX005920,P075,Marina Industries,606,3,33100.0,0,1,49,11.7,0,0,0
TX005921,P022,Sierra Metals,846,2,183700.0,60,1,46,21.7,0,1,0
TX005922,P106,Prime Industries,714,2,152800.0,60,3,20,7.3,1,1,0
TX005923,P035,Sierra Materials,658,3,57100.0,30,1,66,9.3,1,1,0
TX005924,P090,Falcon Agro,827,2,496200.0,30,0,36,21.3,1,1,0
TX005925,P033,Delta Industries,675,2,88200.0,90,0,24,6.2,0,1,1
TX005926,P067,Vega Materials,784,2,542500.0,60,1,51,21.9,1,0,0
TX005927,P091,Nordic Trading,846,2,334800.0,60,0,45,19.0,0,0,0
TX005928,P022,Sierra Metals,841,2,244400.0,90,1,46,22.6,0,1,0
TX005929,P118,Pacific Chemicals,778,1,512500.0,0,1,44,26.7,0,1,0
TX005930,P013,Orient Logistics,760,2,372800.0,30,1,37,18.1,0,0,0
TX005931,P077,Corona Energy,784,2,439500.0,30,0,37,18.0,0,0,0
TX005932,P009,Falcon Global,629,3,51500.0,90,2,51,9.6,0,0,0
TX005933,P067,Vega Materials,775,2,722900.0,90,0,51,22.1,1,0,0
TX005934,P048,Orient Metals,618,2,35700.0,30,2,45,11.9,1,0,0
TX005935,P012,Prime Power,639,2,25800.0,30,1,60,4.0,0,0,0
TX005936,P067,Vega Materials,771,2,511800.0,0,0,51,22.7,0,1,0
TX005937,P012,Prime Power,630,2,42800.0,0,0,60,4.6,0,1,0
TX005938,P097,Marina Chemicals,809,2,299200.0,90,1,35,20.0,1,0,0
TX005939,P012,Prime Power,630,2,29200.0,60,0,60,3.6,0,0,0
TX005940,P033,Delta Industries,673,2,109100.0,90,0,24,6.8,0,1,0
TX005941,P039,Nordic Chemicals,471,4,83600.0,30,3,12,7.5,0,0,1
TX005942,P097,Marina Chemicals,818,2,343400.0,30,1,35,19.8,1,0,0
TX005943,P075,Marina Industries,617,3,31100.0,30,1,49,12.1,0,0,0
TX005944,P119,Meridian Chemicals,663,1,171000.0,90,1,25,12.2,1,0,0
TX005945,P028,Pacific Global,642,2,51400.0,30,1,51,15.4,0,1,0
TX005946,P107,Prime Metals,799,2,238100.0,30,1,47,22.8,0,0,0
TX005947,P120,Orient Chemicals,665,2,71200.0,60,1,50,12.4,0,0,0
TX005948,P117,Falcon Energy,659,2,60900.0,60,1,50,8.1,0,1,0
TX005949,P112,Orient Materials,808,1,246600.0,60,1,45,24.2,1,0,0
TX005950,P048,Orient Metals,617,2,57000.0,30,1,45,12.0,0,0,0
TX005951,P090,Falcon Agro,828,2,514700.0,90,0,36,20.8,0,1,0
TX005952,P076,Nordic Materials,641,3,71700.0,30,0,58,12.0,1,0,0
TX005953,P054,Golden Global,642,3,41300.0,0,3,58,16.0,0,1,1
TX005954,P032,Cobalt Logistics,716,3,84100.0,90,0,23,5.1,0,1,0
TX005955,P107,Prime Metals,795,2,177300.0,30,0,47,23.6,0,0,0
TX005956,P066,Orient Energy,638,3,33200.0,60,1,54,5.3,1,0,0
TX005957,P098,Marina Agro,658,3,52600.0,90,1,57,16.4,0,0,0
TX005958,P003,Delta Materials,845,1,361100.0,0,2,41,21.3,0,1,0
TX005959,P050,Crest Chemicals,685,2,153800.0,0,1,14,3.9,1,1,0
TX005960,P028,Pacific Global,637,2,64300.0,0,1,51,14.7,0,1,0
TX005961,P107,Prime Metals,812,2,254100.0,60,0,47,22.1,0,0,0
TX005962,P072,Meridian Logistics,628,3,35100.0,30,0,51,7.5,1,1,0
TX005963,P054,Golden Global,661,3,28200.0,60,1,58,16.3,1,0,0
TX005964,P072,Meridian Logistics,637,3,60000.0,60,0,51,8.6,1,0,0
TX005965,P042,Corona Power,723,3,162400.0,30,1,25,12.7,1,1,0
TX005966,P044,Summit Agro,706,2,111600.0,30,0,23,8.9,0,1,0
TX005967,P046,Vega Agro,645,4,42300.0,60,0,56,10.7,0,1,0
TX005968,P069,Sierra Global,636,2,162700.0,30,1,31,3.7,0,0,0
TX005969,P097,Marina Chemicals,808,2,288000.0,30,1,35,19.3,1,1,0
TX005970,P085,Pacific Agro,708,3,38100.0,30,1,55,16.0,0,1,0
TX005971,P095,Meridian Trading,791,2,461700.0,60,0,44,20.3,0,0,0
TX005972,P003,Delta Materials,856,1,386500.0,60,2,41,20.2,0,1,0
TX005973,P088,Falcon Trading,620,3,36800.0,30,1,43,12.0,0,0,0
TX005974,P083,Crest Agro,718,3,231500.0,30,0,19,7.2,0,1,0
TX005975,P108,Orient Power,684,3,50700.0,60,0,41,12.5,0,0,0
TX005976,P062,Aurora Industries,662,3,121300.0,60,1,33,8.3,0,1,0
TX005977,P113,Meridian Agro,597,3,48800.0,30,1,52,9.7,1,0,0
TX005978,P035,Sierra Materials,671,3,37000.0,0,1,66,9.2,1,1,0
TX005979,P100,Nordic Agro,687,3,221400.0,90,0,14,12.2,1,0,0
TX005980,P119,Meridian Chemicals,646,1,117000.0,60,2,25,11.7,0,1,0
TX005981,P112,Orient Materials,813,1,234900.0,90,0,45,24.3,0,0,0
TX005982,P034,Union Trading,739,2,385500.0,0,1,54,17.4,0,1,0
TX005983,P102,Falcon Power,788,1,291300.0,60,0,49,23.0,0,0,0
TX005984,P055,Delta Energy,694,3,33600.0,60,2,53,10.6,0,1,0
TX005985,P003,Delta Materials,836,1,353300.0,60,1,41,19.8,0,0,0
TX005986,P010,Delta Chemicals,676,3,45500.0,0,0,51,11.2,1,0,0
TX005987,P061,Harbor Metals,676,2,49700.0,60,1,58,15.2,0,1,0
TX005988,P091,Nordic Trading,839,2,313400.0,30,0,45,19.5,1,1,0
TX005989,P087,Corona Metals,695,2,152200.0,60,1,19,13.7,1,0,0
TX005990,P070,Crest Metals,832,1,548800.0,0,0,45,24.0,1,1,0
TX005991,P003,Delta Materials,849,1,376000.0,90,1,41,20.4,0,0,0
TX005992,P076,Nordic Materials,623,3,62600.0,30,0,58,11.7,1,0,0
TX005993,P051,Union Energy,679,3,48100.0,90,0,51,11.5,0,0,0
TX005994,P110,Meridian Energy,808,1,481900.0,30,0,50,22.9,1,0,0
TX005995,P037,Nordic Global,661,3,58400.0,90,1,45,14.0,1,0,0
TX005996,P018,Marina Global,654,3,54100.0,0,1,58,15.5,0,1,0
TX005997,P110,Meridian Energy,812,1,360000.0,30,0,50,22.9,0,1,0
TX005998,P109,Delta Trading,831,1,407700.0,60,0,40,24.1,0,0,0
TX005999,P034,Union Trading,777,2,291100.0,30,1,54,18.3,1,0,0
TX006000,P018,Marina Global,662,3,43400.0,30,1,58,15.0,1,1,0
TX006001,P066,Orient Energy,628,3,34600.0,30,1,54,4.9,0,1,1
TX006002,P045,Meridian Materials,655,4,71700.0,0,1,51,11.2,1,1,0
TX006003,P061,Harbor Metals,643,2,77100.0,90,2,58,14.8,1,1,0
TX006004,P040,Union Power,733,3,155100.0,0,1,15,3.7,1,1,0
TX006005,P018,Marina Global,642,3,45500.0,30,1,58,15.9,0,1,0
TX006006,P003,Delta Materials,854,1,501100.0,90,1,41,20.5,0,0,0
TX006007,P026,Summit Materials,734,3,92500.0,90,1,31,8.9,0,0,0
TX006008,P002,Corona Agro,678,3,258100.0,0,2,25,4.2,0,1,0
TX006009,P083,Crest Agro,701,3,176400.0,30,0,19,7.0,0,0,0
TX006010,P117,Falcon Energy,674,2,54600.0,30,2,50,7.9,1,0,0
TX006011,P117,Falcon Energy,664,2,99700.0,0,1,50,8.1,0,0,0
TX006012,P120,Orient Chemicals,620,2,73400.0,30,0,50,13.3,1,0,1
TX006013,P120,Orient Chemicals,626,2,31400.0,60,1,50,12.8,0,0,1
TX006014,P076,Nordic Materials,625,3,58600.0,30,0,58,11.5,0,0,1
TX006015,P074,Aurora Logistics,472,5,119100.0,30,3,7,7.1,0,1,1
TX006016,P043,Atlas Chemicals,797,2,611900.0,90,0,46,22.0,1,1,0
TX006017,P019,Cobalt Materials,461,4,66000.0,30,3,4,4.8,0,0,1
TX006018,P069,Sierra Global,643,2,134900.0,30,1,31,4.2,0,1,0
TX006019,P086,Sierra Energy,445,4,57000.0,90,3,5,15.7,0,0,1
TX006020,P055,Delta Energy,675,3,43900.0,90,2,53,10.6,0,0,1
TX006021,P089,Golden Power,816,1,420100.0,60,0,45,24.4,0,0,0
TX006022,P061,Harbor Metals,649,2,56000.0,90,2,58,15.5,0,1,0
TX006023,P119,Meridian Chemicals,649,1,126500.0,30,1,25,11.6,0,1,0
TX006024,P018,Marina Global,622,3,25300.0,60,1,58,16.5,0,0,0
TX006025,P061,Harbor Metals,662,2,32700.0,0,1,58,15.2,0,0,0
TX006026,P108,Orient Power,712,3,33200.0,60,0,41,11.9,0,1,0
TX006027,P035,Sierra Materials,663,3,42400.0,30,1,66,9.7,0,1,0
TX006028,P055,Delta Energy,662,3,33100.0,90,3,53,11.3,0,0,0
TX006029,P114,Corona Logistics,737,1,532600.0,30,0,52,18.7,0,0,0
TX006030,P034,Union Trading,747,2,331700.0,60,0,54,18.9,1,1,0
TX006031,P110,Meridian Energy,808,1,382400.0,60,0,50,22.7,0,1,0
TX006032,P097,Marina Chemicals,815,2,226800.0,30,1,35,18.8,0,1,0
TX006033,P043,Atlas Chemicals,805,2,634000.0,30,1,46,21.6,0,0,0
TX006034,P004,Al-Rashid Trading,461,5,226100.0,90,4,6,6.4,0,0,1
TX006035,P061,Harbor Metals,656,2,31500.0,60,1,58,15.2,0,0,0
TX006036,P089,Golden Power,779,1,357200.0,30,0,45,24.8,0,0,0
TX006037,P061,Harbor Metals,660,2,78800.0,90,1,58,14.9,1,1,0
TX006038,P107,Prime Metals,782,2,281800.0,30,1,47,22.5,1,1,0
TX006039,P111,Prime Global,725,2,138600.0,30,0,21,4.3,1,1,0
TX006040,P116,Aurora Materials,638,3,31600.0,30,2,55,9.6,0,0,1
TX006041,P064,Zenith Chemicals,653,4,31800.0,90,1,44,6.8,1,1,0
TX006042,P097,Marina Chemicals,800,2,772200.0,60,2,35,19.3,1,0,0
TX006043,P046,Vega Agro,619,4,58900.0,0,0,56,10.1,1,1,0
TX006044,P072,Meridian Logistics,635,3,44900.0,0,0,51,8.4,0,1,0
TX006045,P022,Sierra Metals,857,2,333600.0,30,2,46,21.3,0,1,0
TX006046,P067,Vega Materials,787,2,618100.0,60,0,51,21.6,0,0,0
TX006047,P035,Sierra Materials,662,3,69100.0,60,1,66,9.5,0,0,0
TX006048,P025,Crest Industries,702,2,236300.0,90,0,14,7.3,0,1,0
TX006049,P118,Pacific Chemicals,778,1,348900.0,90,1,44,26.2,0,1,0
TX006050,P045,Meridian Materials,678,4,34700.0,30,1,51,9.9,1,1,0
TX006051,P067,Vega Materials,802,2,500300.0,90,0,51,23.1,0,1,0
TX006052,P059,Falcon Materials,686,2,298700.0,90,5,21,8.8,0,0,1
TX006053,P018,Marina Global,621,3,64500.0,60,1,58,15.9,0,0,0
TX006054,P114,Corona Logistics,739,1,344300.0,0,0,52,19.6,0,0,0
TX006055,P077,Corona Energy,812,2,208700.0,90,0,37,18.0,0,0,0
TX006056,P002,Corona Agro,681,3,245100.0,90,1,25,3.6,0,0,1
TX006057,P078,Pacific Materials,839,1,216900.0,30,0,37,22.6,0,1,0
TX006058,P061,Harbor Metals,673,2,49900.0,30,2,58,14.5,0,0,1
TX006059,P041,Falcon Industries,621,3,43600.0,60,1,63,6.8,0,1,0
TX006060,P035,Sierra Materials,673,3,48500.0,30,2,66,10.1,0,0,0
TX006061,P116,Aurora Materials,627,3,24000.0,30,2,55,10.7,0,0,1
TX006062,P119,Meridian Chemicals,653,1,114400.0,90,2,25,11.1,0,0,1
TX006063,P098,Marina Agro,671,3,29600.0,60,2,57,17.7,0,1,0
TX006064,P035,Sierra Materials,655,3,33500.0,60,2,66,9.6,0,0,0
TX006065,P050,Crest Chemicals,703,2,177700.0,0,1,14,3.0,1,1,0
TX006066,P072,Meridian Logistics,640,3,22400.0,0,0,51,7.9,0,0,0
TX006067,P002,Corona Agro,711,3,153700.0,0,1,25,4.8,0,0,0
TX006068,P102,Falcon Power,776,1,441300.0,60,0,49,23.3,0,0,0
TX006069,P010,Delta Chemicals,657,3,84200.0,0,0,51,11.7,0,1,0
TX006070,P009,Falcon Global,638,3,42700.0,0,1,51,8.2,0,1,0
TX006071,P089,Golden Power,813,1,256800.0,90,0,45,24.2,1,0,0
TX006072,P020,Corona Materials,681,3,48000.0,60,2,40,15.1,1,1,0
TX006073,P002,Corona Agro,712,3,171900.0,60,1,25,4.1,1,0,0
TX006074,P018,Marina Global,637,3,45200.0,30,3,58,16.6,1,0,0
TX006075,P085,Pacific Agro,675,3,34900.0,30,1,55,15.5,0,1,0
TX006076,P034,Union Trading,740,2,248900.0,60,0,54,18.5,1,0,0
TX006077,P096,Prime Materials,798,2,498800.0,90,0,50,23.0,0,0,1
TX006078,P033,Delta Industries,680,2,117200.0,30,0,24,6.6,0,1,0
TX006079,P010,Delta Chemicals,682,3,75100.0,30,0,51,10.7,1,1,0
TX006080,P089,Golden Power,807,1,476900.0,60,0,45,24.2,0,1,0
TX006081,P088,Falcon Trading,621,3,46300.0,0,2,43,13.2,1,0,0
TX006082,P072,Meridian Logistics,641,3,47300.0,30,0,51,8.9,1,0,0
TX006083,P066,Orient Energy,622,3,42400.0,30,1,54,6.0,0,1,0
TX006084,P111,Prime Global,739,2,225000.0,0,1,21,3.8,0,1,0
TX006085,P006,Harbor Agro,715,3,138000.0,0,0,28,4.5,1,0,0
TX006086,P010,Delta Chemicals,676,3,100500.0,60,0,51,9.8,0,0,0
TX006087,P022,Sierra Metals,853,2,243900.0,30,1,46,21.1,0,1,0
TX006088,P046,Vega Agro,639,4,39700.0,60,0,56,9.8,0,0,1
TX006089,P098,Marina Agro,645,3,45700.0,30,1,57,17.9,0,0,0
TX006090,P076,Nordic Materials,601,3,56100.0,30,0,58,12.4,0,1,0
TX006091,P102,Falcon Power,793,1,202100.0,30,0,49,22.3,1,0,0
TX006092,P026,Summit Materials,715,3,223000.0,60,0,31,9.0,0,1,0
TX006093,P094,Union Chemicals,764,1,677200.0,30,0,48,17.2,0,1,0
TX006094,P078,Pacific Materials,826,1,303300.0,90,0,37,23.3,0,1,0
TX006095,P011,Corona Industries,670,3,214100.0,30,0,20,11.1,0,0,0
TX006096,P007,Cairo Grid Co,518,4,128600.0,60,3,19,1.3,0,0,1
TX006097,P061,Harbor Metals,636,2,60800.0,30,1,58,14.2,0,1,0
TX006098,P012,Prime Power,626,2,58800.0,30,0,60,4.8,1,0,0
TX006099,P067,Vega Materials,786,2,490800.0,90,2,51,21.9,1,0,0
TX006100,P002,Corona Agro,693,3,198400.0,30,1,25,3.1,1,0,1
TX006101,P071,Golden Metals,824,1,287900.0,30,0,47,27.6,0,0,0
TX006102,P077,Corona Energy,792,2,550500.0,30,1,37,19.6,0,1,0
TX006103,P105,Prime Logistics,501,4,79000.0,90,3,12,2.8,1,1,1
TX006104,P105,Prime Logistics,525,4,65800.0,60,3,12,2.8,1,1,1
TX006105,P001,Delta Power,703,2,106100.0,90,0,19,2.7,0,1,0
TX006106,P042,Corona Power,709,3,125700.0,30,0,25,12.4,1,0,0
TX006107,P011,Corona Industries,680,3,171100.0,60,0,20,10.5,0,0,0
TX006108,P076,Nordic Materials,628,3,74700.0,90,0,58,12.0,1,0,0
TX006109,P041,Falcon Industries,645,3,54900.0,30,2,63,7.4,1,1,1
TX006110,P075,Marina Industries,601,3,32500.0,60,1,49,11.7,0,0,0
TX006111,P067,Vega Materials,791,2,332700.0,0,0,51,21.0,1,1,0
TX006112,P055,Delta Energy,651,3,24200.0,90,2,53,11.1,1,1,0
TX006113,P084,Meridian Metals,765,1,369200.0,30,1,45,23.0,0,0,0
TX006114,P109,Delta Trading,839,1,429700.0,30,0,40,23.7,1,0,0
TX006115,P082,Union Materials,642,3,110300.0,0,1,14,11.6,0,0,0
TX006116,P108,Orient Power,690,3,39300.0,0,1,41,12.5,0,1,0
TX006117,P115,Vega Trading,694,2,174000.0,60,0,20,7.5,0,0,1
TX006118,P018,Marina Global,652,3,51600.0,60,1,58,15.6,0,1,0
TX006119,P112,Orient Materials,802,1,229300.0,60,1,45,24.2,0,1,0
TX006120,P100,Nordic Agro,674,3,254400.0,60,0,14,10.6,0,1,0
TX006121,P108,Orient Power,695,3,29800.0,30,0,41,12.8,1,0,0
TX006122,P003,Delta Materials,831,1,717300.0,30,1,41,19.9,1,1,0
TX006123,P115,Vega Trading,715,2,180400.0,60,0,20,7.7,0,0,0
TX006124,P037,Nordic Global,647,3,44100.0,90,1,45,14.0,0,0,1
TX006125,P110,Meridian Energy,807,1,360800.0,30,0,50,23.5,0,0,0
TX006126,P112,Orient Materials,808,1,227600.0,30,0,45,24.2,0,0,0
TX006127,P084,Meridian Metals,772,1,384400.0,90,0,45,23.1,1,0,0
TX006128,P114,Corona Logistics,748,1,575000.0,0,1,52,18.4,1,0,0
TX006129,P016,Aurora Energy,823,1,298200.0,30,0,45,27.6,0,1,0
TX006130,P022,Sierra Metals,840,2,223400.0,30,1,46,21.5,0,0,0
TX006131,P115,Vega Trading,672,2,117400.0,0,0,20,8.0,0,0,0
TX006132,P079,Golden Agro,675,2,31200.0,0,1,54,13.1,1,0,0
TX006133,P072,Meridian Logistics,654,3,37900.0,60,1,51,8.3,0,1,0
TX006134,P018,Marina Global,621,3,32000.0,30,1,58,16.2,0,0,0
TX006135,P114,Corona Logistics,749,1,551800.0,60,0,52,18.9,1,0,0
TX006136,P118,Pacific Chemicals,766,1,352100.0,90,0,44,26.5,0,0,0
TX006137,P055,Delta Energy,690,3,67800.0,60,2,53,11.0,0,1,0
TX006138,P116,Aurora Materials,665,3,40100.0,90,2,55,9.9,0,0,1
TX006139,P002,Corona Agro,696,3,193300.0,90,1,25,3.7,0,0,0
TX006140,P011,Corona Industries,682,3,159100.0,90,0,20,10.0,1,0,0
TX006141,P093,Union Global,862,2,335300.0,90,1,52,21.1,1,1,0
TX006142,P077,Corona Energy,807,2,287800.0,0,0,37,19.3,0,0,0
TX006143,P034,Union Trading,756,2,293700.0,30,2,54,18.1,1,1,0
TX006144,P009,Falcon Global,618,3,72000.0,0,1,51,7.7,0,0,0
TX006145,P056,Union Agro,718,2,192800.0,60,0,22,7.8,0,0,0
TX006146,P098,Marina Agro,636,3,43100.0,30,1,57,16.7,0,0,0
TX006147,P043,Atlas Chemicals,798,2,901500.0,60,0,46,22.2,0,0,0
TX006148,P110,Meridian Energy,778,1,275600.0,60,0,50,22.7,0,0,0
TX006149,P037,Nordic Global,680,3,45900.0,0,1,45,13.8,1,1,0
TX006150,P099,Aurora Global,665,1,136100.0,60,1,26,10.6,1,0,0
TX006151,P120,Orient Chemicals,634,2,74100.0,60,0,50,13.1,0,0,0
TX006152,P055,Delta Energy,685,3,72000.0,30,3,53,11.3,0,1,1
TX006153,P120,Orient Chemicals,632,2,120900.0,30,0,50,13.5,1,1,0
TX006154,P118,Pacific Chemicals,774,1,262700.0,0,0,44,26.1,1,0,0
TX006155,P088,Falcon Trading,609,3,38400.0,60,1,43,13.0,1,0,1
TX006156,P104,Summit Energy,830,2,552100.0,30,1,41,21.9,1,0,0
TX006157,P080,Harbor Global,523,4,141100.0,30,4,20,5.2,0,0,1
TX006158,P115,Vega Trading,711,2,189300.0,60,2,20,7.9,1,1,0
TX006159,P030,Golden Energy,498,5,96500.0,30,5,5,7.8,0,1,1
TX006160,P055,Delta Energy,674,3,57300.0,60,2,53,10.6,0,1,0
TX006161,P099,Aurora Global,660,1,111300.0,30,2,26,11.7,0,0,0
TX006162,P002,Corona Agro,700,3,150400.0,60,1,25,4.8,0,1,0
TX006163,P027,Summit Power,717,3,84500.0,30,0,21,3.7,0,1,0
TX006164,P014,Orient Global,812,1,363100.0,60,0,44,17.4,1,0,0
TX006165,P077,Corona Energy,795,2,572400.0,60,0,37,18.6,0,0,0
TX006166,P015,Crest Materials,780,1,345000.0,60,1,34,24.6,0,0,0
TX006167,P021,Harbor Power,667,3,94700.0,30,1,15,13.0,0,0,0
TX006168,P102,Falcon Power,775,1,276800.0,0,0,49,22.7,0,0,0
TX006169,P041,Falcon Industries,626,3,42500.0,0,1,63,7.2,0,1,0
TX006170,P009,Falcon Global,629,3,31500.0,0,1,51,9.5,0,0,1
TX006171,P037,Nordic Global,665,3,39000.0,90,2,45,14.3,1,0,0
TX006172,P067,Vega Materials,814,2,544200.0,60,0,51,21.4,0,0,0
TX006173,P111,Prime Global,754,2,166800.0,30,0,21,4.6,0,0,0
TX006174,P114,Corona Logistics,739,1,266400.0,60,1,52,19.5,0,0,0
TX006175,P076,Nordic Materials,631,3,35900.0,30,1,58,12.3,0,1,0
TX006176,P013,Orient Logistics,752,2,416400.0,60,0,37,18.6,0,0,0
TX006177,P084,Meridian Metals,737,1,253500.0,30,0,45,22.1,0,0,0
TX006178,P035,Sierra Materials,661,3,61800.0,60,1,66,9.6,0,0,0
TX006179,P061,Harbor Metals,652,2,48300.0,90,1,58,14.2,0,0,0
TX006180,P113,Meridian Agro,597,3,55500.0,0,1,52,8.5,1,0,0
TX006181,P096,Prime Materials,778,2,648400.0,0,0,50,24.7,1,1,0
TX006182,P020,Corona Materials,676,3,65400.0,90,1,40,14.6,1,1,0
TX006183,P051,Union Energy,694,3,45800.0,30,0,51,10.9,0,1,0
TX006184,P100,Nordic Agro,682,3,223700.0,0,1,14,11.2,0,1,0
TX006185,P066,Orient Energy,620,3,29700.0,90,1,54,6.4,0,0,1
TX006186,P045,Meridian Materials,693,4,31400.0,60,2,51,10.5,0,0,1
TX006187,P114,Corona Logistics,764,1,236300.0,30,1,52,18.3,0,0,0
TX006188,P109,Delta Trading,819,1,362800.0,30,0,40,22.7,0,1,0
TX006189,P061,Harbor Metals,677,2,52100.0,90,1,58,15.3,0,1,1
TX006190,P114,Corona Logistics,752,1,207700.0,30,1,52,19.4,1,0,0
TX006191,P007,Cairo Grid Co,522,4,125900.0,60,3,19,2.1,0,0,1
TX006192,P101,Aurora Agro,701,3,178900.0,90,1,12,6.1,0,1,0
TX006193,P034,Union Trading,747,2,362400.0,60,0,54,17.9,0,0,0
TX006194,P036,Prime Trading,730,1,161100.0,30,1,40,23.2,0,0,0
TX006195,P014,Orient Global,816,1,464100.0,90,0,44,17.7,0,1,0
TX006196,P089,Golden Power,811,1,205300.0,90,0,45,24.6,0,0,0
TX006197,P012,Prime Power,631,2,38600.0,30,1,60,5.4,0,0,0
TX006198,P118,Pacific Chemicals,773,1,296100.0,90,1,44,26.7,1,1,0
TX006199,P114,Corona Logistics,735,1,650700.0,30,0,52,18.5,0,0,0
TX006200,P066,Orient Energy,626,3,24600.0,60,1,54,5.7,0,0,0
TX006201,P003,Delta Materials,827,1,381100.0,30,1,41,19.3,0,0,0
TX006202,P051,Union Energy,687,3,98300.0,60,0,51,10.7,0,1,0
TX006203,P068,Cobalt Trading,719,4,201800.0,60,0,21,0.5,0,1,0
TX006204,P041,Falcon Industries,638,3,43200.0,90,1,63,6.9,0,1,0
TX006205,P114,Corona Logistics,749,1,376800.0,60,0,52,19.1,0,1,0
TX006206,P005,Zenith Trading,625,3,34000.0,30,1,56,18.1,0,0,0
TX006207,P078,Pacific Materials,827,1,173200.0,60,1,37,22.8,0,0,0
TX006208,P018,Marina Global,645,3,35000.0,30,2,58,15.2,1,1,0
TX006209,P024,Zenith Energy,685,3,122000.0,90,0,16,7.8,0,0,0
TX006210,P058,Zenith Logistics,750,3,322600.0,0,0,19,8.2,0,1,0
TX006211,P098,Marina Agro,671,3,33800.0,60,1,57,18.7,0,0,0
TX006212,P117,Falcon Energy,682,2,51400.0,30,1,50,7.8,0,1,0
TX006213,P028,Pacific Global,628,2,42800.0,90,1,51,13.5,1,1,1
TX006214,P116,Aurora Materials,666,3,46000.0,30,5,55,9.7,0,1,0
TX006215,P055,Delta Energy,679,3,35500.0,90,2,53,10.7,0,1,0
TX006216,P009,Falcon Global,622,3,33700.0,30,2,51,9.7,0,0,0
TX006217,P105,Prime Logistics,517,4,65200.0,90,4,12,3.0,0,1,1
TX006218,P071,Golden Metals,795,1,341100.0,30,0,47,27.2,0,1,0
TX006219,P119,Meridian Chemicals,646,1,99000.0,90,1,25,11.9,0,1,0
TX006220,P054,Golden Global,642,3,51500.0,0,2,58,15.5,0,1,0
TX006221,P071,Golden Metals,780,1,280500.0,0,2,47,27.4,0,0,0
TX006222,P009,Falcon Global,625,3,28100.0,60,2,51,9.8,1,1,0
TX006223,P031,Vega Power,778,2,472800.0,60,0,38,17.4,1,0,0
TX006224,P064,Zenith Chemicals,656,4,26100.0,60,1,44,7.0,0,0,1
TX006225,P036,Prime Trading,758,1,185000.0,0,0,40,23.6,1,1,0
TX006226,P082,Union Materials,668,3,118300.0,0,1,14,12.9,1,0,0
TX006227,P054,Golden Global,654,3,56300.0,30,1,58,16.7,0,1,0
TX006228,P105,Prime Logistics,518,4,95300.0,30,3,12,2.6,0,1,1
TX006229,P061,Harbor Metals,654,2,35900.0,30,1,58,15.8,0,0,1
TX006230,P098,Marina Agro,642,3,26600.0,30,1,57,16.6,0,1,0
TX006231,P108,Orient Power,687,3,38400.0,0,0,41,11.9,1,0,0
TX006232,P104,Summit Energy,824,2,612700.0,0,1,41,21.7,1,0,0
TX006233,P076,Nordic Materials,620,3,93400.0,0,0,58,11.8,0,0,0
TX006234,P105,Prime Logistics,493,4,49500.0,60,3,12,2.6,1,1,1
TX006235,P055,Delta Energy,677,3,35200.0,0,2,53,10.5,0,1,1
TX006236,P035,Sierra Materials,673,3,37900.0,90,1,66,8.2,0,1,0
TX006237,P051,Union Energy,704,3,58300.0,60,1,51,11.5,0,0,1
TX006238,P055,Delta Energy,679,3,43900.0,60,2,53,10.6,0,1,0
TX006239,P014,Orient Global,822,1,575600.0,60,0,44,17.8,1,1,0
TX006240,P075,Marina Industries,616,3,21400.0,60,1,49,11.4,0,1,0
TX006241,P117,Falcon Energy,685,2,53300.0,0,2,50,7.4,0,0,0
TX006242,P045,Meridian Materials,694,4,57200.0,30,2,51,10.4,1,1,0
TX006243,P045,Meridian Materials,686,4,68600.0,60,1,51,10.7,0,0,0
TX006244,P001,Delta Power,703,2,177400.0,60,1,19,2.2,0,1,0
TX006245,P035,Sierra Materials,663,3,61400.0,30,1,66,9.4,0,0,0
TX006246,P096,Prime Materials,781,2,445900.0,0,0,50,23.7,0,1,0
TX006247,P107,Prime Metals,788,2,242200.0,0,1,47,23.7,0,0,0
TX006248,P075,Marina Industries,603,3,38900.0,30,1,49,11.7,0,0,0
TX006249,P011,Corona Industries,658,3,94000.0,90,0,20,10.6,1,1,0
TX006250,P005,Zenith Trading,615,3,30200.0,90,1,56,17.7,1,1,0
TX006251,P117,Falcon Energy,669,2,95100.0,30,2,50,8.2,0,1,0
TX006252,P117,Falcon Energy,674,2,65300.0,90,1,50,8.4,0,0,1
TX006253,P055,Delta Energy,679,3,84200.0,90,2,53,10.9,0,0,1
TX006254,P028,Pacific Global,624,2,50300.0,60,1,51,15.0,1,0,0
TX006255,P078,Pacific Materials,810,1,318000.0,30,1,37,22.1,0,1,0
TX006256,P048,Orient Metals,619,2,34100.0,0,1,45,12.3,0,0,0
TX006257,P041,Falcon Industries,613,3,43500.0,0,1,63,7.2,1,1,0
TX006258,P099,Aurora Global,684,1,118800.0,30,1,26,11.1,1,1,0
TX006259,P096,Prime Materials,774,2,505900.0,0,2,50,23.0,0,0,0
TX006260,P120,Orient Chemicals,635,2,61400.0,0,2,50,13.7,1,1,1
TX006261,P046,Vega Agro,639,4,29300.0,0,0,56,10.0,0,1,0
TX006262,P014,Orient Global,808,1,441200.0,0,0,44,18.5,0,1,0
TX006263,P005,Zenith Trading,591,3,34800.0,0,1,56,17.7,1,1,0
TX006264,P001,Delta Power,721,2,163700.0,0,0,19,2.4,0,0,0
TX006265,P023,Sierra Trading,499,4,135100.0,0,2,19,3.6,1,0,1
TX006266,P093,Union Global,819,2,557200.0,60,1,52,21.1,0,0,0
TX006267,P108,Orient Power,662,3,42000.0,90,0,41,11.7,1,0,0
TX006268,P064,Zenith Chemicals,659,4,22100.0,0,1,44,7.0,1,1,0
TX006269,P079,Golden Agro,649,2,34600.0,30,0,54,13.1,0,0,0
TX006270,P094,Union Chemicals,758,1,773100.0,60,1,48,16.6,1,1,0
TX006271,P051,Union Energy,670,3,44800.0,30,1,51,11.1,0,1,0
TX006272,P046,Vega Agro,628,4,69100.0,60,2,56,9.9,1,0,0
TX006273,P090,Falcon Agro,810,2,248600.0,90,1,36,21.1,1,1,0
TX006274,P035,Sierra Materials,658,3,34000.0,90,2,66,9.3,0,1,0
TX006275,P101,Aurora Agro,679,3,145000.0,0,0,12,7.3,0,1,0
TX006276,P093,Union Global,843,2,793900.0,30,2,52,21.1,0,1,0
TX006277,P095,Meridian Trading,811,2,316600.0,30,0,44,20.8,0,0,0
TX006278,P095,Meridian Trading,805,2,276000.0,60,0,44,21.3,0,1,0
TX006279,P012,Prime Power,624,2,36000.0,60,1,60,4.8,0,0,0
TX006280,P089,Golden Power,805,1,195000.0,90,0,45,24.7,1,0,0
TX006281,P079,Golden Agro,675,2,26200.0,90,0,54,12.6,0,1,0
TX006282,P014,Orient Global,818,1,638100.0,30,0,44,17.9,0,1,0
TX006283,P104,Summit Energy,816,2,420200.0,30,1,41,22.5,0,1,0
TX006284,P058,Zenith Logistics,736,3,196100.0,60,0,19,8.6,0,0,0
TX006285,P072,Meridian Logistics,655,3,44800.0,30,0,51,9.6,1,1,0
TX006286,P073,Vega Metals,701,2,221800.0,90,2,23,10.1,1,1,0
TX006287,P089,Golden Power,820,1,367100.0,30,0,45,25.2,0,1,0
TX006288,P046,Vega Agro,626,4,58900.0,60,0,56,11.2,0,1,1
TX006289,P085,Pacific Agro,690,3,24600.0,30,1,55,15.9,1,1,0
TX006290,P079,Golden Agro,642,2,66000.0,90,0,54,14.4,1,0,0
TX006291,P006,Harbor Agro,678,3,86900.0,0,0,28,4.3,0,0,0
TX006292,P094,Union Chemicals,783,1,738400.0,30,0,48,16.9,1,0,0
TX006293,P043,Atlas Chemicals,785,2,622700.0,0,0,46,21.6,1,1,0
TX006294,P118,Pacific Chemicals,761,1,465300.0,30,0,44,26.5,0,1,0
TX006295,P008,Vega Logistics,704,2,218400.0,60,0,19,9.5,0,0,0
TX006296,P071,Golden Metals,789,1,176900.0,30,0,47,26.3,0,1,0
TX006297,P053,Summit Global,768,3,175500.0,60,0,14,10.8,1,0,0
TX006298,P066,Orient Energy,617,3,52000.0,30,1,54,5.7,0,1,0
TX006299,P089,Golden Power,835,1,260700.0,60,1,45,24.9,0,1,0
TX006300,P063,Prime Agro,485,4,113600.0,90,2,13,0.7,0,1,1
TX006301,P028,Pacific Global,633,2,51900.0,0,1,51,14.3,0,0,0
TX006302,P110,Meridian Energy,812,1,422900.0,90,0,50,23.2,0,0,0
TX006303,P071,Golden Metals,793,1,411000.0,60,0,47,27.2,0,0,0
TX006304,P013,Orient Logistics,753,2,254700.0,60,1,37,18.9,1,1,0
TX006305,P117,Falcon Energy,681,2,63300.0,60,1,50,7.7,1,0,0
TX006306,P044,Summit Agro,722,2,270200.0,60,1,23,8.4,0,0,0
TX006307,P009,Falcon Global,617,3,42700.0,0,1,51,10.1,0,1,0
TX006308,P056,Union Agro,722,2,110100.0,90,0,22,7.6,0,0,0
TX006309,P071,Golden Metals,777,1,252200.0,90,0,47,27.5,0,0,0
TX006310,P095,Meridian Trading,821,2,239000.0,60,0,44,20.5,1,0,0
TX006311,P003,Delta Materials,845,1,389100.0,0,2,41,19.3,0,1,0
TX006312,P087,Corona Metals,677,2,109000.0,30,1,19,12.5,0,0,1
TX006313,P028,Pacific Global,620,2,83800.0,0,1,51,14.3,0,1,0
TX006314,P013,Orient Logistics,746,2,260900.0,0,0,37,18.5,0,0,0
TX006315,P077,Corona Energy,808,2,1026400.0,90,1,37,19.2,1,0,0
TX006316,P022,Sierra Metals,831,2,166700.0,30,1,46,22.3,1,1,0
TX006317,P043,Atlas Chemicals,815,2,279300.0,0,0,46,21.8,0,0,0
TX006318,P118,Pacific Chemicals,798,1,149000.0,90,0,44,27.1,0,1,0
TX006319,P011,Corona Industries,681,3,175800.0,60,1,20,11.3,0,0,0
TX006320,P077,Corona Energy,803,2,235300.0,90,1,37,18.2,0,1,0
TX006321,P014,Orient Global,791,1,891600.0,30,0,44,18.8,0,1,0
TX006322,P094,Union Chemicals,774,1,1092100.0,30,1,48,16.2,1,0,0
TX006323,P093,Union Global,854,2,537400.0,30,1,52,20.0,0,1,0
TX006324,P035,Sierra Materials,652,3,23800.0,90,1,66,9.3,0,1,0
TX006325,P056,Union Agro,727,2,110200.0,30,0,22,8.0,0,1,0
TX006326,P028,Pacific Global,629,2,68400.0,30,1,51,13.9,0,1,0
TX006327,P091,Nordic Trading,858,2,305500.0,0,0,45,19.6,0,1,0
TX006328,P085,Pacific Agro,695,3,39400.0,30,1,55,16.3,1,1,0
TX006329,P037,Nordic Global,676,3,53000.0,60,1,45,13.9,0,0,0
TX006330,P090,Falcon Agro,827,2,370400.0,30,0,36,20.6,1,1,0
TX006331,P029,Atlas Global,420,5,210600.0,0,2,8,0.6,0,0,0
TX006332,P078,Pacific Materials,819,1,371000.0,90,0,37,22.6,1,1,0
TX006333,P036,Prime Trading,773,1,154500.0,60,0,40,23.0,1,1,0
TX006334,P117,Falcon Energy,683,2,79100.0,30,2,50,8.0,0,0,0
TX006335,P042,Corona Power,703,3,90800.0,90,2,25,12.0,0,0,1
TX006336,P044,Summit Agro,724,2,260500.0,60,0,23,8.7,0,1,0
TX006337,P043,Atlas Chemicals,788,2,303500.0,0,1,46,21.1,1,0,0
TX006338,P079,Golden Agro,645,2,33300.0,30,1,54,13.4,1,1,0
TX006339,P009,Falcon Global,627,3,64800.0,0,1,51,9.5,0,0,0
TX006340,P051,Union Energy,698,3,66500.0,60,0,51,11.4,0,1,0
TX006341,P035,Sierra Materials,668,3,24900.0,60,1,66,8.5,1,1,0
TX006342,P114,Corona Logistics,745,1,489000.0,60,2,52,19.5,1,0,0
TX006343,P051,Union Energy,687,3,63000.0,0,0,51,10.9,0,0,0
TX006344,P034,Union Trading,759,2,312900.0,30,0,54,18.1,0,0,0
TX006345,P005,Zenith Trading,621,3,49400.0,0,1,56,18.7,0,1,0
TX006346,P010,Delta Chemicals,686,3,66600.0,90,0,51,10.7,1,0,0
TX006347,P008,Vega Logistics,689,2,129200.0,0,0,19,9.2,0,1,0
TX006348,P095,Meridian Trading,827,2,261000.0,60,1,44,20.9,0,1,0
TX006349,P014,Orient Global,816,1,919000.0,30,0,44,18.4,0,0,0
TX006350,P049,Orient Trading,494,4,70900.0,0,3,9,5.8,1,0,1
TX006351,P051,Union Energy,688,3,34700.0,30,0,51,10.6,0,1,0
TX006352,P066,Orient Energy,616,3,58100.0,90,1,54,6.2,0,0,1
TX006353,P061,Harbor Metals,666,2,63900.0,30,1,58,15.2,0,0,0
TX006354,P076,Nordic Materials,620,3,46600.0,30,1,58,11.5,0,1,1
TX006355,P070,Crest Metals,824,1,420400.0,60,0,45,23.9,0,0,0
TX006356,P066,Orient Energy,603,3,52900.0,60,1,54,5.7,1,1,0
TX006357,P069,Sierra Global,640,2,112100.0,60,1,31,4.2,0,1,0
TX006358,P061,Harbor Metals,667,2,43900.0,60,1,58,15.3,0,1,0
TX006359,P088,Falcon Trading,609,3,52200.0,0,1,43,12.3,1,0,0
TX006360,P114,Corona Logistics,764,1,360900.0,30,0,52,19.9,1,0,0
TX006361,P049,Orient Trading,496,4,72800.0,30,4,9,6.5,0,1,1
TX006362,P020,Corona Materials,669,3,53900.0,0,0,40,15.1,0,0,0
TX006363,P010,Delta Chemicals,664,3,69100.0,30,0,51,10.9,0,1,0
TX006364,P093,Union Global,823,2,388900.0,0,2,52,21.0,0,1,0
TX006365,P095,Meridian Trading,818,2,198100.0,0,0,44,20.4,0,0,0
TX006366,P079,Golden Agro,665,2,40900.0,30,0,54,12.9,1,1,0
TX006367,P012,Prime Power,654,2,32400.0,0,0,60,4.1,1,1,0
TX006368,P010,Delta Chemicals,670,3,40100.0,90,0,51,10.3,0,1,1
TX006369,P027,Summit Power,720,3,70000.0,60,0,21,3.4,1,1,0
TX006370,P062,Aurora Industries,662,3,105500.0,30,1,33,8.0,1,0,0
TX006371,P018,Marina Global,635,3,58000.0,60,1,58,14.5,1,1,0
TX006372,P120,Orient Chemicals,625,2,39200.0,60,1,50,13.0,0,1,0
TX006373,P108,Orient Power,691,3,57900.0,30,2,41,11.9,0,0,0
TX006374,P117,Falcon Energy,694,2,52800.0,60,2,50,8.3,0,1,1
TX006375,P044,Summit Agro,716,2,394800.0,60,0,23,8.4,0,1,0
TX006376,P055,Delta Energy,682,3,27600.0,60,2,53,10.8,0,0,0
TX006377,P040,Union Power,715,3,145600.0,30,1,15,4.1,1,1,1
TX006378,P104,Summit Energy,835,2,551500.0,30,1,41,22.5,0,0,0
TX006379,P091,Nordic Trading,855,2,280600.0,0,0,45,19.5,0,0,0
TX006380,P061,Harbor Metals,652,2,41700.0,0,1,58,14.3,0,0,0
TX006381,P049,Orient Trading,505,4,62400.0,0,3,9,6.4,1,0,1
TX006382,P070,Crest Metals,830,1,746100.0,30,0,45,23.2,0,1,0
TX006383,P094,Union Chemicals,767,1,562100.0,30,0,48,16.1,0,0,0
TX006384,P104,Summit Energy,843,2,549500.0,90,1,41,22.7,0,0,0
TX006385,P048,Orient Metals,606,2,62900.0,30,1,45,12.6,1,0,0
TX006386,P112,Orient Materials,786,1,227900.0,0,0,45,24.6,1,0,0
TX006387,P045,Meridian Materials,697,4,67400.0,60,1,51,10.6,0,0,0
TX006388,P009,Falcon Global,618,3,56400.0,30,1,51,8.2,0,1,0
TX006389,P120,Orient Chemicals,636,2,61800.0,90,0,50,11.9,0,0,0
TX006390,P076,Nordic Materials,634,3,60600.0,90,0,58,12.1,0,1,0
TX006391,P111,Prime Global,740,2,371700.0,90,0,21,4.6,0,0,1
TX006392,P002,Corona Agro,705,3,155400.0,90,2,25,4.1,0,0,0
TX006393,P096,Prime Materials,811,2,812300.0,0,0,50,23.7,1,0,0
TX006394,P091,Nordic Trading,843,2,376300.0,90,1,45,20.2,0,0,0
TX006395,P039,Nordic Chemicals,464,4,257800.0,30,3,12,8.5,0,0,1
TX006396,P098,Marina Agro,640,3,24200.0,60,1,57,17.3,1,1,0
TX006397,P114,Corona Logistics,767,1,498700.0,60,0,52,18.6,0,1,0
TX006398,P026,Summit Materials,718,3,97300.0,60,0,31,8.9,1,0,0
TX006399,P110,Meridian Energy,788,1,451800.0,30,0,50,23.1,0,0,0
TX006400,P048,Orient Metals,604,2,43900.0,60,2,45,11.4,0,0,0
TX006401,P091,Nordic Trading,882,2,292000.0,30,1,45,19.6,0,1,0
TX006402,P120,Orient Chemicals,644,2,92600.0,60,0,50,12.8,1,1,0
TX006403,P118,Pacific Chemicals,783,1,298300.0,0,1,44,26.8,0,0,0
TX006404,P071,Golden Metals,803,1,148100.0,60,1,47,28.0,0,1,0
TX006405,P113,Meridian Agro,606,3,89800.0,0,1,52,9.1,0,1,0
TX006406,P112,Orient Materials,792,1,467900.0,30,0,45,23.1,0,1,0
TX006407,P039,Nordic Chemicals,474,4,122800.0,30,3,12,7.0,0,0,1
TX006408,P039,Nordic Chemicals,467,4,137800.0,0,3,12,8.2,0,0,1
TX006409,P102,Falcon Power,782,1,177400.0,60,0,49,23.3,0,0,0
TX006410,P018,Marina Global,645,3,31300.0,30,2,58,16.6,0,0,1
TX006411,P035,Sierra Materials,673,3,34300.0,0,1,66,9.7,1,1,0
TX006412,P093,Union Global,838,2,531600.0,60,1,52,20.5,0,1,0
TX006413,P014,Orient Global,817,1,444100.0,60,0,44,19.3,0,0,0
TX006414,P070,Crest Metals,820,1,872900.0,90,0,45,24.1,0,0,0
TX006415,P028,Pacific Global,642,2,79100.0,30,1,51,15.1,0,0,0
TX006416,P114,Corona Logistics,752,1,517700.0,90,0,52,19.7,0,0,0
TX006417,P067,Vega Materials,781,2,342200.0,30,0,51,21.9,0,0,0
TX006418,P012,Prime Power,654,2,21800.0,0,0,60,4.0,0,1,0
TX006419,P010,Delta Chemicals,682,3,66300.0,60,2,51,10.5,0,0,1
TX006420,P009,Falcon Global,632,3,48000.0,0,1,51,8.5,0,1,0
TX006421,P054,Golden Global,633,3,47700.0,90,1,58,16.3,0,1,0
TX006422,P067,Vega Materials,799,2,333500.0,90,0,51,21.0,0,1,0
TX006423,P071,Golden Metals,810,1,360500.0,0,1,47,27.3,1,1,0
TX006424,P005,Zenith Trading,609,3,29600.0,30,1,56,19.3,1,0,0
TX006425,P023,Sierra Trading,480,4,176300.0,60,3,19,2.9,1,0,1
TX006426,P037,Nordic Global,683,3,52300.0,60,1,45,14.1,0,0,0
TX006427,P067,Vega Materials,788,2,380800.0,60,0,51,21.5,0,0,0
TX006428,P061,Harbor Metals,627,2,26000.0,30,1,58,14.6,0,0,1
TX006429,P105,Prime Logistics,512,4,80600.0,60,3,12,3.2,0,1,1
TX006430,P110,Meridian Energy,806,1,607700.0,0,0,50,22.6,1,0,0
TX006431,P022,Sierra Metals,847,2,269500.0,0,1,46,21.5,0,1,0
TX006432,P108,Orient Power,708,3,39900.0,0,1,41,12.3,0,0,0
TX006433,P098,Marina Agro,648,3,48800.0,30,1,57,17.3,1,1,0
TX006434,P022,Sierra Metals,841,2,298700.0,60,1,46,21.8,0,1,0
TX006435,P050,Crest Chemicals,706,2,72100.0,0,2,14,2.2,0,0,0
TX006436,P117,Falcon Energy,687,2,64600.0,60,1,50,7.6,1,1,0
TX006437,P039,Nordic Chemicals,498,4,154500.0,0,5,12,6.9,0,1,1
TX006438,P079,Golden Agro,674,2,57100.0,60,0,54,14.0,0,0,0
TX006439,P096,Prime Materials,780,2,647300.0,0,0,50,23.3,1,1,0
TX006440,P109,Delta Trading,819,1,349000.0,30,1,40,22.3,0,0,0
TX006441,P094,Union Chemicals,804,1,711200.0,0,0,48,16.6,0,1,0
TX006442,P012,Prime Power,636,2,38700.0,90,1,60,4.4,0,0,0
TX006443,P043,Atlas Chemicals,809,2,708400.0,90,1,46,22.8,0,1,0
TX006444,P014,Orient Global,810,1,594100.0,0,1,44,17.7,1,1,0
TX006445,P005,Zenith Trading,632,3,48300.0,30,1,56,18.3,0,0,0
TX006446,P092,Falcon Metals,661,2,44800.0,60,1,47,16.5,0,0,1
TX006447,P046,Vega Agro,608,4,46700.0,30,0,56,10.3,0,0,0
TX006448,P078,Pacific Materials,800,1,192300.0,30,0,37,22.1,0,1,0
TX006449,P114,Corona Logistics,749,1,614800.0,30,0,52,19.2,0,1,0
TX006450,P070,Crest Metals,834,1,558300.0,30,1,45,23.8,0,0,0
TX006451,P062,Aurora Industries,666,3,129800.0,60,1,33,8.7,1,1,0
TX006452,P050,Crest Chemicals,685,2,144900.0,30,1,14,3.0,1,1,0
TX006453,P051,Union Energy,706,3,57800.0,30,1,51,10.0,0,0,0
TX006454,P089,Golden Power,785,1,397700.0,30,0,45,24.9,0,0,0
TX006455,P096,Prime Materials,816,2,504200.0,0,0,50,24.2,0,1,0
TX006456,P043,Atlas Chemicals,806,2,587900.0,30,0,46,22.1,1,1,0
TX006457,P003,Delta Materials,836,1,385000.0,30,2,41,19.7,0,0,0
TX006458,P080,Harbor Global,506,4,144700.0,30,2,20,4.3,0,0,1
TX006459,P077,Corona Energy,802,2,583700.0,30,1,37,19.2,1,1,0
TX006460,P009,Falcon Global,628,3,34300.0,30,1,51,8.5,0,1,0
TX006461,P035,Sierra Materials,661,3,31100.0,30,1,66,9.4,0,1,1
TX006462,P025,Crest Industries,711,2,109200.0,60,0,14,6.6,1,0,0
TX006463,P056,Union Agro,711,2,78000.0,30,0,22,8.6,1,0,0
TX006464,P035,Sierra Materials,656,3,58500.0,30,1,66,9.9,0,1,1
TX006465,P066,Orient Energy,622,3,40500.0,0,1,54,5.4,0,0,0
TX006466,P015,Crest Materials,765,1,177300.0,0,0,34,23.8,0,1,0
TX006467,P036,Prime Trading,755,1,365900.0,0,0,40,23.9,1,1,0
TX006468,P048,Orient Metals,605,2,41900.0,30,2,45,12.5,1,1,0
TX006469,P062,Aurora Industries,668,3,95700.0,90,1,33,8.0,0,0,0
TX006470,P108,Orient Power,681,3,25800.0,30,0,41,12.4,0,1,0
TX006471,P104,Summit Energy,826,2,357600.0,60,1,41,21.5,1,0,0
TX006472,P035,Sierra Materials,686,3,48500.0,0,1,66,8.4,0,1,0
TX006473,P085,Pacific Agro,693,3,41000.0,60,1,55,16.2,0,0,0
TX006474,P045,Meridian Materials,680,4,47800.0,30,2,51,10.1,0,0,0
TX006475,P108,Orient Power,703,3,40000.0,90,0,41,12.0,0,1,0
TX006476,P118,Pacific Chemicals,779,1,379800.0,30,0,44,27.1,1,0,0
TX006477,P057,Summit Industries,477,5,151300.0,90,4,4,2.3,1,1,1
TX006478,P078,Pacific Materials,830,1,354800.0,0,1,37,22.6,0,0,0
TX006479,P112,Orient Materials,825,1,346500.0,0,0,45,23.2,0,0,0
TX006480,P047,Pacific Metals,669,3,128400.0,60,1,11,6.7,1,0,0
TX006481,P089,Golden Power,804,1,222400.0,90,0,45,24.9,0,0,0
TX006482,P095,Meridian Trading,818,2,246800.0,30,0,44,20.9,0,0,1
TX006483,P107,Prime Metals,793,2,227400.0,60,0,47,23.1,1,0,0
TX006484,P020,Corona Materials,696,3,45000.0,0,0,40,15.0,0,1,0
TX006485,P054,Golden Global,651,3,23500.0,30,1,58,16.5,0,0,0
TX006486,P043,Atlas Chemicals,801,2,571800.0,30,0,46,22.1,0,1,0
TX006487,P012,Prime Power,622,2,37600.0,60,1,60,4.5,0,0,1
TX006488,P054,Golden Global,664,3,42000.0,60,1,58,15.7,1,0,0
TX006489,P014,Orient Global,814,1,392400.0,0,0,44,18.1,0,1,0
TX006490,P117,Falcon Energy,712,2,56400.0,60,1,50,6.8,0,1,0
TX006491,P113,Meridian Agro,624,3,41400.0,0,1,52,8.6,0,0,1
TX006492,P079,Golden Agro,657,2,36100.0,90,1,54,13.3,1,0,1
TX006493,P038,Marina Logistics,541,5,115700.0,90,2,14,4.0,0,0,0
TX006494,P102,Falcon Power,765,1,249400.0,30,0,49,23.8,1,1,0
TX006495,P076,Nordic Materials,650,3,39300.0,30,0,58,12.0,0,1,0
TX006496,P067,Vega Materials,774,2,339500.0,90,0,51,21.4,0,1,0
TX006497,P110,Meridian Energy,801,1,273800.0,30,0,50,23.2,0,0,0
TX006498,P110,Meridian Energy,796,1,328700.0,60,0,50,23.3,0,0,0
TX006499,P118,Pacific Chemicals,790,1,285400.0,30,0,44,26.0,1,0,0
TX006500,P089,Golden Power,794,1,576400.0,30,0,45,24.9,0,0,0
TX006501,P093,Union Global,830,2,584600.0,60,1,52,21.6,1,0,0
TX006502,P073,Vega Metals,696,2,187700.0,0,3,23,10.9,0,1,0
TX006503,P028,Pacific Global,596,2,47300.0,90,1,51,13.8,0,0,0
TX006504,P056,Union Agro,719,2,145800.0,0,0,22,7.8,0,1,0
TX006505,P090,Falcon Agro,823,2,374100.0,60,0,36,20.7,1,1,0
TX006506,P051,Union Energy,702,3,75400.0,30,3,51,11.7,0,1,0
TX006507,P111,Prime Global,735,2,114900.0,60,0,21,4.1,0,1,0
TX006508,P098,Marina Agro,666,3,57900.0,30,2,57,17.3,0,1,0
TX006509,P062,Aurora Industries,681,3,131800.0,30,1,33,8.5,0,0,0
TX006510,P096,Prime Materials,777,2,763300.0,60,0,50,23.3,0,0,0
TX006511,P108,Orient Power,688,3,21000.0,30,1,41,13.0,0,1,0
TX006512,P104,Summit Energy,812,2,375700.0,0,2,41,22.5,0,1,0
TX006513,P067,Vega Materials,775,2,545900.0,0,0,51,22.0,0,1,0
TX006514,P019,Cobalt Materials,495,4,42500.0,30,4,4,4.2,1,0,0
TX006515,P096,Prime Materials,803,2,437700.0,60,2,50,23.7,0,1,0
TX006516,P092,Falcon Metals,673,2,33500.0,0,1,47,15.4,0,1,0
TX006517,P024,Zenith Energy,701,3,183800.0,60,0,16,8.0,0,0,0
TX006518,P012,Prime Power,659,2,27700.0,60,0,60,5.1,0,0,0
TX006519,P021,Harbor Power,677,3,127100.0,60,0,15,12.8,1,1,0
TX006520,P005,Zenith Trading,627,3,34200.0,30,3,56,17.7,0,1,0
TX006521,P049,Orient Trading,495,4,50500.0,60,3,9,7.1,0,1,1
TX006522,P082,Union Materials,660,3,132600.0,0,1,14,11.9,0,1,0
TX006523,P011,Corona Industries,707,3,204300.0,60,0,20,10.0,0,0,1
TX006524,P076,Nordic Materials,615,3,53600.0,30,0,58,11.9,0,0,0
TX006525,P100,Nordic Agro,655,3,235200.0,0,0,14,12.0,0,0,0
TX006526,P035,Sierra Materials,668,3,67400.0,0,1,66,10.3,0,0,0
TX006527,P118,Pacific Chemicals,759,1,359100.0,0,0,44,26.5,0,0,0
TX006528,P050,Crest Chemicals,690,2,99400.0,60,1,14,2.9,1,1,0
TX006529,P106,Prime Industries,722,2,133600.0,30,2,20,8.1,1,0,0
TX006530,P111,Prime Global,740,2,113800.0,90,3,21,4.8,0,1,0
TX006531,P109,Delta Trading,830,1,330000.0,30,0,40,22.4,1,1,0
TX006532,P120,Orient Chemicals,640,2,47900.0,0,0,50,12.5,1,1,0
TX006533,P088,Falcon Trading,623,3,38800.0,30,1,43,13.0,1,0,0
TX006534,P016,Aurora Energy,804,1,280100.0,0,0,45,25.9,0,0,0
TX006535,P078,Pacific Materials,832,1,297700.0,30,0,37,22.5,0,0,0
TX006536,P081,Vega Industries,520,4,91100.0,60,2,6,6.2,1,0,0
TX006537,P063,Prime Agro,486,4,104300.0,60,3,13,0.8,1,0,0
TX006538,P063,Prime Agro,455,4,154900.0,0,2,13,0.9,0,0,1
TX006539,P006,Harbor Agro,693,3,95300.0,30,1,28,4.0,0,0,0
TX006540,P091,Nordic Trading,852,2,296200.0,30,0,45,20.1,0,1,0
TX006541,P094,Union Chemicals,767,1,634100.0,30,1,48,15.8,1,0,0
TX006542,P058,Zenith Logistics,736,3,143200.0,0,0,19,8.4,0,0,0
TX006543,P113,Meridian Agro,616,3,60300.0,30,2,52,9.2,0,0,1
TX006544,P085,Pacific Agro,679,3,34300.0,0,1,55,16.4,0,1,0
TX006545,P018,Marina Global,641,3,39600.0,60,2,58,15.7,0,0,1
TX006546,P019,Cobalt Materials,473,4,108900.0,90,3,4,3.7,0,1,1
TX006547,P009,Falcon Global,635,3,37200.0,60,1,51,9.1,0,1,0
TX006548,P012,Prime Power,626,2,40200.0,30,0,60,5.7,1,0,0
TX006549,P035,Sierra Materials,660,3,48400.0,90,1,66,9.4,0,0,1
TX006550,P039,Nordic Chemicals,478,4,144600.0,30,3,12,8.2,0,1,0
TX006551,P091,Nordic Trading,842,2,172500.0,60,0,45,20.0,0,0,0
TX006552,P035,Sierra Materials,683,3,38400.0,30,1,66,9.4,0,1,1
TX006553,P025,Crest Industries,685,2,335400.0,60,0,14,6.3,0,1,0
TX006554,P070,Crest Metals,819,1,523200.0,0,0,45,24.0,0,0,0
TX006555,P009,Falcon Global,631,3,45500.0,90,1,51,10.0,1,1,0
TX006556,P022,Sierra Metals,846,2,224900.0,30,1,46,21.1,0,1,0
TX006557,P088,Falcon Trading,630,3,54600.0,60,2,43,13.2,0,0,1
TX006558,P022,Sierra Metals,864,2,281500.0,30,1,46,22.2,1,0,0
TX006559,P030,Golden Energy,506,5,172200.0,60,6,5,7.7,0,0,1
TX006560,P095,Meridian Trading,830,2,313300.0,30,0,44,21.4,0,1,0
TX006561,P107,Prime Metals,804,2,184900.0,60,0,47,24.0,0,0,0
TX006562,P118,Pacific Chemicals,791,1,382300.0,60,0,44,27.1,0,1,0
TX006563,P098,Marina Agro,649,3,28000.0,30,1,57,17.3,0,1,0
TX006564,P104,Summit Energy,829,2,392000.0,60,1,41,22.0,0,1,0
TX006565,P020,Corona Materials,665,3,80100.0,0,1,40,14.9,0,0,0
TX006566,P021,Harbor Power,665,3,129000.0,60,0,15,12.8,0,0,0
TX006567,P005,Zenith Trading,624,3,32900.0,60,1,56,18.6,0,0,0
TX006568,P071,Golden Metals,790,1,203100.0,30,0,47,27.3,1,0,0
TX006569,P009,Falcon Global,621,3,42200.0,60,1,51,8.7,0,0,0
TX006570,P099,Aurora Global,698,1,153800.0,60,1,26,10.9,0,0,0
TX006571,P115,Vega Trading,711,2,163700.0,0,0,20,7.7,0,0,0
TX006572,P099,Aurora Global,671,1,131900.0,30,1,26,10.4,0,0,1
TX006573,P084,Meridian Metals,761,1,373300.0,30,0,45,23.2,0,1,0
TX006574,P022,Sierra Metals,844,2,205800.0,30,1,46,20.8,0,1,0
TX006575,P088,Falcon Trading,611,3,46600.0,90,1,43,13.2,1,1,0
TX006576,P007,Cairo Grid Co,507,4,93100.0,0,3,19,1.7,1,0,1
TX006577,P082,Union Materials,695,3,76800.0,0,1,14,12.1,0,0,0
TX006578,P089,Golden Power,832,1,299100.0,30,0,45,23.7,0,1,0
TX006579,P008,Vega Logistics,700,2,240700.0,60,0,19,10.6,0,1,0
TX006580,P016,Aurora Energy,806,1,178700.0,30,0,45,26.0,1,0,0
TX006581,P118,Pacific Chemicals,759,1,330000.0,90,1,44,26.5,1,1,0
TX006582,P047,Pacific Metals,665,3,142500.0,60,1,11,6.4,0,0,0
TX006583,P091,Nordic Trading,871,2,326000.0,0,0,45,20.3,1,0,0
TX006584,P061,Harbor Metals,666,2,44600.0,30,1,58,15.0,1,0,0
TX006585,P045,Meridian Materials,694,4,51000.0,60,2,51,10.6,1,0,1
TX006586,P118,Pacific Chemicals,794,1,224700.0,90,0,44,26.3,0,1,0
TX006587,P055,Delta Energy,691,3,51500.0,30,2,53,11.1,0,0,0
TX006588,P084,Meridian Metals,754,1,280700.0,30,1,45,22.7,0,1,0
TX006589,P061,Harbor Metals,652,2,62100.0,30,1,58,15.5,0,0,0
TX006590,P089,Golden Power,806,1,394300.0,0,0,45,24.7,1,0,0
TX006591,P083,Crest Agro,694,3,132100.0,60,0,19,7.6,0,0,1
TX006592,P035,Sierra Materials,672,3,57500.0,0,1,66,8.8,1,1,0
TX006593,P101,Aurora Agro,709,3,134500.0,60,0,12,7.4,0,0,1
TX006594,P066,Orient Energy,587,3,42600.0,60,2,54,5.5,1,0,1
TX006595,P108,Orient Power,709,3,24800.0,60,0,41,12.0,0,0,0
TX006596,P072,Meridian Logistics,629,3,52300.0,90,0,51,8.5,1,0,1
TX006597,P088,Falcon Trading,611,3,57700.0,60,1,43,11.4,0,1,0
TX006598,P089,Golden Power,806,1,179900.0,0,1,45,25.0,1,0,0
TX006599,P108,Orient Power,702,3,24300.0,0,0,41,11.3,1,0,0
TX006600,P075,Marina Industries,600,3,30800.0,0,1,49,11.1,0,1,0
TX006601,P014,Orient Global,811,1,501000.0,0,0,44,17.6,0,0,0
TX006602,P059,Falcon Materials,679,2,187400.0,60,2,21,9.2,1,0,1
TX006603,P087,Corona Metals,670,2,132100.0,60,1,19,12.7,1,0,0
TX006604,P046,Vega Agro,625,4,27800.0,60,0,56,9.9,0,1,0
TX006605,P118,Pacific Chemicals,780,1,185300.0,30,0,44,26.8,0,0,0
TX006606,P001,Delta Power,715,2,210300.0,60,0,19,3.0,1,1,0
TX006607,P037,Nordic Global,664,3,45400.0,60,1,45,14.0,0,0,0
TX006608,P016,Aurora Energy,837,1,307600.0,60,0,45,27.2,0,0,0
TX006609,P066,Orient Energy,617,3,59700.0,90,1,54,5.9,0,0,0
TX006610,P097,Marina Chemicals,812,2,441800.0,0,2,35,18.6,0,1,0
TX006611,P108,Orient Power,687,3,28500.0,90,0,41,12.1,0,0,0
TX006612,P073,Vega Metals,703,2,181000.0,30,1,23,11.0,1,0,0
TX006613,P018,Marina Global,638,3,40100.0,60,1,58,16.2,0,0,1
TX006614,P077,Corona Energy,809,2,480100.0,60,0,37,17.9,0,0,1
TX006615,P092,Falcon Metals,660,2,38300.0,0,1,47,16.3,0,0,0
TX006616,P062,Aurora Industries,678,3,62900.0,30,1,33,7.0,0,0,1
TX006617,P088,Falcon Trading,629,3,57700.0,60,2,43,13.2,1,0,0
TX006618,P051,Union Energy,679,3,79000.0,30,0,51,11.3,0,1,0
TX006619,P046,Vega Agro,641,4,71200.0,30,0,56,10.3,0,0,0
TX006620,P108,Orient Power,692,3,48900.0,60,0,41,11.8,0,0,0
TX006621,P018,Marina Global,649,3,33800.0,60,1,58,15.7,1,0,1
TX006622,P096,Prime Materials,784,2,582300.0,60,0,50,24.0,0,1,0
TX006623,P110,Meridian Energy,814,1,253500.0,60,0,50,23.3,0,0,0
TX006624,P012,Prime Power,630,2,41400.0,90,0,60,4.6,0,0,0
TX006625,P114,Corona Logistics,773,1,235200.0,90,0,52,19.5,0,1,0
TX006626,P072,Meridian Logistics,628,3,46000.0,30,1,51,8.4,0,0,0
TX006627,P091,Nordic Trading,830,2,252700.0,90,0,45,19.6,1,0,0
TX006628,P003,Delta Materials,849,1,355100.0,0,1,41,20.2,0,0,0
TX006629,P088,Falcon Trading,615,3,36100.0,0,1,43,13.4,0,0,0
TX006630,P011,Corona Industries,682,3,136600.0,90,1,20,10.4,0,1,0
TX006631,P066,Orient Energy,620,3,36500.0,90,1,54,5.9,0,1,1
TX006632,P048,Orient Metals,620,2,23500.0,30,1,45,12.2,0,1,1
TX006633,P009,Falcon Global,625,3,42800.0,90,1,51,9.1,1,0,0
TX006634,P109,Delta Trading,810,1,257500.0,0,0,40,23.8,0,0,0
TX006635,P005,Zenith Trading,627,3,24300.0,60,1,56,18.8,1,0,0
TX006636,P018,Marina Global,636,3,30200.0,30,1,58,15.5,0,0,0
TX006637,P079,Golden Agro,673,2,36000.0,0,0,54,13.4,0,0,0
TX006638,P065,Crest Global,688,2,129700.0,60,1,15,13.7,0,0,0
TX006639,P055,Delta Energy,691,3,33000.0,0,2,53,10.0,0,1,1
TX006640,P096,Prime Materials,812,2,391000.0,30,0,50,24.2,0,0,0
TX006641,P026,Summit Materials,720,3,266300.0,60,1,31,8.6,0,0,0
TX006642,P110,Meridian Energy,789,1,539000.0,60,1,50,22.8,0,1,0
TX006643,P066,Orient Energy,616,3,34000.0,30,1,54,6.0,0,1,0
TX006644,P082,Union Materials,667,3,99300.0,0,1,14,11.4,0,0,0
TX006645,P041,Falcon Industries,635,3,56400.0,90,1,63,6.7,0,1,0
TX006646,P022,Sierra Metals,850,2,104600.0,90,1,46,22.1,0,0,0
TX006647,P071,Golden Metals,798,1,236300.0,90,0,47,26.6,0,1,0
TX006648,P061,Harbor Metals,664,2,49700.0,30,1,58,14.5,1,1,0
TX006649,P036,Prime Trading,742,1,167300.0,30,1,40,22.3,1,0,0
TX006650,P085,Pacific Agro,691,3,60800.0,30,1,55,15.2,0,1,0
TX006651,P014,Orient Global,827,1,467300.0,90,0,44,18.6,0,0,0
TX006652,P061,Harbor Metals,662,2,57300.0,0,2,58,14.9,0,0,0
TX006653,P084,Meridian Metals,765,1,243300.0,90,0,45,22.6,1,1,0
TX006654,P098,Marina Agro,652,3,36000.0,60,1,57,17.8,1,0,0
TX006655,P005,Zenith Trading,620,3,18100.0,60,2,56,18.2,1,0,0
TX006656,P078,Pacific Materials,825,1,260700.0,60,0,37,23.0,0,1,0
TX006657,P113,Meridian Agro,628,3,50900.0,90,1,52,8.8,0,0,1
TX006658,P009,Falcon Global,638,3,19800.0,30,1,51,10.4,0,0,0
TX006659,P064,Zenith Chemicals,661,4,22500.0,30,2,44,7.1,1,0,0
TX006660,P087,Corona Metals,704,2,190500.0,30,1,19,13.1,1,0,0
TX006661,P018,Marina Global,604,3,37600.0,60,4,58,15.9,0,1,1
TX006662,P062,Aurora Industries,680,3,75100.0,60,1,33,7.5,1,1,0
TX006663,P071,Golden Metals,781,1,299600.0,60,0,47,27.4,0,0,0
TX006664,P067,Vega Materials,822,2,774600.0,60,0,51,20.8,0,1,0
TX006665,P006,Harbor Agro,715,3,135400.0,90,0,28,4.6,1,1,0
TX006666,P098,Marina Agro,663,3,32000.0,60,3,57,16.8,1,0,0
TX006667,P082,Union Materials,689,3,83200.0,30,1,14,12.3,0,0,1
TX006668,P045,Meridian Materials,686,4,77800.0,30,1,51,10.2,1,0,0
TX006669,P111,Prime Global,744,2,201200.0,60,0,21,3.8,1,0,0
TX006670,P041,Falcon Industries,640,3,38900.0,30,1,63,7.2,0,0,0
TX006671,P087,Corona Metals,676,2,165600.0,30,1,19,12.8,1,1,0
TX006672,P070,Crest Metals,836,1,423400.0,30,0,45,22.6,0,1,0
TX006673,P089,Golden Power,788,1,301400.0,60,0,45,25.2,0,1,1
TX006674,P089,Golden Power,794,1,391200.0,60,0,45,23.9,0,1,0
TX006675,P005,Zenith Trading,621,3,33500.0,30,1,56,18.5,1,1,0
TX006676,P089,Golden Power,805,1,214000.0,90,0,45,24.6,0,0,0
TX006677,P056,Union Agro,705,2,206900.0,60,0,22,7.6,1,1,0
TX006678,P032,Cobalt Logistics,724,3,131600.0,90,0,23,3.9,1,1,0
TX006679,P108,Orient Power,686,3,34500.0,60,1,41,10.8,0,0,1
TX006680,P058,Zenith Logistics,712,3,198500.0,60,1,19,9.1,0,1,1
TX006681,P009,Falcon Global,641,3,27000.0,30,1,51,9.4,0,1,0
TX006682,P045,Meridian Materials,674,4,47600.0,90,1,51,8.7,0,1,1
TX006683,P077,Corona Energy,806,2,628900.0,30,0,37,19.1,1,0,0
TX006684,P073,Vega Metals,719,2,268800.0,30,1,23,10.3,0,1,0
TX006685,P096,Prime Materials,795,2,396400.0,0,0,50,24.1,0,0,0
TX006686,P051,Union Energy,691,3,90400.0,90,0,51,11.7,0,0,1
TX006687,P035,Sierra Materials,674,3,52800.0,30,1,66,9.5,0,0,0
TX006688,P026,Summit Materials,721,3,145700.0,60,0,31,8.6,1,1,0
TX006689,P106,Prime Industries,727,2,97700.0,90,2,20,7.6,1,0,0
TX006690,P065,Crest Global,688,2,106300.0,60,1,15,13.4,0,1,1
TX006691,P021,Harbor Power,676,3,87300.0,90,3,15,11.8,0,0,1
TX006692,P062,Aurora Industries,670,3,83300.0,30,2,33,7.8,0,0,0
TX006693,P116,Aurora Materials,653,3,55600.0,90,2,55,10.0,1,1,1
TX006694,P071,Golden Metals,803,1,355200.0,0,0,47,26.6,0,1,0
TX006695,P089,Golden Power,815,1,390700.0,0,1,45,24.7,0,0,0
TX006696,P097,Marina Chemicals,808,2,288100.0,90,1,35,19.8,0,0,0
TX006697,P047,Pacific Metals,676,3,82400.0,0,1,11,7.2,1,0,0
TX006698,P012,Prime Power,646,2,58500.0,0,0,60,4.5,0,0,0
TX006699,P051,Union Energy,696,3,40100.0,30,1,51,9.7,1,1,0
TX006700,P066,Orient Energy,620,3,52300.0,0,1,54,5.3,0,1,0
TX006701,P093,Union Global,834,2,447000.0,30,1,52,19.8,0,0,0
TX006702,P095,Meridian Trading,793,2,342800.0,30,1,44,21.5,1,1,0
TX006703,P096,Prime Materials,796,2,497700.0,30,0,50,23.0,1,0,0
TX006704,P059,Falcon Materials,688,2,145900.0,60,2,21,9.2,0,1,0
TX006705,P042,Corona Power,692,3,159100.0,0,0,25,12.1,0,0,0
TX006706,P017,Lagos Agro Ltd,496,4,100800.0,0,4,7,3.9,0,1,1
TX006707,P071,Golden Metals,828,1,207900.0,60,1,47,26.6,1,1,0
TX006708,P120,Orient Chemicals,626,2,37200.0,30,1,50,12.6,0,1,0
TX006709,P018,Marina Global,663,3,43400.0,60,2,58,15.6,0,0,0
TX006710,P041,Falcon Industries,639,3,73700.0,30,1,63,7.0,0,1,0
TX006711,P054,Golden Global,635,3,39100.0,30,2,58,17.0,1,0,1
TX006712,P034,Union Trading,751,2,427700.0,30,0,54,17.2,0,1,0
TX006713,P056,Union Agro,703,2,139100.0,30,1,22,6.4,1,1,0
TX006714,P096,Prime Materials,785,2,421600.0,0,0,50,24.2,1,0,0
TX006715,P015,Crest Materials,771,1,255600.0,0,0,34,23.8,0,0,0
TX006716,P090,Falcon Agro,824,2,482900.0,30,0,36,21.0,0,1,0
TX006717,P046,Vega Agro,645,4,46600.0,60,1,56,10.4,0,1,0
TX006718,P012,Prime Power,632,2,38800.0,30,0,60,4.0,1,1,0
TX006719,P050,Crest Chemicals,694,2,156100.0,30,1,14,2.8,0,0,0
TX006720,P061,Harbor Metals,671,2,77800.0,30,1,58,15.5,0,0,0
TX006721,P015,Crest Materials,784,1,464800.0,30,0,34,25.4,1,0,0
TX006722,P029,Atlas Global,437,5,91900.0,30,2,8,0.5,0,1,1
TX006723,P038,Marina Logistics,491,5,111900.0,90,1,14,4.7,0,0,1
TX006724,P037,Nordic Global,670,3,50300.0,90,2,45,14.3,1,1,0
TX006725,P065,Crest Global,679,2,88900.0,60,0,15,14.0,0,1,0
TX006726,P041,Falcon Industries,637,3,68900.0,0,1,63,6.3,0,0,1
TX006727,P079,Golden Agro,660,2,28000.0,30,0,54,12.8,0,0,0
TX006728,P085,Pacific Agro,698,3,43100.0,90,2,55,15.4,1,1,1
TX006729,P004,Al-Rashid Trading,470,5,217800.0,90,2,6,5.9,0,0,1
TX006730,P104,Summit Energy,819,2,657700.0,60,2,41,21.9,0,0,0
TX006731,P070,Crest Metals,817,1,569200.0,30,0,45,23.0,0,1,0
TX006732,P049,Orient Trading,508,4,88500.0,90,3,9,5.0,0,1,1
TX006733,P064,Zenith Chemicals,637,4,61800.0,90,1,44,7.3,1,0,0
TX006734,P089,Golden Power,802,1,304600.0,30,1,45,24.9,0,0,0
TX006735,P102,Falcon Power,769,1,230300.0,30,0,49,22.1,0,0,0
TX006736,P012,Prime Power,633,2,25600.0,60,0,60,4.8,0,0,0
TX006737,P051,Union Energy,691,3,60000.0,30,0,51,10.9,1,1,0
TX006738,P078,Pacific Materials,858,1,407300.0,60,0,37,23.0,1,1,0
TX006739,P109,Delta Trading,819,1,368000.0,30,0,40,23.5,1,1,0
TX006740,P020,Corona Materials,677,3,65400.0,60,1,40,15.5,0,0,0
TX006741,P058,Zenith Logistics,715,3,311900.0,30,0,19,7.6,1,1,0
TX006742,P026,Summit Materials,734,3,106600.0,60,2,31,9.0,0,0,1
TX006743,P074,Aurora Logistics,466,5,110800.0,90,4,7,7.1,1,0,1
TX006744,P041,Falcon Industries,639,3,58200.0,60,1,63,6.8,0,1,0
TX006745,P069,Sierra Global,680,2,181100.0,60,1,31,4.8,0,0,0
TX006746,P114,Corona Logistics,740,1,244200.0,30,1,52,18.9,0,1,0
TX006747,P027,Summit Power,690,3,72800.0,30,0,21,4.1,0,1,0
TX006748,P094,Union Chemicals,782,1,1038700.0,60,0,48,16.7,0,1,0
TX006749,P079,Golden Agro,669,2,39000.0,0,0,54,13.1,0,0,0
TX006750,P009,Falcon Global,613,3,22000.0,0,2,51,9.1,0,1,0
TX006751,P046,Vega Agro,633,4,32400.0,60,0,56,10.4,0,1,1
TX006752,P048,Orient Metals,628,2,28500.0,30,1,45,11.2,1,0,0
TX006753,P116,Aurora Materials,653,3,45000.0,60,2,55,10.3,0,1,1
TX006754,P063,Prime Agro,463,4,137200.0,30,3,13,0.5,0,1,1
TX006755,P087,Corona Metals,685,2,119600.0,30,3,19,13.2,1,0,0
TX006756,P022,Sierra Metals,858,2,183900.0,30,1,46,20.9,1,0,0
TX006757,P093,Union Global,829,2,323300.0,30,1,52,20.8,0,0,0
TX006758,P009,Falcon Global,626,3,68800.0,0,1,51,8.6,0,0,1
TX006759,P098,Marina Agro,655,3,23900.0,30,1,57,17.6,0,1,0
TX006760,P079,Golden Agro,672,2,26000.0,0,0,54,13.4,1,0,0
TX006761,P009,Falcon Global,640,3,43000.0,0,2,51,8.5,0,1,0
TX006762,P062,Aurora Industries,654,3,128100.0,60,2,33,7.5,1,1,0
TX006763,P079,Golden Agro,674,2,30900.0,0,0,54,13.1,0,0,0
TX006764,P035,Sierra Materials,657,3,36800.0,60,1,66,9.6,0,0,1
TX006765,P038,Marina Logistics,532,5,68300.0,60,1,14,4.9,0,1,1
TX006766,P009,Falcon Global,644,3,30000.0,90,1,51,9.2,0,0,0
TX006767,P094,Union Chemicals,759,1,774500.0,60,0,48,16.5,0,0,0
TX006768,P092,Falcon Metals,684,2,90400.0,30,1,47,15.7,0,1,0
TX006769,P001,Delta Power,720,2,100000.0,60,0,19,1.9,0,1,1
TX006770,P067,Vega Materials,798,2,207100.0,30,0,51,21.0,0,0,0
TX006771,P011,Corona Industries,671,3,105400.0,30,0,20,10.8,0,1,0
TX006772,P118,Pacific Chemicals,797,1,218800.0,60,0,44,27.1,1,0,0
TX006773,P013,Orient Logistics,725,2,372900.0,30,0,37,18.7,0,1,0
TX006774,P095,Meridian Trading,821,2,420300.0,60,0,44,20.8,0,0,0
TX006775,P043,Atlas Chemicals,805,2,423600.0,90,0,46,21.6,1,0,0
TX006776,P071,Golden Metals,796,1,468700.0,90,0,47,27.3,0,0,0
TX006777,P113,Meridian Agro,604,3,61500.0,90,1,52,9.4,0,0,0
TX006778,P113,Meridian Agro,607,3,50000.0,30,2,52,8.5,0,1,0
TX006779,P010,Delta Chemicals,674,3,58800.0,30,0,51,9.8,1,1,0
TX006780,P078,Pacific Materials,811,1,264500.0,30,1,37,22.9,1,0,0
TX006781,P054,Golden Global,656,3,37800.0,30,1,58,16.1,0,0,0
TX006782,P089,Golden Power,800,1,481300.0,0,0,45,24.6,0,0,0
TX006783,P018,Marina Global,624,3,47000.0,0,1,58,14.5,1,1,0
TX006784,P094,Union Chemicals,768,1,657200.0,30,1,48,16.4,0,1,0
TX006785,P096,Prime Materials,783,2,631500.0,30,0,50,23.8,0,0,0
TX006786,P015,Crest Materials,765,1,378000.0,0,0,34,24.6,0,1,0
TX006787,P112,Orient Materials,810,1,315700.0,90,0,45,23.6,0,0,0
TX006788,P079,Golden Agro,665,2,26200.0,0,0,54,13.2,1,0,0
TX006789,P026,Summit Materials,731,3,98800.0,90,0,31,9.0,0,1,0
TX006790,P016,Aurora Energy,801,1,226000.0,60,0,45,27.1,0,1,0
TX006791,P018,Marina Global,642,3,36800.0,60,3,58,15.7,0,0,1
TX006792,P035,Sierra Materials,672,3,47700.0,60,2,66,9.2,0,0,1
TX006793,P104,Summit Energy,810,2,572100.0,30,1,41,22.5,0,1,0
TX006794,P088,Falcon Trading,619,3,56300.0,90,1,43,12.2,1,0,0
TX006795,P010,Delta Chemicals,685,3,70400.0,60,0,51,11.3,0,0,1
TX006796,P108,Orient Power,677,3,31500.0,30,2,41,12.1,0,0,0
TX006797,P061,Harbor Metals,659,2,65800.0,30,1,58,14.9,0,1,0
TX006798,P114,Corona Logistics,747,1,373000.0,0,0,52,19.1,0,0,0
TX006799,P077,Corona Energy,794,2,616700.0,60,0,37,18.7,0,1,0
TX006800,P022,Sierra Metals,862,2,200300.0,60,1,46,21.1,0,0,0
TX006801,P047,Pacific Metals,677,3,158200.0,30,2,11,6.7,0,1,0
TX006802,P111,Prime Global,750,2,133600.0,90,0,21,4.0,1,1,0
TX006803,P072,Meridian Logistics,633,3,40700.0,60,0,51,8.5,0,0,0
TX006804,P111,Prime Global,719,2,151200.0,90,0,21,4.5,0,1,0
TX006805,P009,Falcon Global,627,3,56000.0,60,1,51,9.1,0,0,0
TX006806,P044,Summit Agro,708,2,119200.0,60,0,23,8.8,0,1,0
TX006807,P012,Prime Power,631,2,34200.0,60,0,60,5.4,0,1,1
TX006808,P107,Prime Metals,789,2,298400.0,90,1,47,22.7,0,1,0
TX006809,P035,Sierra Materials,662,3,52000.0,30,1,66,8.4,0,1,0
TX006810,P033,Delta Industries,673,2,130900.0,60,1,24,5.6,0,1,1
TX006811,P029,Atlas Global,434,5,108100.0,90,2,8,0.7,0,0,1
TX006812,P102,Falcon Power,785,1,397400.0,60,0,49,21.8,0,0,0
TX006813,P080,Harbor Global,555,4,94000.0,30,2,20,3.6,1,0,0
TX006814,P117,Falcon Energy,677,2,92900.0,90,2,50,8.4,0,1,0
TX006815,P014,Orient Global,798,1,522500.0,30,0,44,18.4,0,0,0
TX006816,P119,Meridian Chemicals,652,1,128300.0,60,1,25,11.9,0,0,0
TX006817,P018,Marina Global,648,3,30900.0,90,2,58,15.1,0,0,1
TX006818,P041,Falcon Industries,618,3,64500.0,30,1,63,6.4,0,0,1
TX006819,P079,Golden Agro,663,2,30800.0,30,0,54,12.9,0,0,0
TX006820,P098,Marina Agro,655,3,31300.0,90,2,57,16.9,0,0,0
TX006821,P018,Marina Global,615,3,55800.0,0,2,58,15.4,0,0,0
TX006822,P104,Summit Energy,824,2,466900.0,30,2,41,21.9,0,1,0
TX006823,P041,Falcon Industries,616,3,24600.0,60,1,63,7.3,0,1,1
TX006824,P041,Falcon Industries,640,3,59300.0,30,1,63,5.6,0,0,0
TX006825,P034,Union Trading,764,2,671600.0,0,1,54,18.1,0,1,0
TX006826,P117,Falcon Energy,681,2,51100.0,60,2,50,8.4,1,1,0
TX006827,P095,Meridian Trading,812,2,316000.0,0,0,44,19.8,0,0,0
TX006828,P055,Delta Energy,693,3,56500.0,90,3,53,10.7,0,1,0
TX006829,P106,Prime Industries,707,2,170800.0,0,2,20,8.5,0,0,0
TX006830,P005,Zenith Trading,584,3,18500.0,30,1,56,18.4,0,1,0
TX006831,P045,Meridian Materials,676,4,59700.0,0,1,51,10.7,1,1,0
TX006832,P067,Vega Materials,806,2,396100.0,30,0,51,20.7,0,0,0
TX006833,P116,Aurora Materials,675,3,38000.0,90,4,55,10.3,0,0,1
TX006834,P028,Pacific Global,632,2,68300.0,30,2,51,14.6,0,1,0
TX006835,P048,Orient Metals,620,2,36100.0,0,1,45,12.7,0,1,0
TX006836,P034,Union Trading,758,2,393200.0,0,0,54,17.7,0,1,0
TX006837,P012,Prime Power,627,2,39400.0,30,0,60,4.7,1,1,1
TX006838,P022,Sierra Metals,832,2,135000.0,90,1,46,21.6,0,0,0
TX006839,P050,Crest Chemicals,711,2,111100.0,30,2,14,3.4,0,0,0
TX006840,P002,Corona Agro,693,3,81900.0,0,1,25,3.4,0,1,0
TX006841,P116,Aurora Materials,649,3,50000.0,30,2,55,10.0,0,0,0
TX006842,P051,Union Energy,647,3,45400.0,60,1,51,11.6,0,0,0
TX006843,P090,Falcon Agro,831,2,419800.0,90,1,36,20.8,0,1,0
TX006844,P112,Orient Materials,808,1,278200.0,60,0,45,24.2,0,1,0
TX006845,P003,Delta Materials,839,1,266600.0,60,1,41,19.7,0,0,0
TX006846,P116,Aurora Materials,670,3,39800.0,60,4,55,9.5,1,0,0
TX006847,P113,Meridian Agro,596,3,57100.0,30,1,52,8.7,0,1,1
TX006848,P050,Crest Chemicals,682,2,122400.0,60,1,14,3.0,1,0,0
TX006849,P112,Orient Materials,796,1,354100.0,60,0,45,23.8,1,1,0
TX006850,P044,Summit Agro,716,2,240700.0,60,0,23,9.3,0,1,0
TX006851,P061,Harbor Metals,649,2,32100.0,60,1,58,13.6,1,1,0
TX006852,P106,Prime Industries,720,2,112300.0,30,2,20,8.3,1,0,0
TX006853,P089,Golden Power,800,1,430300.0,60,0,45,23.6,1,1,0
TX006854,P071,Golden Metals,792,1,276400.0,30,0,47,27.1,1,0,0
TX006855,P091,Nordic Trading,863,2,382500.0,30,1,45,18.8,1,1,0
TX006856,P045,Meridian Materials,669,4,66700.0,0,2,51,10.7,1,0,0
TX006857,P005,Zenith Trading,608,3,26800.0,30,1,56,19.0,0,1,0
TX006858,P035,Sierra Materials,643,3,47400.0,30,1,66,9.0,0,1,0
TX006859,P051,Union Energy,690,3,63900.0,60,1,51,12.2,1,1,0
TX006860,P090,Falcon Agro,812,2,452100.0,60,0,36,20.7,1,1,0
TX006861,P095,Meridian Trading,813,2,427800.0,30,0,44,21.3,1,0,0
TX006862,P070,Crest Metals,837,1,669700.0,0,0,45,24.0,0,1,0
TX006863,P054,Golden Global,665,3,32200.0,30,1,58,15.8,0,1,0
TX006864,P054,Golden Global,633,3,48300.0,60,1,58,16.2,1,0,0
TX006865,P095,Meridian Trading,790,2,330000.0,30,0,44,21.1,1,0,0
TX006866,P108,Orient Power,677,3,46000.0,0,0,41,11.7,1,1,0
TX006867,P079,Golden Agro,656,2,43300.0,30,1,54,13.8,1,0,0
TX006868,P066,Orient Energy,606,3,41900.0,30,1,54,6.1,0,0,1
TX006869,P051,Union Energy,708,3,67100.0,60,0,51,10.7,0,0,0
TX006870,P067,Vega Materials,762,2,452200.0,60,0,51,20.4,1,0,0
TX006871,P088,Falcon Trading,620,3,66500.0,60,3,43,12.5,0,1,1
TX006872,P110,Meridian Energy,797,1,425800.0,90,0,50,22.2,0,1,0
TX006873,P087,Corona Metals,678,2,187000.0,60,1,19,11.6,0,1,0
TX006874,P094,Union Chemicals,771,1,375700.0,90,0,48,17.2,1,1,0
TX006875,P020,Corona Materials,683,3,57800.0,0,0,40,15.7,1,1,0
TX006876,P043,Atlas Chemicals,833,2,384900.0,60,0,46,23.3,0,1,0
TX006877,P008,Vega Logistics,739,2,104400.0,60,1,19,9.0,1,1,0
TX006878,P120,Orient Chemicals,649,2,94200.0,0,0,50,12.5,0,1,1
TX006879,P002,Corona Agro,701,3,209700.0,30,1,25,3.5,0,1,0
TX006880,P003,Delta Materials,846,1,501600.0,0,2,41,20.3,0,1,0
TX006881,P009,Falcon Global,615,3,37100.0,60,1,51,9.5,0,0,1
TX006882,P084,Meridian Metals,750,1,421200.0,60,0,45,23.7,0,0,0
TX006883,P055,Delta Energy,699,3,50800.0,30,3,53,10.9,0,1,0
TX006884,P005,Zenith Trading,619,3,60000.0,60,1,56,18.4,0,0,1
TX006885,P094,Union Chemicals,777,1,763500.0,30,2,48,15.4,0,0,0
TX006886,P061,Harbor Metals,655,2,58900.0,0,1,58,15.2,1,1,0
TX006887,P091,Nordic Trading,865,2,348500.0,30,0,45,19.9,0,0,0
TX006888,P020,Corona Materials,693,3,73800.0,30,0,40,14.3,0,1,0
TX006889,P064,Zenith Chemicals,663,4,33700.0,30,1,44,7.3,0,1,1
TX006890,P116,Aurora Materials,649,3,56700.0,60,2,55,10.3,1,0,0
TX006891,P062,Aurora Industries,685,3,108900.0,0,2,33,8.3,0,0,0
TX006892,P043,Atlas Chemicals,792,2,716300.0,30,1,46,21.8,0,0,0
TX006893,P083,Crest Agro,701,3,197400.0,60,0,19,6.9,0,0,0
TX006894,P035,Sierra Materials,654,3,31000.0,30,1,66,8.5,0,1,0
TX006895,P078,Pacific Materials,834,1,540100.0,60,1,37,22.1,1,0,0
TX006896,P098,Marina Agro,662,3,29200.0,60,1,57,17.2,1,1,0
TX006897,P005,Zenith Trading,591,3,24500.0,30,1,56,18.8,0,0,0
TX006898,P054,Golden Global,663,3,44500.0,90,1,58,16.6,0,0,0
TX006899,P003,Delta Materials,856,1,293300.0,90,1,41,20.8,0,0,0
TX006900,P089,Golden Power,821,1,280300.0,60,1,45,25.0,0,1,0
TX006901,P031,Vega Power,780,2,586300.0,0,1,38,17.4,0,1,0
TX006902,P024,Zenith Energy,701,3,158500.0,60,1,16,7.9,0,1,0
TX006903,P090,Falcon Agro,825,2,335900.0,60,0,36,20.6,1,0,0
TX006904,P104,Summit Energy,829,2,302800.0,60,1,41,22.0,0,0,0
TX006905,P093,Union Global,839,2,461500.0,0,1,52,20.2,0,0,0
TX006906,P085,Pacific Agro,654,3,36700.0,30,1,55,15.7,0,0,0
TX006907,P046,Vega Agro,635,4,55100.0,30,0,56,9.2,0,1,1
TX006908,P118,Pacific Chemicals,787,1,417300.0,60,0,44,27.7,0,0,0
TX006909,P037,Nordic Global,671,3,37700.0,0,1,45,14.0,0,1,0
TX006910,P096,Prime Materials,798,2,647800.0,30,0,50,23.0,0,0,0
TX006911,P054,Golden Global,649,3,34500.0,60,1,58,16.9,0,1,0
TX006912,P002,Corona Agro,694,3,240800.0,90,1,25,3.6,1,1,0
TX006913,P023,Sierra Trading,467,4,102100.0,30,2,19,2.6,0,1,1
TX006914,P075,Marina Industries,603,3,47600.0,30,2,49,12.5,0,0,1
TX006915,P010,Delta Chemicals,659,3,42900.0,90,0,51,11.4,0,0,0
TX006916,P041,Falcon Industries,626,3,35800.0,30,2,63,7.1,0,1,0
TX006917,P059,Falcon Materials,688,2,185500.0,60,2,21,9.6,0,0,0
TX006918,P041,Falcon Industries,632,3,43200.0,60,2,63,7.4,0,1,0
TX006919,P113,Meridian Agro,580,3,61300.0,90,2,52,9.0,0,0,1
TX006920,P033,Delta Industries,661,2,139900.0,30,0,24,6.0,0,0,1
TX006921,P046,Vega Agro,608,4,57800.0,60,0,56,9.7,0,0,1
TX006922,P079,Golden Agro,675,2,21800.0,0,0,54,12.8,0,0,0
TX006923,P099,Aurora Global,679,1,90500.0,60,1,26,11.3,1,0,0
TX006924,P097,Marina Chemicals,787,2,385000.0,60,2,35,19.4,0,1,0
TX006925,P079,Golden Agro,669,2,49000.0,0,0,54,12.4,0,0,1
TX006926,P099,Aurora Global,678,1,209700.0,30,1,26,11.3,1,0,0
TX006927,P002,Corona Agro,696,3,197800.0,90,1,25,4.1,0,0,0
TX006928,P054,Golden Global,649,3,56200.0,0,1,58,15.9,0,1,0
TX006929,P036,Prime Trading,773,1,191800.0,0,1,40,22.8,1,1,0
TX006930,P005,Zenith Trading,598,3,24500.0,60,1,56,18.0,0,0,1
TX006931,P093,Union Global,841,2,371200.0,60,1,52,20.7,0,0,0
TX006932,P072,Meridian Logistics,653,3,47700.0,60,0,51,7.6,0,0,0
TX006933,P112,Orient Materials,811,1,381700.0,90,0,45,23.2,0,1,0
TX006934,P084,Meridian Metals,750,1,358300.0,0,1,45,23.4,0,0,0
TX006935,P027,Summit Power,745,3,133600.0,0,0,21,2.3,0,1,1
TX006936,P120,Orient Chemicals,625,2,105500.0,0,0,50,13.1,0,0,0
TX006937,P003,Delta Materials,826,1,252100.0,90,2,41,20.5,0,0,0
TX006938,P104,Summit Energy,828,2,712800.0,90,1,41,23.0,1,1,0
TX006939,P114,Corona Logistics,730,1,339600.0,30,0,52,18.5,0,0,0
TX006940,P119,Meridian Chemicals,631,1,101900.0,90,1,25,11.5,1,1,0
TX006941,P043,Atlas Chemicals,801,2,601700.0,90,0,46,21.6,0,0,0
TX006942,P062,Aurora Industries,689,3,84900.0,30,1,33,7.5,0,0,0
TX006943,P114,Corona Logistics,747,1,276200.0,30,0,52,18.7,0,0,0
TX006944,P028,Pacific Global,628,2,90100.0,30,2,51,13.8,1,0,0
TX006945,P095,Meridian Trading,797,2,328600.0,60,0,44,21.3,1,1,0
TX006946,P119,Meridian Chemicals,637,1,109900.0,30,1,25,11.7,0,0,0
TX006947,P095,Meridian Trading,808,2,339700.0,0,1,44,20.3,0,1,0
TX006948,P102,Falcon Power,778,1,300300.0,0,0,49,22.9,0,1,0
TX006949,P072,Meridian Logistics,666,3,45100.0,90,0,51,8.6,1,1,0
TX006950,P072,Meridian Logistics,657,3,46000.0,90,0,51,8.2,1,0,0
TX006951,P109,Delta Trading,836,1,263100.0,60,0,40,23.9,0,0,0
TX006952,P117,Falcon Energy,672,2,82900.0,90,2,50,7.6,1,1,0
TX006953,P072,Meridian Logistics,638,3,25700.0,0,0,51,8.3,0,0,0
TX006954,P036,Prime Trading,730,1,235500.0,60,1,40,23.4,1,1,0
TX006955,P106,Prime Industries,717,2,210600.0,60,2,20,8.1,0,0,0
TX006956,P074,Aurora Logistics,480,5,177900.0,30,3,7,6.6,0,0,1
TX006957,P100,Nordic Agro,663,3,222200.0,60,0,14,11.1,0,1,0
TX006958,P012,Prime Power,630,2,31800.0,30,0,60,4.3,0,0,0
TX006959,P022,Sierra Metals,834,2,159600.0,60,1,46,21.2,1,1,0
TX006960,P117,Falcon Energy,684,2,48900.0,30,1,50,7.4,0,0,0
TX006961,P077,Corona Energy,810,2,376600.0,60,1,37,19.0,0,1,0
TX006962,P033,Delta Industries,710,2,170100.0,60,0,24,6.5,0,0,0
TX006963,P093,Union Global,826,2,472000.0,60,1,52,20.9,0,0,0
TX006964,P061,Harbor Metals,660,2,46300.0,60,2,58,15.3,0,0,0
TX006965,P032,Cobalt Logistics,702,3,182500.0,0,0,23,4.9,0,1,0
TX006966,P026,Summit Materials,734,3,176800.0,0,0,31,8.9,1,0,0
TX006967,P083,Crest Agro,703,3,127700.0,60,0,19,7.4,0,1,0
TX006968,P013,Orient Logistics,753,2,203200.0,30,1,37,18.2,0,1,0
TX006969,P067,Vega Materials,783,2,535000.0,30,0,51,21.6,0,0,0
TX006970,P012,Prime Power,632,2,41900.0,30,0,60,4.3,1,1,0
TX006971,P001,Delta Power,697,2,149000.0,60,0,19,3.0,0,1,0
TX006972,P098,Marina Agro,670,3,45000.0,60,2,57,18.0,0,0,0
TX006973,P031,Vega Power,782,2,587600.0,60,0,38,16.5,1,0,0
TX006974,P108,Orient Power,681,3,47100.0,30,1,41,11.6,0,1,0
TX006975,P068,Cobalt Trading,686,4,223700.0,30,0,21,0.5,1,1,0
TX006976,P108,Orient Power,700,3,27900.0,90,1,41,11.6,0,0,0
TX006977,P003,Delta Materials,831,1,496100.0,30,2,41,20.0,1,1,0
TX006978,P095,Meridian Trading,808,2,199200.0,60,0,44,20.7,0,1,0
TX006979,P104,Summit Energy,833,2,733100.0,0,2,41,22.7,1,0,0
TX006980,P048,Orient Metals,633,2,35700.0,30,1,45,12.0,0,0,0
TX006981,P071,Golden Metals,796,1,243100.0,0,1,47,27.4,0,1,0
TX006982,P012,Prime Power,622,2,38100.0,90,0,60,4.6,0,1,0
TX006983,P005,Zenith Trading,614,3,21300.0,60,1,56,17.9,0,1,0
TX006984,P042,Corona Power,697,3,90200.0,60,0,25,12.5,1,0,0
TX006985,P062,Aurora Industries,687,3,72900.0,90,1,33,8.5,0,0,0
TX006986,P032,Cobalt Logistics,706,3,207600.0,30,0,23,4.8,0,1,1
TX006987,P061,Harbor Metals,653,2,70900.0,90,1,58,16.4,1,0,1
TX006988,P115,Vega Trading,701,2,199800.0,60,1,20,8.4,0,0,0
TX006989,P033,Delta Industries,690,2,117900.0,60,1,24,6.5,0,0,0
TX006990,P014,Orient Global,823,1,447400.0,30,0,44,18.2,0,0,0
TX006991,P080,Harbor Global,551,4,161700.0,30,2,20,5.4,1,1,1
TX006992,P040,Union Power,712,3,160500.0,60,1,15,4.0,0,0,1
TX006993,P036,Prime Trading,744,1,233100.0,30,0,40,23.5,1,1,0
TX006994,P044,Summit Agro,696,2,208500.0,90,0,23,7.3,0,0,0
TX006995,P066,Orient Energy,620,3,37700.0,0,1,54,6.7,1,0,0
TX006996,P077,Corona Energy,778,2,462500.0,30,1,37,17.8,0,1,0
TX006997,P027,Summit Power,699,3,65300.0,60,0,21,3.8,0,1,1
TX006998,P092,Falcon Metals,693,2,36200.0,30,2,47,16.1,0,0,0
TX006999,P008,Vega Logistics,730,2,198200.0,30,1,19,10.0,1,1,0
TX007000,P035,Sierra Materials,662,3,45300.0,60,1,66,9.1,1,0,0
TX007001,P053,Summit Global,729,3,86900.0,30,0,14,10.0,0,0,0
TX007002,P118,Pacific Chemicals,791,1,162100.0,0,0,44,26.6,1,0,0
TX007003,P010,Delta Chemicals,665,3,63600.0,0,1,51,11.4,0,1,0
TX007004,P113,Meridian Agro,620,3,37800.0,60,3,52,8.1,0,1,0
TX007005,P034,Union Trading,767,2,380900.0,30,0,54,18.5,0,1,0
TX007006,P094,Union Chemicals,784,1,688400.0,0,0,48,16.9,0,1,0
TX007007,P023,Sierra Trading,487,4,57200.0,90,2,19,4.4,0,1,1
TX007008,P042,Corona Power,695,3,258100.0,60,0,25,12.5,0,1,0
TX007009,P042,Corona Power,717,3,140000.0,30,0,25,10.9,0,0,1
TX007010,P073,Vega Metals,713,2,262100.0,90,1,23,10.1,1,0,0
TX007011,P037,Nordic Global,666,3,49300.0,0,2,45,14.9,1,1,0
TX007012,P085,Pacific Agro,683,3,48600.0,60,2,55,15.9,1,1,0
TX007013,P014,Orient Global,808,1,583500.0,30,0,44,19.0,0,1,0
TX007014,P040,Union Power,725,3,91000.0,0,1,15,4.0,0,0,1
TX007015,P069,Sierra Global,655,2,142800.0,60,1,31,3.6,0,0,0
TX007016,P104,Summit Energy,830,2,572700.0,30,1,41,22.2,0,0,0
TX007017,P072,Meridian Logistics,645,3,50200.0,60,3,51,7.8,0,1,0
TX007018,P022,Sierra Metals,871,2,263400.0,0,1,46,21.9,0,1,0
TX007019,P008,Vega Logistics,693,2,91400.0,60,0,19,9.7,0,0,0
TX007020,P031,Vega Power,777,2,388900.0,30,1,38,17.9,0,0,0
TX007021,P102,Falcon Power,779,1,409500.0,60,0,49,23.2,0,0,0
TX007022,P038,Marina Logistics,537,5,83000.0,60,1,14,4.1,0,0,1
TX007023,P110,Meridian Energy,801,1,360300.0,60,0,50,22.9,0,1,0
TX007024,P014,Orient Global,830,1,449800.0,0,0,44,18.4,0,1,0
TX007025,P016,Aurora Energy,809,1,233100.0,0,0,45,27.5,0,1,0
TX007026,P091,Nordic Trading,848,2,226100.0,0,0,45,20.3,0,1,0
TX007027,P040,Union Power,734,3,172000.0,0,1,15,4.2,0,0,0
TX007028,P120,Orient Chemicals,643,2,75000.0,60,0,50,12.7,1,0,0
TX007029,P026,Summit Materials,757,3,129000.0,30,0,31,8.9,0,0,0
TX007030,P001,Delta Power,700,2,160100.0,60,0,19,2.7,1,0,0
TX007031,P023,Sierra Trading,475,4,128200.0,0,4,19,4.8,0,1,1
TX007032,P055,Delta Energy,677,3,32200.0,30,2,53,10.7,0,0,0
TX007033,P028,Pacific Global,628,2,74200.0,0,1,51,14.9,1,1,0
TX007034,P076,Nordic Materials,617,3,46900.0,30,0,58,11.1,0,0,1
TX007035,P062,Aurora Industries,669,3,130000.0,30,4,33,7.9,0,0,0
TX007036,P090,Falcon Agro,825,2,364500.0,60,0,36,20.1,1,0,0
TX007037,P053,Summit Global,743,3,126700.0,30,0,14,10.5,0,0,0
TX007038,P045,Meridian Materials,689,4,52900.0,60,1,51,10.2,0,0,0
TX007039,P083,Crest Agro,698,3,216300.0,0,0,19,8.6,0,0,0
TX007040,P042,Corona Power,729,3,153900.0,30,0,25,12.1,0,0,0
TX007041,P012,Prime Power,650,2,59900.0,30,1,60,4.0,0,0,0
TX007042,P078,Pacific Materials,835,1,348800.0,60,2,37,23.3,0,0,0
TX007043,P035,Sierra Materials,686,3,44200.0,0,2,66,9.3,0,1,0
TX007044,P108,Orient Power,672,3,46200.0,60,0,41,12.0,0,1,0
TX007045,P013,Orient Logistics,734,2,228000.0,30,0,37,17.7,1,1,0
TX007046,P036,Prime Trading,768,1,162200.0,30,0,40,23.5,1,1,0
TX007047,P102,Falcon Power,764,1,379200.0,90,0,49,22.9,1,0,0
TX007048,P079,Golden Agro,654,2,26800.0,60,0,54,12.8,0,1,0
TX007049,P096,Prime Materials,786,2,682200.0,30,1,50,24.9,0,1,0
TX007050,P056,Union Agro,717,2,188700.0,0,0,22,8.8,0,0,0
TX007051,P076,Nordic Materials,620,3,57800.0,60,1,58,11.6,1,1,0
TX007052,P089,Golden Power,810,1,332500.0,30,1,45,24.9,0,1,0
TX007053,P014,Orient Global,785,1,470800.0,60,2,44,18.0,1,0,0
TX007054,P051,Union Energy,672,3,51300.0,30,0,51,11.4,0,0,0
TX007055,P045,Meridian Materials,699,4,74300.0,0,1,51,10.3,1,1,0
TX007056,P002,Corona Agro,705,3,224300.0,30,2,25,3.4,1,0,0
TX007057,P055,Delta Energy,694,3,26600.0,30,2,53,11.4,0,1,0
TX007058,P008,Vega Logistics,724,2,164100.0,60,0,19,10.0,0,1,0
TX007059,P043,Atlas Chemicals,809,2,518200.0,60,0,46,21.9,0,0,0
TX007060,P016,Aurora Energy,798,1,196300.0,60,0,45,27.2,1,1,0
TX007061,P061,Harbor Metals,658,2,61700.0,60,1,58,15.4,1,1,0
TX007062,P117,Falcon Energy,691,2,64100.0,60,2,50,8.4,0,0,0
TX007063,P118,Pacific Chemicals,775,1,398300.0,30,1,44,26.2,0,0,0
TX007064,P028,Pacific Global,619,2,55000.0,60,1,51,14.3,0,0,0
TX007065,P093,Union Global,840,2,498200.0,60,1,52,20.7,1,0,0
TX007066,P020,Corona Materials,658,3,59300.0,60,1,40,15.0,0,0,0
TX007067,P009,Falcon Global,620,3,37600.0,30,2,51,9.0,0,0,0
TX007068,P007,Cairo Grid Co,524,4,141200.0,60,4,19,0.8,0,0,1
TX007069,P054,Golden Global,670,3,56900.0,30,1,58,16.0,1,1,1
TX007070,P020,Corona Materials,667,3,86400.0,0,2,40,15.1,0,0,0
TX007071,P032,Cobalt Logistics,724,3,129600.0,60,1,23,4.6,1,0,0
TX007072,P005,Zenith Trading,609,3,48700.0,0,1,56,18.2,0,1,1
TX007073,P066,Orient Energy,614,3,33500.0,30,1,54,5.6,0,0,0
TX007074,P076,Nordic Materials,627,3,71200.0,30,0,58,13.1,0,0,0
TX007075,P056,Union Agro,707,2,111000.0,30,0,22,8.7,1,0,0
TX007076,P092,Falcon Metals,675,2,63300.0,0,2,47,16.3,0,0,0
TX007077,P098,Marina Agro,665,3,35700.0,60,1,57,17.1,1,0,1
TX007078,P104,Summit Energy,826,2,355300.0,30,4,41,21.4,1,0,0
TX007079,P107,Prime Metals,792,2,173100.0,60,1,47,22.9,0,1,0
TX007080,P023,Sierra Trading,489,4,176500.0,90,2,19,4.4,1,0,1
TX007081,P076,Nordic Materials,646,3,62900.0,60,0,58,11.5,0,1,0
TX007082,P085,Pacific Agro,669,3,30200.0,30,2,55,15.0,1,0,0
TX007083,P078,Pacific Materials,831,1,226200.0,0,2,37,23.2,1,1,0
TX007084,P082,Union Materials,683,3,73700.0,30,1,14,12.1,0,0,0
TX007085,P067,Vega Materials,793,2,461900.0,90,0,51,21.3,1,0,0
TX007086,P061,Harbor Metals,655,2,36500.0,30,1,58,15.5,0,1,0
TX007087,P018,Marina Global,658,3,39300.0,60,1,58,16.2,1,1,0
TX007088,P095,Meridian Trading,810,2,333100.0,0,0,44,21.5,0,0,0
TX007089,P020,Corona Materials,688,3,81800.0,30,0,40,15.2,1,0,0
TX007090,P071,Golden Metals,802,1,301900.0,90,0,47,26.1,0,1,0
TX007091,P071,Golden Metals,797,1,313300.0,60,0,47,27.5,0,1,0
TX007092,P001,Delta Power,747,2,119100.0,90,0,19,1.7,0,0,0
TX007093,P011,Corona Industries,686,3,117800.0,60,2,20,11.2,0,0,1
TX007094,P002,Corona Agro,690,3,173900.0,90,1,25,3.9,1,1,0
TX007095,P071,Golden Metals,818,1,246300.0,60,0,47,27.1,0,1,0
TX007096,P042,Corona Power,710,3,150800.0,0,1,25,11.7,0,1,0
TX007097,P089,Golden Power,795,1,369300.0,30,1,45,24.6,0,1,0
TX007098,P051,Union Energy,689,3,61000.0,0,1,51,10.7,1,0,0
TX007099,P108,Orient Power,694,3,36300.0,90,0,41,12.3,0,1,0
TX007100,P104,Summit Energy,837,2,689500.0,30,1,41,21.5,1,0,0
TX007101,P102,Falcon Power,775,1,495800.0,90,0,49,23.2,1,1,0
TX007102,P035,Sierra Materials,656,3,53900.0,60,1,66,9.6,0,1,0
TX007103,P114,Corona Logistics,765,1,596900.0,30,0,52,19.0,0,1,0
TX007104,P072,Meridian Logistics,649,3,37000.0,60,0,51,8.0,1,1,0
TX007105,P024,Zenith Energy,696,3,102900.0,60,0,16,7.6,0,0,0
TX007106,P027,Summit Power,695,3,58200.0,30,0,21,3.5,0,0,0
TX007107,P088,Falcon Trading,620,3,49100.0,30,1,43,12.3,0,1,0
TX007108,P107,Prime Metals,775,2,200700.0,0,1,47,23.4,0,1,0
TX007109,P072,Meridian Logistics,653,3,44500.0,0,0,51,9.6,0,1,0
TX007110,P117,Falcon Energy,676,2,96500.0,90,1,50,8.5,0,1,0
TX007111,P016,Aurora Energy,814,1,316200.0,30,0,45,26.9,0,1,0
TX007112,P102,Falcon Power,770,1,359800.0,60,0,49,22.0,1,1,0
TX007113,P054,Golden Global,672,3,38400.0,0,1,58,16.4,0,0,0
TX007114,P028,Pacific Global,631,2,73700.0,0,1,51,15.3,0,1,0
TX007115,P005,Zenith Trading,627,3,27300.0,0,1,56,19.0,0,0,0
TX007116,P062,Aurora Industries,669,3,139400.0,60,1,33,8.2,1,1,1
TX007117,P080,Harbor Global,509,4,115000.0,90,3,20,4.1,1,1,0
TX007118,P115,Vega Trading,699,2,178900.0,0,0,20,8.2,1,1,0
TX007119,P096,Prime Materials,780,2,466100.0,0,0,50,23.2,0,0,0
TX007120,P024,Zenith Energy,685,3,106300.0,30,0,16,8.5,0,1,0
TX007121,P015,Crest Materials,760,1,434600.0,60,0,34,24.4,0,0,0
TX007122,P116,Aurora Materials,651,3,39100.0,90,3,55,10.3,0,0,0
TX007123,P069,Sierra Global,669,2,149100.0,30,2,31,4.0,0,1,0
TX007124,P051,Union Energy,690,3,86600.0,30,0,51,10.8,0,0,0
TX007125,P071,Golden Metals,802,1,279500.0,0,1,47,27.3,1,0,0
TX007126,P033,Delta Industries,667,2,144300.0,30,0,24,6.0,0,0,0
TX007127,P022,Sierra Metals,843,2,209700.0,30,1,46,22.7,0,0,0
TX007128,P095,Meridian Trading,802,2,120000.0,60,0,44,21.2,0,0,0
TX007129,P117,Falcon Energy,707,2,52300.0,30,1,50,7.8,1,0,0
TX007130,P013,Orient Logistics,740,2,275400.0,0,0,37,18.2,1,1,0
TX007131,P108,Orient Power,691,3,29200.0,30,1,41,11.7,0,1,0
TX007132,P110,Meridian Energy,799,1,327600.0,90,0,50,22.1,0,0,1
TX007133,P035,Sierra Materials,657,3,26100.0,0,1,66,9.2,0,0,0
TX007134,P105,Prime Logistics,520,4,75200.0,30,4,12,2.3,0,0,1
TX007135,P104,Summit Energy,828,2,528700.0,30,1,41,21.9,0,1,0
TX007136,P114,Corona Logistics,737,1,366100.0,30,0,52,18.7,1,0,0
TX007137,P042,Corona Power,721,3,158300.0,90,0,25,11.9,0,1,0
TX007138,P031,Vega Power,771,2,450400.0,30,0,38,17.2,0,1,0
TX007139,P054,Golden Global,649,3,45400.0,0,1,58,17.1,0,0,1
TX007140,P007,Cairo Grid Co,516,4,139000.0,60,3,19,1.2,0,0,1
TX007141,P089,Golden Power,805,1,266000.0,0,0,45,24.1,1,0,0
TX007142,P065,Crest Global,695,2,140300.0,60,0,15,14.5,0,1,1
TX007143,P036,Prime Trading,748,1,160800.0,60,0,40,23.5,0,1,0
TX007144,P119,Meridian Chemicals,659,1,118900.0,0,1,25,11.2,1,1,0
TX007145,P027,Summit Power,707,3,86600.0,0,0,21,3.3,0,1,0
TX007146,P007,Cairo Grid Co,519,4,107000.0,0,5,19,2.3,1,0,0
TX007147,P054,Golden Global,647,3,23800.0,30,1,58,15.6,1,0,0
TX007148,P088,Falcon Trading,620,3,43700.0,60,1,43,12.6,0,1,0
TX007149,P113,Meridian Agro,625,3,37400.0,30,1,52,8.7,0,1,0
TX007150,P016,Aurora Energy,808,1,136100.0,60,0,45,27.4,1,0,0
TX007151,P011,Corona Industries,698,3,147800.0,60,0,20,11.2,0,0,0
TX007152,P115,Vega Trading,681,2,161900.0,0,2,20,8.5,1,1,0
TX007153,P114,Corona Logistics,742,1,329700.0,0,0,52,18.7,0,1,0
TX007154,P061,Harbor Metals,653,2,49000.0,90,1,58,14.7,0,0,0
TX007155,P067,Vega Materials,792,2,363900.0,30,0,51,22.9,0,1,0
TX007156,P056,Union Agro,721,2,140500.0,30,1,22,8.2,0,0,0
TX007157,P018,Marina Global,648,3,57300.0,0,1,58,15.7,0,0,0
TX007158,P035,Sierra Materials,671,3,54200.0,60,1,66,9.4,1,0,0
TX007159,P048,Orient Metals,603,2,75000.0,60,1,45,11.9,0,1,0
TX007160,P092,Falcon Metals,668,2,52600.0,90,1,47,16.6,0,1,0
TX007161,P110,Meridian Energy,777,1,295700.0,0,0,50,22.8,0,1,0
TX007162,P089,Golden Power,803,1,467100.0,30,0,45,24.7,1,1,0
TX007163,P091,Nordic Trading,870,2,410600.0,0,0,45,20.1,0,1,0
TX007164,P027,Summit Power,725,3,103200.0,0,1,21,4.1,0,0,0
TX007165,P054,Golden Global,634,3,44400.0,0,2,58,16.5,1,0,0
TX007166,P022,Sierra Metals,845,2,193900.0,60,1,46,22.0,1,0,0
TX007167,P112,Orient Materials,814,1,441100.0,30,1,45,23.1,0,0,0
TX007168,P096,Prime Materials,796,2,509000.0,30,0,50,23.4,0,0,0
TX007169,P116,Aurora Materials,652,3,62600.0,30,2,55,9.4,0,1,0
TX007170,P117,Falcon Energy,702,2,82200.0,60,1,50,7.5,0,1,0
TX007171,P059,Falcon Materials,698,2,174000.0,30,2,21,8.2,0,1,0
TX007172,P116,Aurora Materials,650,3,37400.0,30,2,55,9.5,0,0,0
TX007173,P033,Delta Industries,666,2,122500.0,0,0,24,6.3,0,0,0
TX007174,P094,Union Chemicals,776,1,598600.0,90,0,48,16.3,0,0,0
TX007175,P098,Marina Agro,637,3,47600.0,60,1,57,17.8,1,1,0
TX007176,P005,Zenith Trading,619,3,47900.0,30,1,56,18.5,0,0,0
TX007177,P009,Falcon Global,627,3,29500.0,60,2,51,9.0,0,1,0
TX007178,P035,Sierra Materials,667,3,38100.0,0,2,66,9.5,1,0,0
TX007179,P110,Meridian Energy,796,1,201100.0,90,0,50,23.6,0,0,0
TX007180,P035,Sierra Materials,670,3,39700.0,60,1,66,9.2,0,1,0
TX007181,P046,Vega Agro,636,4,48800.0,90,0,56,10.5,1,1,0
TX007182,P012,Prime Power,623,2,58400.0,30,0,60,4.9,0,1,1
TX007183,P026,Summit Materials,738,3,301900.0,30,0,31,8.8,1,1,0
TX007184,P055,Delta Energy,721,3,42200.0,30,2,53,11.0,0,0,1
TX007185,P092,Falcon Metals,670,2,47200.0,30,1,47,16.5,0,0,1
TX007186,P109,Delta Trading,830,1,379300.0,60,1,40,23.0,0,0,0
TX007187,P042,Corona Power,719,3,78200.0,60,0,25,11.2,1,0,0
TX007188,P041,Falcon Industries,641,3,52800.0,30,2,63,6.9,0,1,0
TX007189,P064,Zenith Chemicals,643,4,36500.0,30,2,44,7.5,1,0,0
TX007190,P071,Golden Metals,773,1,213700.0,0,0,47,26.4,1,0,0
TX007191,P098,Marina Agro,660,3,27400.0,30,1,57,17.0,0,0,1
TX007192,P076,Nordic Materials,634,3,47100.0,30,0,58,12.3,0,1,0
TX007193,P097,Marina Chemicals,815,2,279500.0,60,2,35,18.5,1,0,0
TX007194,P117,Falcon Energy,687,2,59000.0,60,1,50,8.2,0,0,0
TX007195,P092,Falcon Metals,682,2,50100.0,60,1,47,16.9,0,1,0
TX007196,P084,Meridian Metals,759,1,430800.0,60,0,45,23.4,0,1,0
TX007197,P003,Delta Materials,821,1,316600.0,0,1,41,19.6,0,1,0
TX007198,P097,Marina Chemicals,806,2,382300.0,0,2,35,19.1,0,0,0
TX007199,P076,Nordic Materials,606,3,57900.0,60,0,58,12.4,1,1,0
TX007200,P018,Marina Global,622,3,32600.0,90,1,58,14.8,0,1,0
TX007201,P091,Nordic Trading,846,2,407600.0,60,0,45,20.1,0,1,0
TX007202,P022,Sierra Metals,848,2,235100.0,30,1,46,21.2,0,1,0
TX007203,P062,Aurora Industries,675,3,146200.0,60,1,33,9.1,0,0,0
TX007204,P089,Golden Power,841,1,251400.0,30,0,45,24.8,0,1,0
TX007205,P027,Summit Power,690,3,205300.0,60,1,21,2.9,0,0,0
TX007206,P084,Meridian Metals,749,1,321700.0,30,0,45,23.5,0,0,0
TX007207,P084,Meridian Metals,748,1,223900.0,0,0,45,23.1,0,1,0
TX007208,P012,Prime Power,627,2,23200.0,60,0,60,4.9,0,1,1
TX007209,P069,Sierra Global,644,2,124700.0,30,1,31,3.9,0,1,0
TX007210,P072,Meridian Logistics,640,3,37200.0,30,0,51,8.1,1,0,0
TX007211,P107,Prime Metals,786,2,114000.0,30,0,47,23.1,0,0,0
TX007212,P072,Meridian Logistics,653,3,44600.0,30,0,51,8.6,0,0,0
TX007213,P077,Corona Energy,790,2,350400.0,0,0,37,17.9,0,0,0
TX007214,P089,Golden Power,806,1,464500.0,30,0,45,24.6,0,1,0
TX007215,P091,Nordic Trading,853,2,331300.0,60,0,45,19.7,1,0,0
TX007216,P005,Zenith Trading,592,3,19500.0,0,1,56,16.8,0,0,1
TX007217,P028,Pacific Global,624,2,74900.0,90,1,51,13.7,1,0,1
TX007218,P016,Aurora Energy,800,1,270200.0,30,1,45,27.2,1,0,0
TX007219,P091,Nordic Trading,860,2,243000.0,0,1,45,19.7,0,1,0
TX007220,P022,Sierra Metals,844,2,186800.0,30,1,46,21.3,0,0,0
TX007221,P020,Corona Materials,658,3,58000.0,0,0,40,16.0,0,1,0
TX007222,P090,Falcon Agro,822,2,489800.0,60,0,36,20.8,0,0,0
TX007223,P118,Pacific Chemicals,796,1,255000.0,30,0,44,27.3,0,0,0
TX007224,P070,Crest Metals,831,1,522300.0,60,0,45,23.7,0,1,0
TX007225,P041,Falcon Industries,621,3,34200.0,30,1,63,7.2,0,0,0
TX007226,P020,Corona Materials,691,3,63400.0,60,1,40,15.5,0,0,0
TX007227,P032,Cobalt Logistics,707,3,187400.0,60,1,23,4.8,1,1,0
TX007228,P036,Prime Trading,754,1,229600.0,60,0,40,22.9,1,1,0
TX007229,P102,Falcon Power,780,1,221100.0,30,0,49,22.8,0,0,0
TX007230,P118,Pacific Chemicals,778,1,332400.0,60,1,44,26.6,0,0,0
TX007231,P044,Summit Agro,697,2,273000.0,60,0,23,8.9,0,0,0
TX007232,P091,Nordic Trading,839,2,293600.0,60,0,45,19.6,0,0,0
TX007233,P094,Union Chemicals,781,1,375100.0,0,0,48,16.9,1,0,0
TX007234,P118,Pacific Chemicals,767,1,309100.0,60,0,44,26.5,0,0,0
TX007235,P054,Golden Global,653,3,32300.0,90,3,58,15.7,0,0,1
TX007236,P041,Falcon Industries,609,3,26400.0,0,2,63,6.8,1,0,0
TX007237,P117,Falcon Energy,698,2,49900.0,30,2,50,8.4,0,0,0
TX007238,P013,Orient Logistics,744,2,406900.0,30,1,37,18.2,1,0,0
TX007239,P065,Crest Global,717,2,82700.0,0,0,15,14.3,0,1,0
TX007240,P097,Marina Chemicals,818,2,446300.0,0,1,35,18.9,0,0,0
TX007241,P107,Prime Metals,792,2,123100.0,30,0,47,23.5,1,0,0
TX007242,P038,Marina Logistics,536,5,69700.0,30,2,14,4.2,0,1,1
TX007243,P073,Vega Metals,720,2,119600.0,0,1,23,9.2,0,0,0
TX007244,P116,Aurora Materials,654,3,30600.0,30,3,55,10.0,0,1,0
TX007245,P018,Marina Global,659,3,61400.0,0,1,58,15.3,0,1,0
TX007246,P045,Meridian Materials,691,4,43500.0,30,1,51,10.6,0,1,0
TX007247,P061,Harbor Metals,664,2,46800.0,30,1,58,14.9,1,0,0
TX007248,P112,Orient Materials,792,1,342800.0,60,1,45,23.7,1,0,0
TX007249,P045,Meridian Materials,695,4,52500.0,90,1,51,9.9,1,1,0
TX007250,P111,Prime Global,754,2,275400.0,90,1,21,4.1,0,1,0
TX007251,P118,Pacific Chemicals,774,1,306700.0,30,1,44,26.2,1,0,0
TX007252,P077,Corona Energy,808,2,890800.0,0,0,37,17.7,0,1,0
TX007253,P058,Zenith Logistics,714,3,333200.0,30,0,19,7.8,1,1,0
TX007254,P043,Atlas Chemicals,808,2,431100.0,60,1,46,22.1,0,0,0
TX007255,P096,Prime Materials,795,2,514400.0,30,1,50,23.8,0,1,0
TX007256,P034,Union Trading,734,2,391100.0,60,0,54,18.2,0,0,0
TX007257,P118,Pacific Chemicals,775,1,396500.0,0,0,44,26.7,1,1,0
TX007258,P076,Nordic Materials,649,3,57800.0,30,0,58,11.1,0,0,1
TX007259,P113,Meridian Agro,626,3,51500.0,30,1,52,8.3,0,0,0
TX007260,P061,Harbor Metals,673,2,56300.0,30,1,58,15.3,1,0,0
TX007261,P018,Marina Global,601,3,45700.0,30,1,58,15.5,1,0,0
TX007262,P028,Pacific Global,643,2,46800.0,30,2,51,14.6,0,0,0
TX007263,P073,Vega Metals,713,2,126900.0,90,2,23,9.7,0,0,0
TX007264,P016,Aurora Energy,808,1,350200.0,30,0,45,27.4,0,0,0
TX007265,P120,Orient Chemicals,625,2,48800.0,90,0,50,13.8,0,1,1
TX007266,P095,Meridian Trading,820,2,371700.0,0,0,44,20.3,0,1,0
TX007267,P009,Falcon Global,627,3,62900.0,0,1,51,9.1,0,0,0
TX007268,P034,Union Trading,742,2,329700.0,90,0,54,17.9,0,1,0
TX007269,P063,Prime Agro,485,4,100200.0,30,2,13,1.0,0,1,1
TX007270,P120,Orient Chemicals,607,2,59200.0,30,0,50,13.5,0,0,0
TX007271,P071,Golden Metals,800,1,370100.0,0,0,47,27.3,0,0,0
TX007272,P035,Sierra Materials,669,3,87900.0,60,1,66,9.1,0,1,1
TX007273,P002,Corona Agro,679,3,221600.0,60,1,25,3.0,0,0,0
TX007274,P009,Falcon Global,636,3,33100.0,60,1,51,8.4,1,0,0
TX007275,P090,Falcon Agro,847,2,419500.0,60,0,36,20.4,0,0,0
TX007276,P070,Crest Metals,834,1,523000.0,60,0,45,22.6,1,1,0
TX007277,P012,Prime Power,619,2,56500.0,0,0,60,5.1,0,1,0
TX007278,P046,Vega Agro,635,4,86200.0,30,0,56,9.9,0,1,0
TX007279,P069,Sierra Global,635,2,129000.0,0,1,31,2.6,0,1,0
TX007280,P089,Golden Power,794,1,502200.0,30,0,45,24.7,0,1,0
TX007281,P061,Harbor Metals,666,2,40400.0,90,1,58,15.2,1,1,0
TX007282,P083,Crest Agro,713,3,129800.0,30,1,19,8.0,0,1,0
TX007283,P055,Delta Energy,689,3,30600.0,0,2,53,10.6,0,1,0
TX007284,P100,Nordic Agro,680,3,175800.0,90,1,14,11.8,0,1,0
TX007285,P116,Aurora Materials,656,3,53000.0,60,2,55,10.4,1,1,0
TX007286,P035,Sierra Materials,655,3,26000.0,30,1,66,9.4,0,1,0
TX007287,P110,Meridian Energy,799,1,232000.0,30,0,50,24.0,1,1,0
TX007288,P087,Corona Metals,682,2,178200.0,30,2,19,12.3,0,0,1
TX007289,P098,Marina Agro,657,3,46200.0,0,1,57,17.9,0,1,0
TX007290,P028,Pacific Global,594,2,31000.0,0,1,51,15.0,0,1,0
TX007291,P003,Delta Materials,834,1,359600.0,0,1,41,21.3,0,0,0
TX007292,P037,Nordic Global,655,3,43500.0,60,1,45,14.3,0,0,0
TX007293,P066,Orient Energy,634,3,37200.0,60,2,54,6.2,1,0,0
TX007294,P114,Corona Logistics,758,1,382900.0,90,1,52,19.1,0,0,0
TX007295,P014,Orient Global,831,1,699300.0,30,0,44,18.6,0,0,0
TX007296,P103,Golden Materials,670,2,125200.0,60,0,8,10.1,0,0,0
TX007297,P061,Harbor Metals,654,2,35100.0,60,1,58,14.7,0,1,0
TX007298,P098,Marina Agro,666,3,32300.0,60,2,57,17.3,0,1,1
TX007299,P053,Summit Global,758,3,209100.0,30,0,14,10.5,1,0,0
TX007300,P026,Summit Materials,722,3,102300.0,30,1,31,7.7,0,1,0
TX007301,P076,Nordic Materials,627,3,86000.0,60,0,58,11.4,1,0,0
TX007302,P089,Golden Power,804,1,358900.0,90,0,45,25.0,0,1,0
TX007303,P020,Corona Materials,659,3,49400.0,90,0,40,15.7,0,0,0
TX007304,P023,Sierra Trading,477,4,69400.0,30,2,19,4.4,0,0,1
TX007305,P091,Nordic Trading,841,2,282600.0,30,0,45,19.9,0,0,0
TX007306,P109,Delta Trading,818,1,305400.0,30,1,40,23.5,0,0,0
TX007307,P061,Harbor Metals,658,2,45300.0,0,2,58,15.9,0,0,1
TX007308,P116,Aurora Materials,644,3,28200.0,60,2,55,10.0,0,0,0
TX007309,P033,Delta Industries,685,2,82100.0,30,1,24,5.7,0,1,1
TX007310,P072,Meridian Logistics,648,3,49200.0,30,0,51,9.2,0,0,0
TX007311,P062,Aurora Industries,686,3,168900.0,30,1,33,8.9,0,0,0
TX007312,P055,Delta Energy,676,3,37500.0,60,2,53,11.2,0,1,0
TX007313,P047,Pacific Metals,667,3,227000.0,90,2,11,7.0,0,0,1
TX007314,P013,Orient Logistics,744,2,327700.0,30,0,37,18.5,1,1,0
TX007315,P090,Falcon Agro,829,2,450900.0,0,0,36,20.9,0,0,0
TX007316,P033,Delta Industries,677,2,120800.0,30,0,24,6.4,1,0,0
TX007317,P114,Corona Logistics,738,1,562300.0,60,0,52,19.7,1,1,0
TX007318,P116,Aurora Materials,677,3,40300.0,30,2,55,9.8,1,1,0
TX007319,P015,Crest Materials,763,1,413600.0,30,0,34,24.9,0,0,0
TX007320,P062,Aurora Industries,665,3,75600.0,90,1,33,8.1,0,1,0
TX007321,P113,Meridian Agro,603,3,52400.0,90,1,52,9.0,0,0,0
TX007322,P118,Pacific Chemicals,793,1,291100.0,30,0,44,26.1,0,0,0
TX007323,P055,Delta Energy,689,3,42300.0,30,2,53,11.2,0,0,0
TX007324,P034,Union Trading,762,2,427900.0,60,0,54,18.6,0,1,0
TX007325,P028,Pacific Global,639,2,57300.0,0,1,51,14.6,0,0,0
TX007326,P098,Marina Agro,657,3,38800.0,30,1,57,17.7,0,1,0
TX007327,P070,Crest Metals,837,1,532200.0,60,0,45,24.1,0,0,0
TX007328,P054,Golden Global,635,3,56700.0,30,1,58,15.5,0,0,0
TX007329,P005,Zenith Trading,610,3,25000.0,90,2,56,17.9,1,1,0
TX007330,P035,Sierra Materials,632,3,52300.0,30,1,66,9.3,0,0,0
TX007331,P097,Marina Chemicals,812,2,339000.0,30,1,35,19.6,0,1,0
TX007332,P091,Nordic Trading,877,2,244000.0,90,0,45,20.1,1,1,0
TX007333,P015,Crest Materials,774,1,765700.0,0,1,34,24.1,1,0,0
TX007334,P051,Union Energy,703,3,44700.0,60,0,51,11.6,0,1,0
TX007335,P053,Summit Global,737,3,239800.0,60,0,14,10.7,0,0,0
TX007336,P091,Nordic Trading,844,2,296900.0,30,0,45,20.2,0,1,0
TX007337,P020,Corona Materials,682,3,92800.0,30,1,40,15.1,0,0,0
TX007338,P109,Delta Trading,819,1,522500.0,30,0,40,23.7,0,0,0
TX007339,P104,Summit Energy,809,2,797600.0,30,1,41,22.2,0,0,0
TX007340,P051,Union Energy,701,3,65800.0,60,0,51,11.8,0,1,0
TX007341,P021,Harbor Power,681,3,186100.0,30,0,15,12.9,1,1,0
TX007342,P091,Nordic Trading,852,2,152000.0,90,0,45,20.7,1,1,0
TX007343,P048,Orient Metals,646,2,42200.0,30,1,45,11.8,1,1,0
TX007344,P098,Marina Agro,647,3,52900.0,60,1,57,17.0,1,1,0
TX007345,P014,Orient Global,797,1,379800.0,60,1,44,18.8,0,1,0
TX007346,P013,Orient Logistics,739,2,283500.0,60,0,37,18.9,1,0,0
TX007347,P090,Falcon Agro,825,2,292200.0,90,0,36,20.9,0,0,0
TX007348,P002,Corona Agro,681,3,102100.0,30,1,25,3.7,0,0,1
TX007349,P077,Corona Energy,805,2,465800.0,0,0,37,18.3,1,1,0
TX007350,P031,Vega Power,762,2,396600.0,90,2,38,16.2,0,0,1
TX007351,P119,Meridian Chemicals,650,1,130300.0,0,1,25,10.8,1,0,0
TX007352,P026,Summit Materials,731,3,172700.0,30,1,31,8.7,0,1,0
TX007353,P109,Delta Trading,831,1,316900.0,60,0,40,23.8,0,1,0
TX007354,P009,Falcon Global,639,3,57700.0,90,1,51,8.9,0,0,0
TX007355,P036,Prime Trading,770,1,334000.0,30,0,40,22.7,1,0,0
TX007356,P083,Crest Agro,702,3,100800.0,60,0,19,7.9,0,0,0
TX007357,P073,Vega Metals,733,2,167800.0,30,1,23,10.1,0,1,0
TX007358,P048,Orient Metals,609,2,36000.0,30,1,45,11.0,0,1,0
TX007359,P120,Orient Chemicals,620,2,89400.0,0,0,50,12.8,0,0,0
TX007360,P053,Summit Global,722,3,142600.0,30,1,14,10.3,0,1,0
TX007361,P106,Prime Industries,690,2,142900.0,60,3,20,8.3,1,0,0
TX007362,P110,Meridian Energy,819,1,314100.0,30,0,50,23.6,0,0,0
TX007363,P022,Sierra Metals,841,2,221500.0,30,1,46,21.9,0,1,0
TX007364,P113,Meridian Agro,628,3,42400.0,30,1,52,8.9,0,1,0
TX007365,P115,Vega Trading,701,2,206200.0,30,0,20,7.7,0,0,0
TX007366,P093,Union Global,829,2,852100.0,30,2,52,20.8,0,1,0
TX007367,P096,Prime Materials,777,2,549800.0,30,0,50,23.8,0,0,0
TX007368,P051,Union Energy,670,3,59500.0,60,0,51,11.2,0,1,0
TX007369,P089,Golden Power,811,1,299100.0,60,1,45,24.9,1,1,0
TX007370,P005,Zenith Trading,604,3,34500.0,30,1,56,17.9,0,0,0
TX007371,P071,Golden Metals,802,1,298100.0,30,0,47,27.0,0,0,0
TX007372,P089,Golden Power,804,1,352700.0,60,0,45,24.9,0,1,0
TX007373,P045,Meridian Materials,695,4,78200.0,30,1,51,10.6,0,1,0
TX007374,P026,Summit Materials,727,3,275900.0,60,0,31,8.6,0,1,0
TX007375,P092,Falcon Metals,682,2,79700.0,0,1,47,17.0,0,0,0
TX007376,P062,Aurora Industries,701,3,107800.0,30,1,33,9.2,1,1,0
TX007377,P066,Orient Energy,628,3,45900.0,60,1,54,5.1,0,0,0
TX007378,P107,Prime Metals,782,2,240000.0,90,1,47,22.9,0,1,0
TX007379,P054,Golden Global,645,3,46500.0,60,1,58,16.5,0,0,1
TX007380,P044,Summit Agro,737,2,172000.0,0,1,23,8.6,0,1,0
TX007381,P008,Vega Logistics,700,2,213500.0,90,0,19,9.6,0,0,0
TX007382,P025,Crest Industries,690,2,297700.0,90,0,14,7.2,1,0,0
TX007383,P051,Union Energy,704,3,42000.0,0,0,51,11.0,0,0,0
TX007384,P041,Falcon Industries,638,3,36900.0,0,2,63,6.8,0,1,0
TX007385,P045,Meridian Materials,685,4,88500.0,60,1,51,10.6,0,0,0
TX007386,P104,Summit Energy,840,2,769100.0,30,1,41,21.5,1,0,0
TX007387,P010,Delta Chemicals,676,3,49500.0,60,1,51,11.3,0,1,0
TX007388,P032,Cobalt Logistics,703,3,107600.0,60,1,23,5.1,0,0,0
TX007389,P093,Union Global,834,2,332600.0,0,1,52,20.5,0,0,0
TX007390,P098,Marina Agro,658,3,44100.0,0,1,57,16.6,1,1,0
TX007391,P061,Harbor Metals,655,2,29800.0,60,1,58,14.6,0,1,0
TX007392,P093,Union Global,832,2,570500.0,90,1,52,19.3,1,1,0
TX007393,P075,Marina Industries,612,3,43200.0,0,2,49,12.1,0,1,0
TX007394,P001,Delta Power,696,2,96800.0,30,0,19,1.9,0,0,0
TX007395,P069,Sierra Global,646,2,169300.0,30,1,31,3.9,0,0,0
TX007396,P002,Corona Agro,695,3,333600.0,30,1,25,3.9,0,1,0
TX007397,P013,Orient Logistics,753,2,252300.0,90,0,37,17.6,1,1,0
TX007398,P041,Falcon Industries,635,3,43700.0,30,1,63,7.2,1,0,0
TX007399,P041,Falcon Industries,638,3,28500.0,90,2,63,7.3,0,1,0
TX007400,P118,Pacific Chemicals,791,1,221700.0,60,1,44,25.8,0,0,0
TX007401,P117,Falcon Energy,665,2,67900.0,90,1,50,8.0,0,0,0
TX007402,P108,Orient Power,675,3,32600.0,30,1,41,11.2,0,1,0
TX007403,P116,Aurora Materials,657,3,39500.0,30,2,55,11.0,0,1,0
TX007404,P083,Crest Agro,707,3,232700.0,30,1,19,6.8,1,0,0
TX007405,P043,Atlas Chemicals,796,2,635200.0,60,0,46,21.5,0,1,0
TX007406,P114,Corona Logistics,748,1,541600.0,30,0,52,18.5,0,1,0
TX007407,P011,Corona Industries,688,3,179500.0,30,0,20,10.4,1,1,0
TX007408,P050,Crest Chemicals,713,2,150000.0,60,1,14,2.2,0,0,0
TX007409,P031,Vega Power,772,2,364500.0,60,0,38,17.4,0,0,0
TX007410,P033,Delta Industries,685,2,215500.0,30,0,24,6.4,0,1,0
TX007411,P047,Pacific Metals,666,3,133500.0,60,1,11,6.2,0,0,0
TX007412,P010,Delta Chemicals,685,3,83000.0,0,1,51,11.4,0,0,0
TX007413,P090,Falcon Agro,816,2,309500.0,60,1,36,21.5,0,0,0
TX007414,P088,Falcon Trading,616,3,44100.0,90,1,43,12.7,1,0,0
TX007415,P079,Golden Agro,660,2,31800.0,60,0,54,13.2,0,1,0
TX007416,P084,Meridian Metals,785,1,211300.0,90,1,45,22.8,1,0,0
TX007417,P033,Delta Industries,657,2,77100.0,30,0,24,5.7,0,1,0
TX007418,P102,Falcon Power,776,1,226800.0,90,0,49,23.3,0,1,0
TX007419,P061,Harbor Metals,659,2,59100.0,0,2,58,14.9,0,0,0
TX007420,P003,Delta Materials,841,1,448200.0,90,1,41,20.0,1,0,0
TX007421,P032,Cobalt Logistics,709,3,141700.0,90,0,23,4.4,0,1,1
TX007422,P034,Union Trading,747,2,290700.0,0,0,54,19.5,1,0,0
TX007423,P041,Falcon Industries,626,3,30700.0,90,1,63,7.5,0,1,0
TX007424,P117,Falcon Energy,679,2,73000.0,30,1,50,7.8,1,1,0
TX007425,P008,Vega Logistics,711,2,131000.0,30,0,19,9.8,1,0,0
TX007426,P067,Vega Materials,791,2,500800.0,60,0,51,22.1,0,0,0
TX007427,P003,Delta Materials,852,1,290800.0,30,1,41,20.4,1,0,0
TX007428,P090,Falcon Agro,826,2,343700.0,30,0,36,21.4,1,0,0
TX007429,P095,Meridian Trading,822,2,339200.0,0,1,44,21.0,1,0,0
TX007430,P048,Orient Metals,598,2,27100.0,60,1,45,12.1,1,0,0
TX007431,P002,Corona Agro,688,3,138200.0,60,1,25,4.1,1,0,0
TX007432,P119,Meridian Chemicals,677,1,128400.0,60,3,25,10.8,0,1,0
TX007433,P045,Meridian Materials,674,4,51800.0,30,1,51,9.8,0,0,0
TX007434,P051,Union Energy,672,3,41500.0,0,0,51,11.8,0,0,0
TX007435,P048,Orient Metals,636,2,41200.0,60,1,45,12.2,1,1,0
TX007436,P106,Prime Industries,733,2,144100.0,30,2,20,9.1,0,0,0
TX007437,P073,Vega Metals,710,2,176100.0,90,1,23,9.3,0,0,0
TX007438,P099,Aurora Global,696,1,173200.0,0,1,26,11.4,0,0,0
TX007439,P072,Meridian Logistics,632,3,46300.0,0,2,51,8.0,0,0,0
TX007440,P015,Crest Materials,772,1,391600.0,0,0,34,24.3,0,1,0
TX007441,P032,Cobalt Logistics,715,3,94100.0,60,1,23,4.6,0,0,0
TX007442,P061,Harbor Metals,664,2,38200.0,30,2,58,15.8,0,0,0
TX007443,P031,Vega Power,770,2,480100.0,0,0,38,17.2,1,0,0
TX007444,P110,Meridian Energy,799,1,439600.0,0,0,50,23.4,0,1,0
TX007445,P017,Lagos Agro Ltd,471,4,65000.0,60,3,7,3.4,0,0,1
TX007446,P098,Marina Agro,637,3,24100.0,60,1,57,17.3,0,1,0
TX007447,P090,Falcon Agro,872,2,531000.0,60,0,36,21.3,0,0,0
TX007448,P080,Harbor Global,530,4,138300.0,90,2,20,4.7,0,1,1
TX007449,P089,Golden Power,818,1,275300.0,90,0,45,25.1,0,0,0
TX007450,P072,Meridian Logistics,666,3,52200.0,60,1,51,8.8,0,0,0
TX007451,P041,Falcon Industries,630,3,25100.0,30,1,63,7.5,1,0,0
TX007452,P015,Crest Materials,771,1,751700.0,30,0,34,24.6,0,1,0
TX007453,P069,Sierra Global,676,2,151100.0,30,1,31,3.0,0,0,1
TX007454,P047,Pacific Metals,652,3,120400.0,60,2,11,6.5,1,0,1
TX007455,P094,Union Chemicals,770,1,506800.0,30,0,48,16.5,0,0,0
TX007456,P015,Crest Materials,762,1,352700.0,30,1,34,24.2,0,1,0
TX007457,P109,Delta Trading,822,1,265900.0,60,0,40,24.0,1,1,0
TX007458,P043,Atlas Chemicals,802,2,561400.0,30,0,46,21.5,0,1,0
TX007459,P012,Prime Power,642,2,30600.0,0,0,60,4.8,0,0,0
TX007460,P066,Orient Energy,630,3,35000.0,0,1,54,5.9,1,0,0
TX007461,P016,Aurora Energy,807,1,304800.0,60,0,45,27.3,1,0,0
TX007462,P072,Meridian Logistics,656,3,43800.0,0,0,51,8.5,0,1,0
TX007463,P067,Vega Materials,802,2,451400.0,0,0,51,21.7,0,1,0
TX007464,P085,Pacific Agro,675,3,35100.0,0,1,55,16.8,0,1,0
TX007465,P070,Crest Metals,803,1,372300.0,60,1,45,23.3,1,1,0
TX007466,P120,Orient Chemicals,637,2,51200.0,30,2,50,13.0,0,0,0
TX007467,P090,Falcon Agro,822,2,559400.0,0,0,36,20.8,0,1,0
TX007468,P001,Delta Power,712,2,112400.0,0,0,19,2.8,0,1,0
TX007469,P018,Marina Global,638,3,57200.0,30,2,58,15.3,0,0,0
TX007470,P059,Falcon Materials,661,2,169600.0,0,2,21,10.1,1,1,0
TX007471,P095,Meridian Trading,808,2,242800.0,90,1,44,20.9,0,1,0
TX007472,P094,Union Chemicals,787,1,476800.0,60,0,48,16.6,1,0,0
TX007473,P031,Vega Power,770,2,267700.0,60,1,38,17.1,0,0,0
TX007474,P031,Vega Power,777,2,508800.0,0,1,38,17.3,0,1,0
TX007475,P066,Orient Energy,620,3,29300.0,60,1,54,5.9,0,0,1
TX007476,P093,Union Global,811,2,707100.0,90,2,52,21.5,1,1,0
TX007477,P085,Pacific Agro,688,3,56800.0,30,1,55,15.9,1,0,0
TX007478,P046,Vega Agro,642,4,49000.0,90,0,56,10.7,0,1,0
TX007479,P053,Summit Global,750,3,224300.0,60,0,14,10.0,0,0,1
TX007480,P064,Zenith Chemicals,659,4,46800.0,30,1,44,7.3,0,1,0
TX007481,P096,Prime Materials,795,2,676700.0,90,1,50,24.5,0,0,0
TX007482,P117,Falcon Energy,684,2,54100.0,90,2,50,8.4,0,1,0
TX007483,P101,Aurora Agro,695,3,183700.0,60,0,12,7.4,0,0,0
TX007484,P085,Pacific Agro,690,3,34600.0,90,2,55,15.9,0,1,0
TX007485,P035,Sierra Materials,684,3,30800.0,90,2,66,8.4,1,0,0
TX007486,P071,Golden Metals,785,1,480700.0,30,0,47,26.9,0,1,0
TX007487,P035,Sierra Materials,654,3,70600.0,60,1,66,8.6,0,1,0
TX007488,P076,Nordic Materials,621,3,94900.0,60,2,58,11.8,0,0,1
TX007489,P017,Lagos Agro Ltd,508,4,212400.0,30,3,7,4.1,0,1,1
TX007490,P032,Cobalt Logistics,695,3,120500.0,60,0,23,4.0,0,1,0
TX007491,P072,Meridian Logistics,639,3,46300.0,60,0,51,8.6,0,1,0
TX007492,P023,Sierra Trading,477,4,159800.0,60,2,19,4.3,1,0,1
TX007493,P045,Meridian Materials,684,4,84500.0,30,1,51,11.2,0,0,1
TX007494,P013,Orient Logistics,759,2,194800.0,60,0,37,19.1,0,1,0
TX007495,P013,Orient Logistics,748,2,347500.0,30,1,37,20.2,0,1,0
TX007496,P031,Vega Power,779,2,414500.0,60,0,38,16.6,0,1,0
TX007497,P094,Union Chemicals,791,1,886500.0,0,0,48,16.9,1,1,0
TX007498,P118,Pacific Chemicals,774,1,572700.0,0,0,44,27.3,0,0,0
TX007499,P110,Meridian Energy,812,1,380700.0,60,1,50,22.6,0,0,0
TX007500,P088,Falcon Trading,618,3,49900.0,90,1,43,13.0,1,1,0
TX007501,P036,Prime Trading,752,1,257900.0,90,0,40,22.9,1,0,0
TX007502,P036,Prime Trading,759,1,175600.0,90,0,40,22.5,1,1,0
TX007503,P022,Sierra Metals,860,2,230700.0,60,1,46,21.5,0,0,0
TX007504,P114,Corona Logistics,743,1,222900.0,30,0,52,19.3,0,0,0
TX007505,P013,Orient Logistics,758,2,387000.0,60,0,37,18.1,0,0,0
TX007506,P070,Crest Metals,839,1,433600.0,90,0,45,24.1,0,0,0
TX007507,P045,Meridian Materials,683,4,50000.0,30,1,51,10.7,0,1,0
TX007508,P076,Nordic Materials,631,3,55100.0,30,0,58,12.1,1,1,0
TX007509,P091,Nordic Trading,854,2,324000.0,90,0,45,20.0,0,1,0
TX007510,P109,Delta Trading,801,1,196500.0,30,0,40,22.3,1,0,1
TX007511,P118,Pacific Chemicals,792,1,417400.0,60,0,44,27.3,0,1,0
TX007512,P071,Golden Metals,794,1,265100.0,0,3,47,26.6,0,1,0
TX007513,P075,Marina Industries,591,3,25500.0,30,1,49,12.7,1,1,0
TX007514,P035,Sierra Materials,652,3,57900.0,30,1,66,10.3,0,1,1
TX007515,P084,Meridian Metals,749,1,398600.0,0,0,45,23.2,0,1,0
TX007516,P035,Sierra Materials,689,3,59200.0,60,1,66,9.3,0,0,1
TX007517,P063,Prime Agro,466,4,218600.0,60,3,13,0.5,0,1,1
TX007518,P076,Nordic Materials,619,3,66100.0,90,0,58,11.8,0,0,1
TX007519,P023,Sierra Trading,476,4,113600.0,30,2,19,3.6,0,0,1
TX007520,P095,Meridian Trading,834,2,234800.0,30,0,44,21.2,0,0,0
TX007521,P093,Union Global,826,2,395700.0,60,2,52,20.6,0,0,0
TX007522,P036,Prime Trading,769,1,179200.0,30,0,40,22.7,0,0,0
TX007523,P041,Falcon Industries,611,3,35500.0,90,1,63,6.5,0,1,0
TX007524,P094,Union Chemicals,763,1,764500.0,60,1,48,16.8,0,0,0
TX007525,P078,Pacific Materials,836,1,305100.0,0,1,37,22.1,1,1,0
TX007526,P070,Crest Metals,828,1,609600.0,90,0,45,23.7,0,0,0
TX007527,P037,Nordic Global,669,3,61900.0,30,1,45,14.5,1,0,0
TX007528,P022,Sierra Metals,839,2,300200.0,60,1,46,20.3,0,1,0
TX007529,P016,Aurora Energy,789,1,173600.0,30,0,45,26.8,1,1,0
TX007530,P097,Marina Chemicals,804,2,528100.0,90,4,35,20.0,1,0,0
TX007531,P079,Golden Agro,660,2,26600.0,30,0,54,14.4,1,1,0
TX007532,P107,Prime Metals,809,2,307700.0,0,1,47,22.4,1,1,0
TX007533,P101,Aurora Agro,682,3,152800.0,60,0,12,7.2,0,0,0
TX007534,P043,Atlas Chemicals,791,2,550400.0,60,1,46,22.0,0,0,1
TX007535,P110,Meridian Energy,795,1,298500.0,60,0,50,22.5,1,1,0
TX007536,P118,Pacific Chemicals,773,1,288000.0,30,0,44,26.7,0,0,0
TX007537,P071,Golden Metals,820,1,333100.0,30,0,47,27.0,1,1,0
TX007538,P096,Prime Materials,781,2,444100.0,60,0,50,22.8,0,1,0
TX007539,P116,Aurora Materials,662,3,52500.0,0,2,55,10.1,0,0,0
TX007540,P084,Meridian Metals,732,1,250200.0,60,1,45,22.7,0,0,0
TX007541,P028,Pacific Global,631,2,73200.0,60,1,51,15.1,1,0,0
TX007542,P026,Summit Materials,732,3,172900.0,90,0,31,8.8,0,0,0
TX007543,P079,Golden Agro,665,2,32900.0,0,0,54,12.8,0,1,0
TX007544,P010,Delta Chemicals,666,3,86900.0,90,1,51,11.1,1,1,0
TX007545,P089,Golden Power,814,1,334800.0,60,0,45,23.6,0,0,0
TX007546,P096,Prime Materials,786,2,858500.0,30,0,50,23.3,0,0,0
TX007547,P014,Orient Global,821,1,715300.0,30,0,44,19.0,1,0,0
TX007548,P112,Orient Materials,796,1,305200.0,90,0,45,23.6,1,0,0
TX007549,P101,Aurora Agro,708,3,312800.0,30,1,12,6.2,1,1,0
TX007550,P066,Orient Energy,610,3,45000.0,30,1,54,5.1,0,1,0
TX007551,P003,Delta Materials,830,1,361400.0,30,2,41,20.7,0,0,0
TX007552,P008,Vega Logistics,728,2,109300.0,60,0,19,9.3,0,1,0
TX007553,P067,Vega Materials,794,2,724100.0,90,0,51,21.9,0,0,0
TX007554,P061,Harbor Metals,663,2,67900.0,0,2,58,14.8,0,1,0
TX007555,P037,Nordic Global,673,3,39500.0,0,1,45,13.7,1,1,0
TX007556,P032,Cobalt Logistics,734,3,65300.0,60,0,23,5.1,1,0,0
TX007557,P009,Falcon Global,648,3,41600.0,60,1,51,9.6,0,1,0
TX007558,P035,Sierra Materials,684,3,42800.0,90,1,66,9.2,0,1,0
TX007559,P034,Union Trading,742,2,370000.0,0,0,54,18.8,0,1,0
TX007560,P043,Atlas Chemicals,812,2,469900.0,60,0,46,22.1,0,0,0
TX007561,P108,Orient Power,697,3,27100.0,0,0,41,12.6,1,0,0
TX007562,P117,Falcon Energy,692,2,64800.0,60,1,50,8.0,0,0,0
TX007563,P012,Prime Power,647,2,54000.0,30,0,60,4.5,0,0,0
TX007564,P027,Summit Power,721,3,88500.0,60,0,21,3.2,1,0,0
TX007565,P097,Marina Chemicals,818,2,279100.0,30,2,35,19.6,0,0,0
TX007566,P055,Delta Energy,683,3,31600.0,60,2,53,10.7,1,0,0
TX007567,P027,Summit Power,706,3,107600.0,30,0,21,4.2,1,1,0
TX007568,P088,Falcon Trading,596,3,43800.0,60,1,43,12.2,1,0,1
TX007569,P006,Harbor Agro,703,3,171800.0,60,0,28,4.1,0,1,0
TX007570,P014,Orient Global,812,1,375500.0,60,0,44,18.3,1,0,0
TX007571,P019,Cobalt Materials,491,4,125900.0,30,3,4,5.0,0,0,1
TX007572,P079,Golden Agro,673,2,28700.0,60,1,54,13.7,1,1,0
TX007573,P080,Harbor Global,527,4,193100.0,30,2,20,5.3,1,0,0
TX007574,P089,Golden Power,828,1,419100.0,30,0,45,25.2,1,1,0
TX007575,P082,Union Materials,659,3,110800.0,60,1,14,11.9,1,0,1
TX007576,P036,Prime Trading,754,1,264100.0,60,2,40,23.5,1,0,0
TX007577,P085,Pacific Agro,676,3,43100.0,90,1,55,16.0,0,0,0
TX007578,P055,Delta Energy,683,3,37100.0,30,2,53,10.9,0,0,0
TX007579,P109,Delta Trading,816,1,397900.0,60,1,40,23.1,0,1,0
TX007580,P068,Cobalt Trading,690,4,181500.0,60,0,21,0.5,0,1,0
TX007581,P010,Delta Chemicals,668,3,98200.0,0,0,51,11.2,0,0,0
TX007582,P058,Zenith Logistics,723,3,245400.0,60,0,19,7.3,0,1,0
TX007583,P038,Marina Logistics,523,5,146200.0,60,1,14,3.7,0,0,1
TX007584,P039,Nordic Chemicals,497,4,134200.0,60,3,12,7.8,1,1,1
TX007585,P032,Cobalt Logistics,705,3,72400.0,90,0,23,4.2,0,1,0
TX007586,P107,Prime Metals,785,2,296400.0,30,0,47,23.9,1,1,0
TX007587,P061,Harbor Metals,646,2,24000.0,30,2,58,15.9,0,1,1
TX007588,P064,Zenith Chemicals,661,4,48900.0,0,1,44,7.8,0,1,0
TX007589,P079,Golden Agro,675,2,26900.0,60,0,54,13.4,0,1,0
TX007590,P002,Corona Agro,700,3,177800.0,30,1,25,3.5,0,0,1
TX007591,P078,Pacific Materials,825,1,349000.0,30,1,37,22.5,1,1,0
TX007592,P054,Golden Global,668,3,45900.0,60,1,58,16.8,0,0,0
TX007593,P113,Meridian Agro,619,3,46600.0,60,1,52,7.4,0,0,0
TX007594,P102,Falcon Power,786,1,410700.0,0,0,49,23.5,0,0,0
TX007595,P113,Meridian Agro,631,3,39400.0,30,1,52,7.7,0,1,0
TX007596,P079,Golden Agro,670,2,30000.0,60,0,54,13.5,0,1,0
TX007597,P015,Crest Materials,754,1,406800.0,90,0,34,24.6,0,0,0
TX007598,P014,Orient Global,801,1,510800.0,30,0,44,17.9,0,1,0
TX007599,P066,Orient Energy,617,3,38500.0,30,1,54,5.8,0,1,1
TX007600,P082,Union Materials,655,3,156600.0,30,1,14,11.7,0,0,0
TX007601,P057,Summit Industries,484,5,99900.0,0,4,4,1.7,0,0,1
TX007602,P118,Pacific Chemicals,776,1,238600.0,60,1,44,27.1,0,0,0
TX007603,P096,Prime Materials,775,2,683500.0,0,0,50,24.6,0,1,0
TX007604,P026,Summit Materials,728,3,159100.0,60,0,31,7.9,0,1,0
TX007605,P080,Harbor Global,527,4,114800.0,30,2,20,5.0,0,0,1
TX007606,P021,Harbor Power,685,3,88600.0,90,0,15,12.0,1,0,0
TX007607,P077,Corona Energy,801,2,460900.0,90,0,37,18.2,1,0,0
TX007608,P078,Pacific Materials,827,1,546500.0,0,1,37,22.9,0,1,0
TX007609,P009,Falcon Global,646,3,20000.0,0,1,51,9.8,0,0,0
TX007610,P022,Sierra Metals,854,2,311600.0,30,1,46,21.3,0,1,0
TX007611,P098,Marina Agro,612,3,33200.0,60,1,57,16.9,1,0,0
TX007612,P041,Falcon Industries,634,3,39500.0,30,2,63,6.5,0,1,0
TX007613,P058,Zenith Logistics,715,3,234300.0,30,1,19,8.0,0,0,0
TX007614,P091,Nordic Trading,840,2,306700.0,60,1,45,19.3,0,1,0
TX007615,P110,Meridian Energy,806,1,531800.0,30,0,50,22.8,0,1,0
TX007616,P045,Meridian Materials,673,4,116800.0,90,2,51,10.0,0,1,0
TX007617,P059,Falcon Materials,674,2,162700.0,30,2,21,8.4,0,1,1
TX007618,P086,Sierra Energy,461,4,85900.0,30,4,5,14.8,0,0,1
TX007619,P062,Aurora Industries,689,3,127500.0,90,3,33,8.6,0,0,0
TX007620,P042,Corona Power,711,3,133000.0,30,0,25,11.4,1,0,0
TX007621,P003,Delta Materials,836,1,395400.0,60,1,41,20.9,0,1,0
TX007622,P113,Meridian Agro,611,3,66700.0,30,1,52,8.9,0,0,0
TX007623,P037,Nordic Global,667,3,66100.0,0,1,45,13.8,0,0,1
TX007624,P114,Corona Logistics,762,1,520200.0,30,0,52,19.4,0,1,0
TX007625,P045,Meridian Materials,676,4,63100.0,30,1,51,10.6,1,0,0
TX007626,P003,Delta Materials,844,1,275800.0,60,1,41,21.0,0,0,0
TX007627,P059,Falcon Materials,679,2,138000.0,0,2,21,9.6,1,0,0
TX007628,P012,Prime Power,618,2,41400.0,30,0,60,4.4,0,0,0
TX007629,P117,Falcon Energy,691,2,51000.0,60,1,50,7.7,0,0,0
TX007630,P073,Vega Metals,718,2,288000.0,0,1,23,11.4,0,0,0
TX007631,P062,Aurora Industries,664,3,77500.0,30,2,33,8.1,0,1,0
TX007632,P120,Orient Chemicals,638,2,70000.0,0,1,50,13.1,0,1,0
TX007633,P097,Marina Chemicals,810,2,380300.0,60,1,35,19.3,0,1,0
TX007634,P016,Aurora Energy,830,1,313200.0,0,1,45,26.6,0,0,0
TX007635,P036,Prime Trading,741,1,296900.0,30,0,40,23.4,0,0,0
TX007636,P028,Pacific Global,629,2,74700.0,60,2,51,13.8,0,1,0
TX007637,P032,Cobalt Logistics,705,3,89500.0,90,0,23,5.2,1,0,0
TX007638,P046,Vega Agro,639,4,83300.0,30,0,56,9.5,0,0,1
TX007639,P008,Vega Logistics,725,2,212400.0,30,0,19,9.5,0,0,0
TX007640,P118,Pacific Chemicals,784,1,317500.0,30,0,44,26.8,0,0,0
TX007641,P040,Union Power,732,3,139900.0,30,1,15,4.2,1,0,0
TX007642,P072,Meridian Logistics,651,3,34700.0,30,0,51,8.2,0,0,0
TX007643,P098,Marina Agro,649,3,29000.0,30,1,57,16.7,0,1,0
TX007644,P111,Prime Global,747,2,139200.0,60,0,21,4.2,1,1,0
TX007645,P118,Pacific Chemicals,778,1,165100.0,30,1,44,26.9,0,1,0
TX007646,P048,Orient Metals,632,2,29800.0,0,1,45,12.6,0,1,0
TX007647,P116,Aurora Materials,638,3,32800.0,60,2,55,9.7,1,0,0
TX007648,P118,Pacific Chemicals,790,1,241700.0,30,0,44,27.1,0,1,0
TX007649,P105,Prime Logistics,499,4,83800.0,30,4,12,3.0,1,0,0
TX007650,P064,Zenith Chemicals,657,4,24600.0,30,1,44,6.5,1,1,0
TX007651,P116,Aurora Materials,667,3,27800.0,60,2,55,10.6,0,0,0
TX007652,P040,Union Power,716,3,139300.0,60,1,15,3.0,0,1,0
TX007653,P095,Meridian Trading,804,2,338900.0,30,0,44,21.4,1,0,0
TX007654,P067,Vega Materials,788,2,643600.0,30,0,51,22.4,0,1,0
TX007655,P109,Delta Trading,850,1,229600.0,60,0,40,23.5,0,1,0
TX007656,P070,Crest Metals,837,1,518800.0,30,0,45,24.1,0,0,0
TX007657,P067,Vega Materials,777,2,366100.0,60,0,51,22.1,1,0,0
TX007658,P103,Golden Materials,666,2,128100.0,90,0,8,8.7,1,1,0
TX007659,P118,Pacific Chemicals,772,1,193600.0,60,0,44,26.6,0,1,0
TX007660,P094,Union Chemicals,750,1,1129300.0,60,0,48,16.1,1,0,0
TX007661,P117,Falcon Energy,668,2,36500.0,30,1,50,7.8,0,1,0
TX007662,P032,Cobalt Logistics,707,3,131100.0,30,0,23,4.0,0,0,1
TX007663,P108,Orient Power,693,3,34700.0,30,0,41,11.3,0,1,0
TX007664,P115,Vega Trading,699,2,110600.0,60,0,20,8.0,0,0,0
TX007665,P076,Nordic Materials,598,3,79700.0,30,0,58,11.6,0,0,0
TX007666,P031,Vega Power,773,2,501500.0,30,0,38,17.5,0,0,0
TX007667,P048,Orient Metals,628,2,33000.0,60,2,45,12.9,0,1,0
TX007668,P107,Prime Metals,794,2,177100.0,30,0,47,23.1,1,0,0
TX007669,P097,Marina Chemicals,810,2,273000.0,30,1,35,18.7,0,1,0
TX007670,P020,Corona Materials,675,3,88600.0,0,0,40,16.1,0,1,0
TX007671,P048,Orient Metals,634,2,58800.0,90,1,45,11.8,1,0,0
TX007672,P094,Union Chemicals,782,1,514700.0,60,0,48,17.1,0,1,0
TX007673,P094,Union Chemicals,787,1,817400.0,90,0,48,16.9,0,1,0
TX007674,P003,Delta Materials,843,1,712500.0,60,2,41,20.4,1,0,0
TX007675,P084,Meridian Metals,748,1,427600.0,90,0,45,22.9,0,1,0
TX007676,P110,Meridian Energy,809,1,358100.0,0,0,50,23.1,0,1,0
TX007677,P026,Summit Materials,722,3,109500.0,30,0,31,8.2,0,1,0
TX007678,P012,Prime Power,640,2,29400.0,60,0,60,4.1,1,0,0
TX007679,P120,Orient Chemicals,631,2,59800.0,0,0,50,13.4,0,0,0
TX007680,P031,Vega Power,789,2,425800.0,30,0,38,17.2,0,0,0
TX007681,P114,Corona Logistics,745,1,575900.0,30,1,52,18.7,1,0,0
TX007682,P074,Aurora Logistics,481,5,117100.0,30,3,7,7.2,0,1,1
TX007683,P016,Aurora Energy,821,1,159600.0,0,0,45,25.9,0,1,0
TX007684,P108,Orient Power,705,3,30300.0,0,2,41,12.8,0,1,0
TX007685,P031,Vega Power,774,2,207000.0,0,0,38,17.9,0,0,0
TX007686,P051,Union Energy,698,3,27700.0,30,0,51,10.7,0,0,0
TX007687,P096,Prime Materials,797,2,530400.0,60,0,50,23.5,0,1,0
TX007688,P034,Union Trading,762,2,498300.0,30,0,54,18.9,0,0,0
TX007689,P015,Crest Materials,770,1,196900.0,30,0,34,24.0,1,1,0
TX007690,P033,Delta Industries,686,2,97700.0,0,0,24,6.0,0,0,0
TX007691,P015,Crest Materials,774,1,443400.0,30,0,34,24.0,0,1,0
TX007692,P087,Corona Metals,689,2,111900.0,60,2,19,12.9,1,0,0
TX007693,P090,Falcon Agro,807,2,365300.0,60,0,36,20.2,0,1,0
TX007694,P116,Aurora Materials,653,3,39900.0,90,2,55,9.7,0,0,1
TX007695,P093,Union Global,847,2,664100.0,30,1,52,20.3,0,1,0
TX007696,P069,Sierra Global,662,2,134300.0,30,1,31,3.3,0,0,0
TX007697,P096,Prime Materials,779,2,577500.0,30,0,50,22.8,1,1,0
TX007698,P097,Marina Chemicals,810,2,268900.0,60,2,35,19.1,0,0,0
TX007699,P114,Corona Logistics,748,1,204500.0,90,0,52,19.1,0,1,0
TX007700,P011,Corona Industries,684,3,164600.0,30,1,20,10.9,0,0,0
TX007701,P082,Union Materials,638,3,87100.0,90,1,14,11.7,0,1,1
TX007702,P084,Meridian Metals,743,1,167000.0,0,0,45,23.7,1,0,0
TX007703,P114,Corona Logistics,755,1,333200.0,0,0,52,19.3,1,1,0
TX007704,P070,Crest Metals,840,1,606000.0,90,0,45,23.7,1,1,0
TX007705,P054,Golden Global,658,3,29100.0,30,1,58,16.2,0,1,0
TX007706,P067,Vega Materials,796,2,570700.0,0,0,51,21.6,1,1,0
TX007707,P097,Marina Chemicals,808,2,242400.0,60,1,35,19.4,0,1,0
TX007708,P095,Meridian Trading,789,2,169900.0,60,2,44,21.1,0,0,0
TX007709,P040,Union Power,724,3,141500.0,30,1,15,3.5,0,1,0
TX007710,P044,Summit Agro,709,2,159200.0,90,0,23,7.9,0,0,0
TX007711,P091,Nordic Trading,836,2,184400.0,60,0,45,20.4,0,0,0
TX007712,P041,Falcon Industries,622,3,52400.0,30,1,63,7.5,0,1,0
TX007713,P065,Crest Global,684,2,117800.0,30,1,15,13.9,0,0,0
TX007714,P010,Delta Chemicals,682,3,56200.0,30,1,51,10.7,1,0,0
TX007715,P023,Sierra Trading,469,4,156200.0,60,2,19,4.3,1,0,1
TX007716,P084,Meridian Metals,781,1,382500.0,60,2,45,23.1,0,0,0
TX007717,P104,Summit Energy,839,2,303600.0,60,1,41,22.2,0,0,0
TX007718,P066,Orient Energy,625,3,28700.0,0,2,54,5.3,1,0,0
TX007719,P119,Meridian Chemicals,654,1,118400.0,90,1,25,11.0,0,0,0
TX007720,P009,Falcon Global,619,3,22200.0,0,2,51,8.9,0,1,0
TX007721,P085,Pacific Agro,681,3,39500.0,30,1,55,16.0,1,0,0
TX007722,P113,Meridian Agro,612,3,78400.0,30,2,52,8.1,0,1,0
TX007723,P016,Aurora Energy,818,1,379000.0,30,0,45,27.2,0,1,0
TX007724,P055,Delta Energy,696,3,49700.0,60,3,53,10.5,1,1,1
TX007725,P108,Orient Power,669,3,30400.0,0,2,41,11.5,0,0,0
TX007726,P068,Cobalt Trading,685,4,343000.0,90,0,21,0.5,1,0,1
TX007727,P063,Prime Agro,491,4,121400.0,0,2,13,0.8,0,0,1
TX007728,P018,Marina Global,645,3,33100.0,60,1,58,15.1,1,1,0
TX007729,P118,Pacific Chemicals,766,1,281100.0,60,0,44,26.0,0,1,0
TX007730,P011,Corona Industries,717,3,168500.0,60,0,20,10.2,0,1,0
TX007731,P118,Pacific Chemicals,780,1,232900.0,0,0,44,26.4,0,1,0
TX007732,P073,Vega Metals,727,2,342500.0,60,1,23,10.7,0,0,0
TX007733,P035,Sierra Materials,638,3,31900.0,60,1,66,9.5,0,1,1
TX007734,P118,Pacific Chemicals,782,1,240300.0,90,1,44,26.4,0,1,0
TX007735,P080,Harbor Global,503,4,85100.0,60,3,20,4.5,0,1,1
TX007736,P110,Meridian Energy,811,1,256900.0,30,0,50,22.8,0,0,0
TX007737,P096,Prime Materials,770,2,502700.0,90,0,50,24.0,0,0,0
TX007738,P047,Pacific Metals,657,3,152900.0,30,1,11,7.5,0,0,0
TX007739,P091,Nordic Trading,844,2,363500.0,90,0,45,20.1,0,0,0
TX007740,P088,Falcon Trading,618,3,40900.0,0,1,43,12.0,1,1,0
TX007741,P088,Falcon Trading,598,3,33800.0,30,1,43,12.8,0,0,1
TX007742,P109,Delta Trading,842,1,287500.0,0,0,40,23.9,0,1,0
TX007743,P072,Meridian Logistics,643,3,34100.0,0,1,51,8.1,0,1,0
TX007744,P084,Meridian Metals,769,1,351400.0,30,2,45,22.5,1,1,0
TX007745,P031,Vega Power,779,2,349800.0,60,0,38,17.2,0,0,0
TX007746,P015,Crest Materials,767,1,510900.0,0,0,34,23.8,0,1,0
TX007747,P084,Meridian Metals,740,1,286800.0,90,1,45,23.0,0,0,0
TX007748,P092,Falcon Metals,672,2,66200.0,60,2,47,14.9,1,1,0
TX007749,P064,Zenith Chemicals,674,4,42400.0,60,1,44,7.5,1,0,0
TX007750,P078,Pacific Materials,821,1,274500.0,60,1,37,23.5,0,1,0
TX007751,P062,Aurora Industries,681,3,112900.0,60,1,33,8.4,0,0,0
TX007752,P012,Prime Power,624,2,31300.0,60,0,60,4.0,0,1,0
TX007753,P067,Vega Materials,765,2,505800.0,0,0,51,21.4,0,0,0
TX007754,P111,Prime Global,716,2,118300.0,0,0,21,4.7,0,0,0
TX007755,P051,Union Energy,679,3,43200.0,60,0,51,11.2,0,1,1
TX007756,P097,Marina Chemicals,786,2,321300.0,90,1,35,18.9,1,1,0
TX007757,P097,Marina Chemicals,800,2,475600.0,90,1,35,19.7,0,1,0
TX007758,P035,Sierra Materials,650,3,32200.0,30,2,66,9.5,1,0,0
TX007759,P013,Orient Logistics,760,2,181200.0,30,1,37,18.4,0,1,0
TX007760,P070,Crest Metals,820,1,501200.0,90,0,45,23.5,0,1,0
TX007761,P014,Orient Global,810,1,460900.0,90,1,44,18.9,0,1,0
TX007762,P023,Sierra Trading,476,4,112900.0,90,2,19,4.9,0,0,1
TX007763,P077,Corona Energy,820,2,453900.0,60,2,37,18.5,0,0,0
TX007764,P037,Nordic Global,659,3,38700.0,90,2,45,14.1,0,0,1
TX007765,P036,Prime Trading,764,1,189400.0,90,1,40,22.7,0,0,0
TX007766,P056,Union Agro,715,2,206300.0,60,1,22,7.9,0,0,0
TX007767,P116,Aurora Materials,640,3,42200.0,30,2,55,10.0,0,1,0
TX007768,P027,Summit Power,698,3,102400.0,60,0,21,4.2,0,1,0
TX007769,P012,Prime Power,618,2,29400.0,90,0,60,4.4,1,0,0
TX007770,P043,Atlas Chemicals,813,2,448100.0,60,0,46,22.1,1,0,0
TX007771,P037,Nordic Global,667,3,45800.0,60,1,45,12.8,0,0,0
TX007772,P046,Vega Agro,614,4,68100.0,30,1,56,11.0,1,1,0
TX007773,P013,Orient Logistics,743,2,268500.0,60,2,37,18.4,0,0,0
TX007774,P008,Vega Logistics,708,2,188100.0,60,0,19,9.1,1,1,0
TX007775,P026,Summit Materials,754,3,155700.0,60,0,31,8.6,0,1,0
TX007776,P012,Prime Power,615,2,42200.0,0,0,60,4.5,0,1,0
TX007777,P093,Union Global,831,2,389000.0,30,1,52,19.3,0,0,0
TX007778,P094,Union Chemicals,789,1,881400.0,0,0,48,16.5,0,0,0
TX007779,P120,Orient Chemicals,638,2,58800.0,0,0,50,13.0,0,0,0
TX007780,P109,Delta Trading,834,1,223500.0,90,0,40,22.9,1,1,0
TX007781,P088,Falcon Trading,628,3,44000.0,30,1,43,13.0,0,1,0
TX007782,P108,Orient Power,700,3,31100.0,90,1,41,11.8,0,0,0
TX007783,P004,Al-Rashid Trading,478,5,136800.0,30,2,6,6.3,0,1,1
TX007784,P055,Delta Energy,687,3,27100.0,60,2,53,11.6,0,0,0
TX007785,P059,Falcon Materials,695,2,176000.0,90,2,21,8.8,0,1,0
TX007786,P007,Cairo Grid Co,536,4,120600.0,30,3,19,2.0,0,1,1
TX007787,P011,Corona Industries,656,3,163500.0,0,0,20,11.0,1,0,0
TX007788,P025,Crest Industries,712,2,206000.0,30,0,14,7.0,0,0,0
TX007789,P091,Nordic Trading,834,2,462500.0,30,0,45,19.6,0,1,0
TX007790,P119,Meridian Chemicals,636,1,91400.0,30,1,25,11.5,0,1,0
TX007791,P031,Vega Power,765,2,372000.0,0,0,38,16.8,0,0,0
TX007792,P026,Summit Materials,707,3,89900.0,0,0,31,8.5,1,0,0
TX007793,P112,Orient Materials,838,1,262900.0,60,0,45,23.6,1,1,0
TX007794,P064,Zenith Chemicals,673,4,42300.0,0,1,44,7.8,1,0,0
TX007795,P036,Prime Trading,765,1,355300.0,30,0,40,23.8,0,1,0
TX007796,P023,Sierra Trading,477,4,147600.0,30,3,19,4.0,0,1,1
TX007797,P008,Vega Logistics,724,2,387900.0,30,0,19,9.7,1,1,0
TX007798,P109,Delta Trading,804,1,513200.0,60,0,40,23.7,1,0,0
TX007799,P114,Corona Logistics,756,1,299500.0,0,0,52,19.7,0,1,0
TX007800,P110,Meridian Energy,817,1,279000.0,60,1,50,22.9,0,1,0
TX007801,P039,Nordic Chemicals,481,4,88400.0,60,3,12,7.8,1,0,1
TX007802,P039,Nordic Chemicals,483,4,173100.0,30,4,12,7.2,1,1,1
TX007803,P002,Corona Agro,701,3,206700.0,90,2,25,3.5,0,1,0
TX007804,P032,Cobalt Logistics,723,3,257400.0,90,0,23,4.5,0,1,0
TX007805,P072,Meridian Logistics,635,3,34500.0,60,0,51,9.0,0,1,1
TX007806,P048,Orient Metals,634,2,36400.0,90,2,45,13.1,0,0,0
TX007807,P045,Meridian Materials,659,4,57100.0,30,1,51,10.9,0,0,1
TX007808,P051,Union Energy,681,3,42600.0,90,0,51,10.8,0,1,0
TX007809,P002,Corona Agro,680,3,185400.0,30,1,25,4.2,1,0,0
TX007810,P026,Summit Materials,748,3,104000.0,30,2,31,9.2,1,1,0
TX007811,P114,Corona Logistics,752,1,360300.0,30,0,52,18.7,0,0,0
TX007812,P108,Orient Power,683,3,37400.0,30,0,41,11.7,1,1,0
TX007813,P076,Nordic Materials,634,3,71200.0,60,0,58,11.8,0,1,0
TX007814,P027,Summit Power,718,3,73900.0,90,0,21,3.2,0,0,0
TX007815,P085,Pacific Agro,683,3,29400.0,0,2,55,15.9,1,0,0
TX007816,P022,Sierra Metals,840,2,155200.0,30,2,46,21.5,1,1,0
TX007817,P020,Corona Materials,696,3,72600.0,60,0,40,14.5,0,0,0
TX007818,P024,Zenith Energy,706,3,101000.0,30,0,16,8.0,0,1,0
TX007819,P115,Vega Trading,715,2,135700.0,60,0,20,8.3,1,1,0
TX007820,P112,Orient Materials,809,1,300300.0,60,1,45,23.7,1,1,0
TX007821,P089,Golden Power,820,1,190100.0,90,0,45,24.6,0,0,0
TX007822,P031,Vega Power,768,2,408000.0,60,2,38,16.6,1,0,0
TX007823,P116,Aurora Materials,658,3,58000.0,90,2,55,10.0,0,0,1
TX007824,P051,Union Energy,706,3,70600.0,30,0,51,10.6,1,0,0
TX007825,P095,Meridian Trading,820,2,260600.0,60,0,44,21.2,1,1,0
TX007826,P114,Corona Logistics,737,1,320800.0,90,1,52,19.0,0,1,0
TX007827,P118,Pacific Chemicals,786,1,229100.0,30,0,44,27.4,0,1,0
TX007828,P072,Meridian Logistics,638,3,18400.0,60,0,51,8.9,0,0,0
TX007829,P097,Marina Chemicals,812,2,288900.0,0,1,35,19.2,0,0,0
TX007830,P097,Marina Chemicals,832,2,524400.0,30,1,35,18.9,0,1,0
TX007831,P114,Corona Logistics,756,1,226900.0,90,0,52,18.5,0,1,0
TX007832,P006,Harbor Agro,707,3,175300.0,30,0,28,4.5,1,0,0
TX007833,P061,Harbor Metals,659,2,71800.0,30,2,58,14.9,0,0,1
TX007834,P054,Golden Global,641,3,39300.0,60,2,58,15.5,0,1,0
TX007835,P031,Vega Power,736,2,390200.0,30,1,38,16.4,0,1,0
TX007836,P061,Harbor Metals,661,2,57600.0,30,1,58,15.6,0,1,0
TX007837,P091,Nordic Trading,875,2,414900.0,60,0,45,20.4,0,0,0
TX007838,P007,Cairo Grid Co,527,4,142100.0,0,4,19,1.5,0,0,1
TX007839,P075,Marina Industries,611,3,29300.0,60,1,49,12.1,0,0,0
TX007840,P082,Union Materials,665,3,116600.0,60,1,14,11.4,0,0,1
TX007841,P095,Meridian Trading,813,2,189600.0,30,0,44,21.3,1,0,0
TX007842,P068,Cobalt Trading,692,4,176100.0,90,2,21,1.0,0,0,0
TX007843,P028,Pacific Global,637,2,55300.0,30,2,51,14.8,0,0,0
TX007844,P075,Marina Industries,576,3,25500.0,30,1,49,12.0,0,0,0
TX007845,P033,Delta Industries,695,2,131700.0,90,0,24,6.3,1,0,0
TX007846,P089,Golden Power,801,1,424800.0,60,0,45,24.8,0,1,0
TX007847,P075,Marina Industries,616,3,51100.0,30,1,49,11.2,1,0,0
TX007848,P070,Crest Metals,817,1,1159000.0,60,0,45,23.0,1,0,0
TX007849,P051,Union Energy,668,3,79200.0,90,2,51,11.5,1,1,0
TX007850,P075,Marina Industries,630,3,35200.0,60,1,49,12.1,0,1,0
TX007851,P045,Meridian Materials,690,4,62100.0,60,2,51,10.8,0,0,1
TX007852,P116,Aurora Materials,663,3,33500.0,0,2,55,10.2,1,0,1
TX007853,P114,Corona Logistics,741,1,258400.0,30,0,52,18.9,0,0,0
TX007854,P120,Orient Chemicals,636,2,101700.0,30,0,50,13.2,0,1,0
TX007855,P038,Marina Logistics,536,5,84800.0,0,1,14,3.7,1,1,1
TX007856,P036,Prime Trading,761,1,273200.0,30,0,40,23.2,0,0,0
TX007857,P068,Cobalt Trading,722,4,172100.0,90,0,21,0.6,0,1,1
TX007858,P072,Meridian Logistics,635,3,27900.0,90,0,51,9.2,1,1,0
TX007859,P071,Golden Metals,809,1,306000.0,60,1,47,27.3,0,1,0
TX007860,P107,Prime Metals,799,2,164200.0,30,0,47,24.2,1,0,0
TX007861,P054,Golden Global,635,3,32200.0,30,1,58,16.8,0,1,0
TX007862,P108,Orient Power,653,3,19600.0,60,1,41,12.1,0,0,0
TX007863,P098,Marina Agro,637,3,22700.0,0,1,57,18.0,1,0,0
TX007864,P116,Aurora Materials,646,3,29000.0,60,2,55,9.8,1,1,1
TX007865,P056,Union Agro,741,2,89100.0,0,0,22,8.2,1,1,0
TX007866,P070,Crest Metals,837,1,426400.0,30,0,45,23.3,0,1,0
TX007867,P035,Sierra Materials,680,3,48000.0,0,3,66,9.6,0,1,0
TX007868,P036,Prime Trading,765,1,188700.0,60,0,40,22.9,0,0,0
TX007869,P006,Harbor Agro,694,3,152600.0,0,0,28,4.6,0,0,0
TX007870,P078,Pacific Materials,824,1,420600.0,30,0,37,23.3,0,1,0
TX007871,P035,Sierra Materials,673,3,47000.0,30,1,66,9.1,1,0,0
TX007872,P031,Vega Power,793,2,320800.0,30,0,38,17.2,0,0,0
TX007873,P012,Prime Power,646,2,55800.0,30,0,60,5.0,0,1,0
TX007874,P097,Marina Chemicals,802,2,260300.0,30,1,35,19.2,1,0,0
TX007875,P048,Orient Metals,607,2,36700.0,60,2,45,12.1,0,0,0
TX007876,P108,Orient Power,707,3,36700.0,0,1,41,12.2,1,0,0
TX007877,P022,Sierra Metals,856,2,259900.0,60,1,46,20.8,0,1,0
TX007878,P114,Corona Logistics,744,1,534400.0,60,0,52,19.3,0,0,0
TX007879,P014,Orient Global,828,1,464500.0,0,0,44,18.0,1,1,0
TX007880,P073,Vega Metals,708,2,265200.0,30,1,23,10.3,0,0,0
TX007881,P090,Falcon Agro,819,2,499500.0,90,0,36,20.9,0,0,0
TX007882,P120,Orient Chemicals,634,2,71900.0,60,0,50,12.7,0,1,0
TX007883,P007,Cairo Grid Co,526,4,76400.0,30,3,19,2.0,1,0,0
TX007884,P073,Vega Metals,690,2,185900.0,60,2,23,10.2,0,0,0
TX007885,P094,Union Chemicals,756,1,599200.0,0,0,48,16.2,1,0,0
TX007886,P097,Marina Chemicals,811,2,379800.0,0,1,35,19.7,1,0,0
TX007887,P037,Nordic Global,686,3,59600.0,90,3,45,13.6,0,0,1
TX007888,P068,Cobalt Trading,669,4,207000.0,30,0,21,1.0,1,1,0
TX007889,P091,Nordic Trading,833,2,282400.0,30,0,45,18.9,0,1,0
TX007890,P014,Orient Global,812,1,347400.0,60,0,44,17.8,0,0,0
TX007891,P046,Vega Agro,621,4,53400.0,30,0,56,10.0,1,0,0
TX007892,P071,Golden Metals,790,1,475400.0,30,1,47,27.3,1,0,0
TX007893,P079,Golden Agro,648,2,36900.0,30,0,54,13.4,0,1,0
TX007894,P106,Prime Industries,723,2,146300.0,60,2,20,8.3,0,0,0
TX007895,P048,Orient Metals,607,2,96700.0,90,1,45,12.1,0,1,1
TX007896,P091,Nordic Trading,843,2,210900.0,0,0,45,19.6,0,1,0
TX007897,P043,Atlas Chemicals,814,2,802700.0,90,0,46,21.3,1,1,0
TX007898,P047,Pacific Metals,663,3,144300.0,60,1,11,6.5,0,1,0
TX007899,P009,Falcon Global,626,3,36100.0,0,1,51,8.7,0,1,0
TX007900,P079,Golden Agro,650,2,31600.0,30,0,54,13.1,0,0,0
TX007901,P013,Orient Logistics,746,2,111500.0,30,0,37,19.1,0,1,0
TX007902,P076,Nordic Materials,622,3,68900.0,90,0,58,11.6,0,0,0
TX007903,P065,Crest Global,684,2,84800.0,30,0,15,13.7,1,1,0
TX007904,P027,Summit Power,712,3,62700.0,60,0,21,3.0,0,0,0
TX007905,P066,Orient Energy,627,3,46600.0,30,2,54,5.6,0,0,1
TX007906,P037,Nordic Global,663,3,43000.0,0,2,45,13.4,0,0,0
TX007907,P022,Sierra Metals,841,2,281400.0,60,1,46,21.6,0,0,0
TX007908,P094,Union Chemicals,799,1,865600.0,30,0,48,17.1,0,1,0
TX007909,P077,Corona Energy,806,2,169200.0,30,1,37,19.6,1,1,0
TX007910,P071,Golden Metals,766,1,281900.0,60,0,47,27.3,0,1,0
TX007911,P028,Pacific Global,636,2,75000.0,30,1,51,14.3,1,0,0
TX007912,P076,Nordic Materials,640,3,81300.0,60,0,58,12.8,0,0,1
TX007913,P108,Orient Power,710,3,42000.0,0,1,41,12.4,0,1,0
TX007914,P006,Harbor Agro,703,3,170500.0,30,1,28,3.9,0,0,1
TX007915,P055,Delta Energy,677,3,27800.0,30,2,53,10.9,0,1,0
TX007916,P005,Zenith Trading,623,3,28700.0,0,1,56,18.0,0,1,0
TX007917,P014,Orient Global,799,1,382700.0,30,1,44,18.0,0,0,0
TX007918,P092,Falcon Metals,680,2,48700.0,30,2,47,16.6,0,1,0
TX007919,P005,Zenith Trading,627,3,41800.0,90,1,56,18.1,0,1,0
TX007920,P105,Prime Logistics,506,4,54800.0,30,4,12,3.2,0,0,1
TX007921,P079,Golden Agro,674,2,42600.0,60,1,54,13.4,0,1,0
TX007922,P020,Corona Materials,675,3,67700.0,0,0,40,15.0,1,1,0
TX007923,P096,Prime Materials,798,2,562200.0,60,0,50,24.1,0,0,0
TX007924,P078,Pacific Materials,805,1,523700.0,0,1,37,23.2,0,1,0
TX007925,P031,Vega Power,788,2,299000.0,30,0,38,17.3,0,0,0
TX007926,P045,Meridian Materials,688,4,52800.0,60,1,51,10.4,0,1,0
TX007927,P064,Zenith Chemicals,647,4,32700.0,30,1,44,7.6,0,0,1
TX007928,P056,Union Agro,728,2,170800.0,60,1,22,8.9,0,0,0
TX007929,P015,Crest Materials,767,1,234600.0,0,0,34,24.0,1,0,0
TX007930,P032,Cobalt Logistics,708,3,141200.0,60,0,23,5.3,0,0,0
TX007931,P041,Falcon Industries,640,3,66800.0,60,1,63,7.0,0,0,0
TX007932,P077,Corona Energy,798,2,509100.0,60,0,37,18.7,0,1,0
TX007933,P022,Sierra Metals,849,2,260000.0,90,1,46,21.2,0,1,0
TX007934,P010,Delta Chemicals,679,3,69600.0,60,0,51,10.5,0,0,0
TX007935,P020,Corona Materials,659,3,51800.0,60,1,40,15.6,0,0,0
TX007936,P026,Summit Materials,724,3,185100.0,0,0,31,8.9,0,1,0
TX007937,P012,Prime Power,638,2,48700.0,0,0,60,4.5,0,1,0
TX007938,P114,Corona Logistics,763,1,519400.0,30,0,52,18.3,0,1,0
TX007939,P064,Zenith Chemicals,666,4,55600.0,60,1,44,7.4,0,1,0
TX007940,P119,Meridian Chemicals,653,1,124900.0,30,1,25,12.1,1,0,0
TX007941,P079,Golden Agro,650,2,35900.0,90,0,54,13.6,0,0,0
TX007942,P043,Atlas Chemicals,790,2,521800.0,60,0,46,22.5,0,1,0
TX007943,P094,Union Chemicals,802,1,875800.0,0,0,48,16.6,1,0,0
TX007944,P096,Prime Materials,777,2,583100.0,30,0,50,23.6,1,1,0
TX007945,P054,Golden Global,664,3,39800.0,90,2,58,16.6,0,1,1
TX007946,P091,Nordic Trading,864,2,331800.0,0,0,45,20.1,1,0,0
TX007947,P084,Meridian Metals,751,1,293000.0,60,0,45,22.8,0,0,0
TX007948,P112,Orient Materials,812,1,231500.0,60,0,45,23.5,1,0,0
TX007949,P112,Orient Materials,795,1,474700.0,90,0,45,24.1,0,0,0
TX007950,P115,Vega Trading,705,2,110000.0,60,0,20,7.6,0,0,0
TX007951,P041,Falcon Industries,622,3,48600.0,30,2,63,6.9,1,1,0
TX007952,P104,Summit Energy,824,2,1075300.0,0,1,41,22.3,1,1,0
TX007953,P008,Vega Logistics,724,2,165600.0,60,0,19,9.9,0,1,0
TX007954,P113,Meridian Agro,609,3,88900.0,30,1,52,8.2,1,0,0
TX007955,P107,Prime Metals,800,2,259900.0,30,0,47,22.7,0,0,0
TX007956,P032,Cobalt Logistics,706,3,103600.0,0,0,23,4.6,0,0,0
TX007957,P071,Golden Metals,787,1,312200.0,60,0,47,27.7,0,1,0
TX007958,P021,Harbor Power,684,3,105500.0,0,0,15,13.7,1,0,0
TX007959,P005,Zenith Trading,624,3,22500.0,30,2,56,17.6,0,0,0
TX007960,P119,Meridian Chemicals,659,1,95300.0,30,2,25,11.6,0,1,0
TX007961,P091,Nordic Trading,850,2,296100.0,0,0,45,19.8,1,1,0
TX007962,P078,Pacific Materials,841,1,322300.0,60,1,37,23.0,1,0,0
TX007963,P090,Falcon Agro,830,2,400800.0,30,1,36,21.5,0,0,0
TX007964,P028,Pacific Global,624,2,72100.0,90,1,51,14.9,1,1,0
TX007965,P091,Nordic Trading,842,2,296700.0,60,0,45,19.8,1,0,0
TX007966,P095,Meridian Trading,787,2,229700.0,0,1,44,21.9,1,0,0
TX007967,P027,Summit Power,715,3,112200.0,0,0,21,3.0,0,1,0
TX007968,P004,Al-Rashid Trading,471,5,192400.0,30,2,6,6.4,0,1,0
TX007969,P076,Nordic Materials,628,3,66400.0,60,0,58,12.2,0,1,0
TX007970,P031,Vega Power,797,2,296300.0,90,0,38,17.0,0,1,1
TX007971,P043,Atlas Chemicals,820,2,539100.0,60,0,46,21.8,1,1,0
TX007972,P022,Sierra Metals,840,2,243300.0,30,2,46,21.2,1,0,0
TX007973,P041,Falcon Industries,613,3,38800.0,60,1,63,6.2,0,0,1
TX007974,P043,Atlas Chemicals,798,2,492300.0,0,0,46,21.8,0,1,0
TX007975,P114,Corona Logistics,745,1,323500.0,30,0,52,19.1,0,0,0
TX007976,P028,Pacific Global,636,2,46700.0,0,1,51,15.4,1,0,0
TX007977,P015,Crest Materials,763,1,799300.0,60,1,34,24.2,1,0,0
TX007978,P014,Orient Global,824,1,399000.0,0,1,44,18.5,0,0,0
TX007979,P114,Corona Logistics,762,1,519400.0,0,0,52,18.7,1,1,0
TX007980,P118,Pacific Chemicals,767,1,380300.0,30,0,44,25.8,0,1,0
TX007981,P115,Vega Trading,686,2,163000.0,60,0,20,7.9,0,0,0
TX007982,P070,Crest Metals,818,1,490000.0,60,1,45,23.6,0,0,0
TX007983,P110,Meridian Energy,800,1,335000.0,30,0,50,22.2,0,1,0
TX007984,P090,Falcon Agro,830,2,364200.0,0,0,36,21.0,0,1,0
TX007985,P037,Nordic Global,679,3,36500.0,90,1,45,13.9,0,0,1
TX007986,P093,Union Global,829,2,474300.0,60,1,52,20.3,1,1,0
TX007987,P080,Harbor Global,536,4,115400.0,30,4,20,5.0,0,0,1
TX007988,P085,Pacific Agro,687,3,37900.0,0,2,55,16.0,0,1,0
TX007989,P046,Vega Agro,636,4,55700.0,60,1,56,9.4,0,0,1
TX007990,P109,Delta Trading,818,1,351400.0,30,0,40,24.1,1,1,0
TX007991,P035,Sierra Materials,677,3,43500.0,60,4,66,8.9,0,0,0
TX007992,P092,Falcon Metals,675,2,45500.0,30,2,47,16.4,1,0,0
TX007993,P059,Falcon Materials,672,2,284100.0,60,2,21,9.4,0,1,0
TX007994,P085,Pacific Agro,672,3,19500.0,60,1,55,15.9,0,0,0
TX007995,P026,Summit Materials,725,3,131800.0,30,0,31,7.7,1,1,0
TX007996,P117,Falcon Energy,699,2,83900.0,90,1,50,8.4,1,0,0
TX007997,P077,Corona Energy,808,2,432800.0,30,1,37,18.0,1,1,0
TX007998,P092,Falcon Metals,680,2,57200.0,0,1,47,15.6,1,0,0
TX007999,P048,Orient Metals,626,2,33500.0,30,1,45,12.6,1,0,0
TX008000,P014,Orient Global,790,1,568700.0,60,1,44,18.9,1,0,0
TX008001,P119,Meridian Chemicals,647,1,123700.0,30,1,25,11.5,1,0,0
TX008002,P096,Prime Materials,793,2,859200.0,0,0,50,23.9,0,1,0
TX008003,P008,Vega Logistics,727,2,192000.0,60,0,19,10.1,0,1,0
TX008004,P055,Delta Energy,689,3,27600.0,60,2,53,11.7,0,1,0
TX008005,P108,Orient Power,695,3,39500.0,60,0,41,11.7,0,0,0
TX008006,P072,Meridian Logistics,661,3,37400.0,90,0,51,8.6,0,0,0
TX008007,P080,Harbor Global,509,4,81400.0,60,3,20,3.8,0,1,1
TX008008,P096,Prime Materials,803,2,478900.0,60,0,50,24.0,0,0,0
TX008009,P066,Orient Energy,600,3,37100.0,0,1,54,6.7,0,1,1
TX008010,P035,Sierra Materials,654,3,35000.0,30,1,66,9.0,0,0,0
TX008011,P089,Golden Power,807,1,322500.0,30,0,45,24.4,1,0,0
TX008012,P020,Corona Materials,671,3,110900.0,60,1,40,15.4,1,0,0
TX008013,P120,Orient Chemicals,619,2,79100.0,60,0,50,13.3,1,1,0
TX008014,P016,Aurora Energy,813,1,280000.0,30,0,45,26.1,0,0,0
TX008015,P098,Marina Agro,633,3,34600.0,60,1,57,17.2,0,1,0
TX008016,P009,Falcon Global,637,3,41100.0,0,2,51,8.7,1,1,0
TX008017,P041,Falcon Industries,607,3,39600.0,60,1,63,6.8,1,1,0
TX008018,P013,Orient Logistics,741,2,218700.0,90,1,37,18.3,0,0,0
TX008019,P094,Union Chemicals,803,1,785000.0,60,0,48,16.0,1,0,0
TX008020,P104,Summit Energy,842,2,761100.0,90,1,41,22.0,1,0,0
TX008021,P098,Marina Agro,640,3,44800.0,30,2,57,18.4,0,0,0
TX008022,P043,Atlas Chemicals,796,2,626100.0,0,1,46,21.1,0,1,0
TX008023,P118,Pacific Chemicals,792,1,359200.0,30,1,44,26.9,0,0,0
TX008024,P093,Union Global,830,2,419500.0,30,1,52,20.3,0,0,0
TX008025,P091,Nordic Trading,845,2,284500.0,60,0,45,20.3,1,1,0
TX008026,P099,Aurora Global,670,1,166900.0,60,1,26,11.6,0,0,0
TX008027,P011,Corona Industries,686,3,163700.0,90,1,20,10.8,1,1,0
TX008028,P002,Corona Agro,713,3,143600.0,30,3,25,4.2,0,1,0
TX008029,P061,Harbor Metals,648,2,60000.0,60,1,58,14.6,0,0,0
TX008030,P076,Nordic Materials,630,3,86000.0,30,1,58,11.1,1,0,0
TX008031,P003,Delta Materials,838,1,350400.0,30,1,41,20.3,0,1,0
TX008032,P075,Marina Industries,607,3,38600.0,60,1,49,12.0,1,0,0
TX008033,P043,Atlas Chemicals,817,2,835700.0,30,0,46,22.2,0,1,0
TX008034,P112,Orient Materials,803,1,309200.0,30,0,45,23.6,1,1,0
TX008035,P092,Falcon Metals,675,2,72400.0,30,1,47,16.3,0,0,1
TX008036,P071,Golden Metals,776,1,192100.0,60,1,47,27.5,0,0,0
TX008037,P054,Golden Global,662,3,52600.0,0,1,58,16.1,1,0,0
TX008038,P009,Falcon Global,642,3,41800.0,0,2,51,9.8,0,1,0
TX008039,P061,Harbor Metals,655,2,49900.0,90,1,58,14.4,0,0,0
TX008040,P043,Atlas Chemicals,794,2,438800.0,0,0,46,22.2,0,0,0
TX008041,P076,Nordic Materials,618,3,46400.0,90,0,58,12.6,0,0,0
TX008042,P023,Sierra Trading,475,4,139900.0,60,2,19,3.8,0,0,1
TX008043,P046,Vega Agro,640,4,21400.0,0,0,56,9.8,0,0,0
TX008044,P080,Harbor Global,518,4,135200.0,30,2,20,4.9,1,1,1
TX008045,P031,Vega Power,789,2,654600.0,30,0,38,16.8,0,1,0
TX008046,P037,Nordic Global,668,3,56000.0,60,1,45,14.5,0,0,0
TX008047,P077,Corona Energy,811,2,417200.0,0,0,37,18.9,0,1,0
TX008048,P029,Atlas Global,437,5,167100.0,60,2,8,0.5,0,0,1
TX008049,P036,Prime Trading,755,1,264600.0,30,0,40,23.0,1,1,0
TX008050,P107,Prime Metals,789,2,218900.0,60,0,47,22.8,0,1,0
TX008051,P051,Union Energy,678,3,53800.0,0,0,51,11.4,0,0,0
TX008052,P014,Orient Global,801,1,419700.0,30,0,44,18.6,1,1,0
TX008053,P096,Prime Materials,806,2,717000.0,60,0,50,24.1,1,0,0
TX008054,P064,Zenith Chemicals,658,4,31800.0,0,3,44,7.3,1,1,0
TX008055,P109,Delta Trading,844,1,432800.0,30,0,40,23.6,0,0,0
TX008056,P073,Vega Metals,682,2,142300.0,30,1,23,9.8,0,1,0
TX008057,P096,Prime Materials,769,2,880300.0,90,0,50,23.2,1,1,0
TX008058,P008,Vega Logistics,723,2,159900.0,60,0,19,9.7,1,1,0
TX008059,P090,Falcon Agro,823,2,355000.0,60,0,36,20.9,0,0,0
TX008060,P011,Corona Industries,678,3,119700.0,60,0,20,10.4,0,0,0
TX008061,P076,Nordic Materials,611,3,99600.0,60,0,58,12.1,1,1,0
TX008062,P120,Orient Chemicals,643,2,117100.0,0,0,50,13.5,0,0,0
TX008063,P085,Pacific Agro,696,3,38600.0,60,1,55,15.8,1,0,0
TX008064,P095,Meridian Trading,825,2,220500.0,60,1,44,20.9,1,0,0
TX008065,P118,Pacific Chemicals,760,1,375100.0,60,1,44,26.3,0,0,0
TX008066,P056,Union Agro,690,2,131700.0,30,0,22,7.3,0,0,0
TX008067,P098,Marina Agro,665,3,31600.0,30,2,57,17.9,0,0,0
TX008068,P107,Prime Metals,806,2,204300.0,30,0,47,23.0,0,0,0
TX008069,P042,Corona Power,684,3,147900.0,90,0,25,11.7,1,0,1
TX008070,P038,Marina Logistics,534,5,101000.0,0,2,14,4.4,1,1,1
TX008071,P090,Falcon Agro,837,2,281300.0,90,0,36,21.1,1,0,0
TX008072,P079,Golden Agro,655,2,29000.0,30,0,54,13.5,0,0,0
TX008073,P091,Nordic Trading,864,2,397800.0,60,0,45,19.9,0,1,0
TX008074,P097,Marina Chemicals,818,2,225400.0,30,1,35,19.2,0,0,0
TX008075,P102,Falcon Power,770,1,318000.0,60,0,49,23.2,0,0,0
TX008076,P016,Aurora Energy,819,1,252100.0,30,0,45,26.1,0,0,0
TX008077,P007,Cairo Grid Co,508,4,92300.0,30,3,19,1.4,0,0,1
TX008078,P061,Harbor Metals,665,2,27900.0,90,1,58,15.0,1,1,0
TX008079,P094,Union Chemicals,758,1,876000.0,60,1,48,15.6,0,1,0
TX008080,P059,Falcon Materials,689,2,274100.0,0,2,21,9.2,0,0,0
TX008081,P041,Falcon Industries,625,3,38800.0,0,1,63,7.3,0,0,1
TX008082,P065,Crest Global,708,2,110000.0,0,0,15,13.4,0,0,1
TX008083,P028,Pacific Global,648,2,46300.0,0,1,51,14.2,0,0,0
TX008084,P035,Sierra Materials,660,3,29500.0,30,1,66,9.4,0,1,0
TX008085,P051,Union Energy,707,3,100600.0,90,0,51,10.5,0,1,0
TX008086,P075,Marina Industries,599,3,28200.0,30,2,49,10.9,1,1,0
TX008087,P043,Atlas Chemicals,804,2,360800.0,30,0,46,22.5,0,0,0
TX008088,P055,Delta Energy,677,3,15300.0,0,2,53,10.5,1,0,0
TX008089,P041,Falcon Industries,638,3,25900.0,90,2,63,6.6,0,0,1
TX008090,P046,Vega Agro,644,4,51800.0,60,0,56,10.0,1,0,0
TX008091,P088,Falcon Trading,629,3,51200.0,0,1,43,14.0,1,1,0
TX008092,P063,Prime Agro,483,4,62500.0,60,3,13,0.5,1,0,1
TX008093,P114,Corona Logistics,749,1,290100.0,60,1,52,19.2,0,0,0
TX008094,P047,Pacific Metals,662,3,119600.0,30,1,11,6.5,0,1,0
TX008095,P013,Orient Logistics,762,2,253400.0,0,0,37,19.1,0,0,0
TX008096,P012,Prime Power,643,2,62000.0,30,0,60,4.3,0,1,0
TX008097,P094,Union Chemicals,782,1,1517000.0,0,0,48,16.9,1,0,0
TX008098,P109,Delta Trading,819,1,212800.0,90,0,40,23.3,1,0,0
TX008099,P014,Orient Global,804,1,634700.0,0,0,44,18.4,0,1,0
TX008100,P070,Crest Metals,815,1,454000.0,60,0,45,23.7,0,1,0
TX008101,P046,Vega Agro,628,4,32400.0,30,0,56,9.9,0,0,0
TX008102,P070,Crest Metals,802,1,377300.0,0,0,45,23.5,0,1,0
TX008103,P077,Corona Energy,776,2,335900.0,60,1,37,18.0,0,0,0
TX008104,P013,Orient Logistics,761,2,169500.0,30,0,37,18.4,0,1,0
TX008105,P022,Sierra Metals,852,2,258200.0,30,2,46,21.8,1,0,0
TX008106,P013,Orient Logistics,753,2,203500.0,90,0,37,18.0,0,0,0
TX008107,P109,Delta Trading,807,1,251600.0,0,0,40,23.4,0,1,0
TX008108,P075,Marina Industries,601,3,35800.0,60,1,49,11.9,0,0,1
TX008109,P098,Marina Agro,671,3,46300.0,0,1,57,18.0,0,1,0
TX008110,P066,Orient Energy,613,3,20200.0,30,1,54,5.3,0,1,0
TX008111,P078,Pacific Materials,831,1,265400.0,60,0,37,22.8,1,1,0
TX008112,P113,Meridian Agro,627,3,25700.0,60,1,52,8.4,0,0,0
TX008113,P075,Marina Industries,630,3,53500.0,30,1,49,12.6,1,0,0
TX008114,P077,Corona Energy,784,2,423400.0,30,0,37,18.8,0,1,0
TX008115,P096,Prime Materials,779,2,625100.0,0,0,50,24.1,0,1,0
TX008116,P012,Prime Power,641,2,60200.0,60,0,60,3.9,1,0,0
TX008117,P093,Union Global,839,2,374700.0,30,1,52,20.7,0,0,0
TX008118,P117,Falcon Energy,684,2,76500.0,90,2,50,7.5,0,0,0
TX008119,P030,Golden Energy,489,5,69800.0,60,3,5,7.8,0,0,0
TX008120,P088,Falcon Trading,596,3,51600.0,0,1,43,12.9,0,0,1
TX008121,P097,Marina Chemicals,808,2,257500.0,60,1,35,18.9,0,0,0
TX008122,P022,Sierra Metals,857,2,337900.0,90,1,46,20.6,0,1,0
TX008123,P072,Meridian Logistics,648,3,32500.0,90,0,51,8.5,0,0,0
TX008124,P110,Meridian Energy,788,1,542100.0,90,0,50,24.0,0,1,0
TX008125,P096,Prime Materials,777,2,474600.0,60,2,50,23.4,0,0,0
TX008126,P015,Crest Materials,762,1,321900.0,30,1,34,23.8,0,0,0
TX008127,P089,Golden Power,804,1,664000.0,30,0,45,24.5,0,0,0
TX008128,P010,Delta Chemicals,651,3,93600.0,30,1,51,10.5,0,1,0
TX008129,P037,Nordic Global,662,3,54200.0,30,1,45,13.6,0,1,0
TX008130,P034,Union Trading,746,2,316800.0,0,0,54,18.1,0,0,0
TX008131,P018,Marina Global,638,3,46000.0,90,1,58,16.2,1,1,0
TX008132,P069,Sierra Global,668,2,142100.0,0,1,31,3.5,0,0,0
TX008133,P079,Golden Agro,665,2,50700.0,30,0,54,12.7,1,1,0
TX008134,P097,Marina Chemicals,813,2,256600.0,30,1,35,19.7,0,0,0
TX008135,P108,Orient Power,691,3,33500.0,30,0,41,11.3,0,0,0
TX008136,P114,Corona Logistics,735,1,329000.0,60,0,52,19.9,1,0,0
TX008137,P034,Union Trading,744,2,324300.0,30,0,54,18.4,0,0,0
TX008138,P116,Aurora Materials,676,3,70200.0,0,2,55,9.2,0,1,0
TX008139,P078,Pacific Materials,831,1,361000.0,90,0,37,22.0,0,1,0
TX008140,P090,Falcon Agro,825,2,335000.0,30,1,36,21.3,0,0,0
TX008141,P003,Delta Materials,831,1,195400.0,0,1,41,20.7,0,0,0
TX008142,P109,Delta Trading,824,1,386400.0,90,0,40,22.5,1,1,0
TX008143,P022,Sierra Metals,860,2,219100.0,90,3,46,22.8,0,1,0
TX008144,P070,Crest Metals,820,1,619500.0,60,0,45,24.0,1,0,0
TX008145,P062,Aurora Industries,667,3,96300.0,60,1,33,7.8,0,0,0
TX008146,P018,Marina Global,640,3,34900.0,90,1,58,16.2,0,0,1
TX008147,P118,Pacific Chemicals,766,1,310000.0,60,0,44,27.0,0,0,0
TX008148,P036,Prime Trading,768,1,246000.0,60,0,40,24.0,1,1,0
TX008149,P045,Meridian Materials,681,4,42800.0,30,1,51,11.1,0,0,1
TX008150,P012,Prime Power,630,2,33400.0,30,1,60,4.5,0,0,0
TX008151,P113,Meridian Agro,611,3,70800.0,30,1,52,9.3,0,1,0
TX008152,P076,Nordic Materials,652,3,39500.0,0,1,58,11.6,0,0,0
TX008153,P017,Lagos Agro Ltd,514,4,122000.0,90,4,7,3.0,1,1,1
TX008154,P095,Meridian Trading,798,2,289500.0,0,1,44,21.6,1,0,0
TX008155,P044,Summit Agro,735,2,354500.0,30,0,23,7.8,0,0,0
TX008156,P094,Union Chemicals,756,1,903900.0,0,0,48,16.7,0,1,0
TX008157,P021,Harbor Power,687,3,156000.0,0,0,15,13.1,0,0,0
TX008158,P046,Vega Agro,625,4,33100.0,60,0,56,9.6,0,0,0
TX008159,P037,Nordic Global,671,3,46200.0,0,1,45,13.6,0,0,0
TX008160,P018,Marina Global,631,3,47400.0,90,1,58,15.9,0,0,1
TX008161,P016,Aurora Energy,805,1,246000.0,0,0,45,27.5,0,1,0
TX008162,P022,Sierra Metals,844,2,180400.0,30,1,46,20.9,0,0,0
TX008163,P034,Union Trading,771,2,222100.0,90,1,54,17.9,0,0,0
TX008164,P113,Meridian Agro,620,3,56100.0,0,2,52,8.1,0,0,1
TX008165,P044,Summit Agro,706,2,134800.0,60,1,23,8.3,0,1,0
TX008166,P077,Corona Energy,801,2,378800.0,30,0,37,18.7,0,0,0
TX008167,P041,Falcon Industries,640,3,38900.0,30,3,63,7.1,0,0,0
TX008168,P023,Sierra Trading,469,4,156800.0,30,2,19,4.1,0,0,1
TX008169,P016,Aurora Energy,801,1,180000.0,60,0,45,26.9,0,0,0
TX008170,P034,Union Trading,760,2,559600.0,90,0,54,17.9,0,0,0
TX008171,P043,Atlas Chemicals,802,2,929900.0,60,0,46,22.4,0,1,0
TX008172,P109,Delta Trading,821,1,295800.0,60,0,40,23.3,1,0,0
TX008173,P118,Pacific Chemicals,779,1,349500.0,60,0,44,27.3,0,0,0
TX008174,P002,Corona Agro,713,3,220000.0,60,1,25,2.5,0,1,0
TX008175,P041,Falcon Industries,637,3,27000.0,60,1,63,7.0,0,0,1
TX008176,P013,Orient Logistics,766,2,236800.0,0,1,37,19.3,0,0,0
TX008177,P117,Falcon Energy,665,2,42900.0,30,1,50,7.3,0,0,1
TX008178,P009,Falcon Global,625,3,49400.0,30,1,51,9.3,0,1,0
TX008179,P076,Nordic Materials,622,3,70300.0,0,1,58,11.9,0,1,0
TX008180,P085,Pacific Agro,678,3,34100.0,30,2,55,16.4,0,0,0
TX008181,P066,Orient Energy,613,3,43300.0,60,3,54,6.3,0,0,0
TX008182,P107,Prime Metals,820,2,189900.0,30,1,47,22.4,0,1,0
TX008183,P005,Zenith Trading,610,3,22100.0,90,1,56,17.5,0,0,0
TX008184,P088,Falcon Trading,604,3,45500.0,60,1,43,11.7,0,0,0
TX008185,P078,Pacific Materials,806,1,192300.0,30,0,37,23.2,0,1,0
TX008186,P015,Crest Materials,772,1,299700.0,30,0,34,24.4,1,0,0
TX008187,P022,Sierra Metals,848,2,164300.0,90,1,46,21.8,1,0,0
TX008188,P098,Marina Agro,652,3,38000.0,90,1,57,16.8,1,0,1
TX008189,P092,Falcon Metals,677,2,41400.0,90,1,47,17.2,0,0,0
TX008190,P041,Falcon Industries,621,3,18800.0,0,2,63,6.7,0,1,0
TX008191,P114,Corona Logistics,758,1,390400.0,30,0,52,19.1,0,1,0
TX008192,P028,Pacific Global,648,2,41900.0,30,1,51,14.9,0,1,0
TX008193,P011,Corona Industries,690,3,166400.0,90,0,20,11.2,1,0,0
TX008194,P116,Aurora Materials,654,3,65100.0,30,2,55,9.4,1,0,0
TX008195,P005,Zenith Trading,607,3,31200.0,30,2,56,18.0,1,1,0
TX008196,P083,Crest Agro,696,3,113200.0,60,0,19,7.6,0,0,0
TX008197,P109,Delta Trading,824,1,334900.0,90,0,40,23.4,1,0,0
TX008198,P037,Nordic Global,684,3,59700.0,60,1,45,13.1,0,0,0
TX008199,P090,Falcon Agro,818,2,422100.0,30,0,36,21.5,0,0,0
TX008200,P044,Summit Agro,729,2,178200.0,60,0,23,7.9,0,0,0
TX008201,P120,Orient Chemicals,638,2,36300.0,0,0,50,12.9,0,0,0
TX008202,P005,Zenith Trading,628,3,49800.0,30,1,56,18.4,0,1,0
TX008203,P073,Vega Metals,711,2,218500.0,30,1,23,10.4,1,1,0
TX008204,P012,Prime Power,634,2,45500.0,30,0,60,4.4,1,1,0
TX008205,P018,Marina Global,662,3,34500.0,30,1,58,15.4,0,1,0
TX008206,P027,Summit Power,723,3,67900.0,30,1,21,3.2,0,0,0
TX008207,P016,Aurora Energy,809,1,226500.0,30,0,45,27.1,1,1,0
TX008208,P072,Meridian Logistics,654,3,34600.0,0,0,51,8.5,0,0,0
TX008209,P028,Pacific Global,639,2,43800.0,30,1,51,14.1,0,0,0
TX008210,P012,Prime Power,636,2,32200.0,90,0,60,4.7,0,0,0
TX008211,P018,Marina Global,652,3,37500.0,60,1,58,15.0,0,1,0
TX008212,P066,Orient Energy,625,3,56300.0,0,2,54,5.5,0,1,0
TX008213,P064,Zenith Chemicals,647,4,47300.0,30,2,44,7.6,0,0,0
TX008214,P018,Marina Global,631,3,44500.0,60,2,58,15.9,0,1,0
TX008215,P065,Crest Global,697,2,110400.0,0,0,15,13.5,0,0,0
TX008216,P020,Corona Materials,663,3,105500.0,0,1,40,14.9,1,1,0
TX008217,P102,Falcon Power,785,1,196300.0,0,1,49,22.1,0,0,0
TX008218,P115,Vega Trading,687,2,204300.0,60,0,20,8.0,1,0,0
TX008219,P018,Marina Global,666,3,31400.0,30,1,58,15.8,1,1,0
TX008220,P075,Marina Industries,616,3,28300.0,60,1,49,12.5,1,1,0
TX008221,P079,Golden Agro,647,2,25800.0,0,0,54,13.1,0,1,0
TX008222,P102,Falcon Power,778,1,253100.0,60,0,49,22.3,0,0,0
TX008223,P018,Marina Global,648,3,45000.0,0,1,58,15.4,0,0,0
TX008224,P109,Delta Trading,801,1,427000.0,90,0,40,22.2,0,1,0
TX008225,P076,Nordic Materials,622,3,60700.0,60,0,58,12.1,1,0,0
TX008226,P034,Union Trading,760,2,271500.0,60,0,54,18.5,0,1,0
TX008227,P113,Meridian Agro,602,3,46400.0,90,1,52,9.0,1,1,0
TX008228,P091,Nordic Trading,847,2,639000.0,60,1,45,18.7,0,0,0
TX008229,P104,Summit Energy,829,2,347200.0,30,1,41,22.0,0,0,0
TX008230,P035,Sierra Materials,670,3,54300.0,60,1,66,9.8,0,0,0
TX008231,P079,Golden Agro,689,2,45000.0,30,0,54,12.7,1,0,0
TX008232,P034,Union Trading,738,2,589300.0,60,0,54,17.7,1,1,0
TX008233,P094,Union Chemicals,791,1,450600.0,60,0,48,16.1,0,1,0
TX008234,P021,Harbor Power,657,3,145000.0,30,0,15,13.0,1,1,0
TX008235,P053,Summit Global,742,3,137400.0,0,1,14,11.2,1,0,0
TX008236,P055,Delta Energy,690,3,30300.0,0,2,53,11.0,0,0,0
TX008237,P007,Cairo Grid Co,513,4,59900.0,60,3,19,1.3,1,1,0
TX008238,P112,Orient Materials,804,1,190300.0,30,0,45,23.3,0,0,0
TX008239,P112,Orient Materials,804,1,235500.0,90,0,45,23.5,0,0,0
TX008240,P072,Meridian Logistics,654,3,34500.0,60,0,51,8.4,0,0,1
TX008241,P035,Sierra Materials,677,3,56200.0,60,1,66,8.5,1,1,0
TX008242,P079,Golden Agro,688,2,35000.0,90,0,54,14.5,0,0,0
TX008243,P072,Meridian Logistics,660,3,40800.0,0,2,51,9.0,1,1,0
TX008244,P070,Crest Metals,824,1,690000.0,60,0,45,23.9,0,0,0
TX008245,P020,Corona Materials,661,3,92700.0,30,2,40,14.5,0,0,0
TX008246,P035,Sierra Materials,638,3,54700.0,60,2,66,9.3,0,0,1
TX008247,P003,Delta Materials,850,1,313600.0,60,1,41,19.9,0,0,0
TX008248,P118,Pacific Chemicals,774,1,302900.0,90,0,44,27.3,1,0,0
TX008249,P107,Prime Metals,798,2,257200.0,30,0,47,24.1,0,0,0
TX008250,P051,Union Energy,693,3,58900.0,30,0,51,11.9,0,0,0
TX008251,P090,Falcon Agro,834,2,300900.0,60,0,36,21.1,1,1,0
TX008252,P005,Zenith Trading,609,3,51700.0,30,2,56,18.3,0,0,0
TX008253,P035,Sierra Materials,666,3,35500.0,30,2,66,9.0,0,1,1
TX008254,P099,Aurora Global,688,1,108600.0,90,1,26,11.4,1,1,0
TX008255,P098,Marina Agro,663,3,32800.0,30,1,57,17.1,0,1,0
TX008256,P031,Vega Power,774,2,249700.0,30,0,38,17.4,1,1,0
TX008257,P104,Summit Energy,848,2,644300.0,30,1,41,22.1,1,0,0
TX008258,P072,Meridian Logistics,661,3,57100.0,30,1,51,8.6,0,0,1
TX008259,P041,Falcon Industries,633,3,52300.0,90,1,63,6.7,0,0,1
TX008260,P012,Prime Power,625,2,51700.0,60,0,60,4.6,0,0,0
TX008261,P078,Pacific Materials,797,1,519700.0,0,0,37,22.0,0,0,0
TX008262,P045,Meridian Materials,666,4,55500.0,60,1,51,10.6,1,0,0
TX008263,P054,Golden Global,662,3,27700.0,60,1,58,15.8,0,0,0
TX008264,P032,Cobalt Logistics,722,3,98900.0,30,1,23,4.6,0,1,0
TX008265,P083,Crest Agro,683,3,142700.0,30,0,19,8.0,0,0,1
TX008266,P062,Aurora Industries,666,3,81100.0,90,2,33,8.4,1,0,0
TX008267,P075,Marina Industries,621,3,40000.0,30,1,49,12.4,0,1,0
TX008268,P092,Falcon Metals,670,2,52600.0,60,1,47,15.9,0,0,0
TX008269,P043,Atlas Chemicals,793,2,341900.0,60,1,46,21.3,1,1,0
TX008270,P024,Zenith Energy,704,3,147900.0,30,0,16,8.1,0,1,0
TX008271,P097,Marina Chemicals,806,2,263200.0,0,1,35,19.4,0,1,0
TX008272,P015,Crest Materials,772,1,457400.0,30,0,34,25.5,0,0,0
TX008273,P037,Nordic Global,680,3,74000.0,30,1,45,12.6,0,1,0
TX008274,P025,Crest Industries,697,2,333700.0,60,0,14,6.4,1,1,0
TX008275,P064,Zenith Chemicals,649,4,24200.0,0,1,44,8.3,1,0,0
TX008276,P098,Marina Agro,674,3,42200.0,30,2,57,17.0,1,0,0
TX008277,P033,Delta Industries,679,2,111700.0,60,1,24,5.9,0,0,0
TX008278,P066,Orient Energy,616,3,52700.0,30,2,54,5.8,1,0,0
TX008279,P107,Prime Metals,798,2,240200.0,0,0,47,23.6,0,1,0
TX008280,P102,Falcon Power,777,1,478200.0,30,0,49,22.3,0,1,0
TX008281,P078,Pacific Materials,803,1,216900.0,60,0,37,21.3,0,0,0
TX008282,P012,Prime Power,631,2,47700.0,60,0,60,5.2,1,0,1
TX008283,P061,Harbor Metals,658,2,31400.0,30,1,58,15.2,0,1,1
TX008284,P055,Delta Energy,673,3,28800.0,30,3,53,10.7,0,1,0
TX008285,P075,Marina Industries,610,3,63600.0,60,2,49,11.9,0,1,1
TX008286,P098,Marina Agro,666,3,42500.0,60,1,57,17.4,1,0,0
TX008287,P063,Prime Agro,463,4,83500.0,30,2,13,0.5,0,0,1
TX008288,P098,Marina Agro,685,3,45800.0,90,1,57,17.6,0,0,1
TX008289,P054,Golden Global,635,3,30400.0,30,2,58,16.3,0,1,0
TX008290,P116,Aurora Materials,658,3,58600.0,60,2,55,9.6,0,0,1
TX008291,P110,Meridian Energy,804,1,450100.0,0,2,50,22.8,0,0,0
TX008292,P085,Pacific Agro,680,3,36700.0,60,1,55,15.8,0,1,0
TX008293,P010,Delta Chemicals,692,3,50800.0,0,0,51,11.2,1,0,0
TX008294,P010,Delta Chemicals,685,3,85600.0,0,0,51,9.9,0,0,0
TX008295,P096,Prime Materials,796,2,642100.0,30,0,50,23.1,0,1,0
TX008296,P079,Golden Agro,673,2,35200.0,30,0,54,13.6,1,0,0
TX008297,P101,Aurora Agro,667,3,250100.0,0,0,12,7.0,1,1,0
TX008298,P001,Delta Power,700,2,95600.0,30,0,19,2.4,0,0,0
TX008299,P091,Nordic Trading,841,2,325100.0,30,0,45,20.1,0,0,0
TX008300,P048,Orient Metals,622,2,27100.0,60,1,45,11.9,0,1,1
TX008301,P070,Crest Metals,822,1,691900.0,30,0,45,23.4,1,1,0
TX008302,P062,Aurora Industries,660,3,62000.0,60,1,33,7.6,0,1,0
TX008303,P013,Orient Logistics,746,2,331000.0,90,0,37,18.6,0,1,0
TX008304,P072,Meridian Logistics,642,3,44100.0,30,0,51,8.0,1,1,0
TX008305,P090,Falcon Agro,818,2,568600.0,30,1,36,21.2,1,1,0
TX008306,P084,Meridian Metals,741,1,204800.0,60,0,45,22.9,1,0,0
TX008307,P077,Corona Energy,800,2,393700.0,90,0,37,18.6,0,0,0
TX008308,P077,Corona Energy,815,2,445200.0,30,1,37,18.0,0,0,0
TX008309,P061,Harbor Metals,658,2,105100.0,30,1,58,14.6,1,1,0
TX008310,P102,Falcon Power,769,1,288400.0,30,1,49,22.3,0,0,0
TX008311,P071,Golden Metals,795,1,179200.0,60,0,47,27.3,1,0,0
TX008312,P094,Union Chemicals,760,1,579300.0,60,1,48,16.1,0,1,0
TX008313,P006,Harbor Agro,706,3,127200.0,30,0,28,4.4,0,1,0
TX008314,P115,Vega Trading,693,2,245500.0,90,0,20,8.0,0,1,0
TX008315,P011,Corona Industries,694,3,167900.0,60,0,20,11.7,0,1,0
TX008316,P113,Meridian Agro,607,3,55100.0,0,1,52,8.2,1,1,0
TX008317,P088,Falcon Trading,603,3,48600.0,60,1,43,12.1,1,0,1
TX008318,P003,Delta Materials,867,1,240600.0,30,1,41,20.9,0,0,0
TX008319,P055,Delta Energy,708,3,21200.0,30,3,53,9.8,0,0,0
TX008320,P043,Atlas Chemicals,809,2,451900.0,60,0,46,21.6,0,0,0
TX008321,P034,Union Trading,754,2,497000.0,90,0,54,18.2,0,1,0
TX008322,P009,Falcon Global,607,3,34100.0,30,1,51,9.1,0,0,0
TX008323,P091,Nordic Trading,848,2,352600.0,60,0,45,20.5,1,1,0
TX008324,P119,Meridian Chemicals,643,1,155900.0,0,2,25,11.5,1,0,0
TX008325,P020,Corona Materials,674,3,55300.0,60,0,40,15.2,0,0,0
TX008326,P036,Prime Trading,773,1,266800.0,30,0,40,23.4,0,0,0
TX008327,P062,Aurora Industries,671,3,121400.0,90,1,33,8.0,0,1,1
TX008328,P022,Sierra Metals,847,2,197200.0,30,1,46,21.8,0,0,0
TX008329,P109,Delta Trading,850,1,275900.0,30,0,40,22.3,1,0,0
TX008330,P067,Vega Materials,807,2,462100.0,30,0,51,21.4,0,1,0
TX008331,P119,Meridian Chemicals,636,1,115500.0,90,1,25,11.7,1,0,0
TX008332,P102,Falcon Power,768,1,359100.0,60,0,49,22.1,0,0,0
TX008333,P006,Harbor Agro,690,3,151600.0,60,0,28,4.0,1,0,1
TX008334,P022,Sierra Metals,849,2,184600.0,60,1,46,22.0,1,0,0
TX008335,P010,Delta Chemicals,655,3,66900.0,0,0,51,11.4,0,0,0
TX008336,P064,Zenith Chemicals,653,4,29000.0,30,1,44,8.0,0,1,0
TX008337,P102,Falcon Power,788,1,197600.0,60,1,49,22.4,0,0,0
TX008338,P067,Vega Materials,809,2,353000.0,30,0,51,22.0,0,1,0
TX008339,P110,Meridian Energy,815,1,385700.0,60,1,50,23.4,0,0,0
TX008340,P118,Pacific Chemicals,787,1,241900.0,0,0,44,26.3,1,1,0
TX008341,P117,Falcon Energy,651,2,73500.0,30,1,50,8.9,1,1,0
TX008342,P098,Marina Agro,674,3,49900.0,90,1,57,17.9,0,1,0
TX008343,P087,Corona Metals,695,2,78100.0,30,1,19,12.7,0,0,0
TX008344,P031,Vega Power,762,2,478500.0,0,1,38,16.5,1,0,0
TX008345,P020,Corona Materials,675,3,75000.0,90,0,40,15.0,1,0,0
TX008346,P013,Orient Logistics,762,2,286100.0,60,1,37,19.5,1,1,0
TX008347,P088,Falcon Trading,606,3,47300.0,60,1,43,13.3,0,1,0
TX008348,P020,Corona Materials,678,3,75700.0,30,0,40,14.4,0,0,0
TX008349,P034,Union Trading,756,2,282100.0,30,0,54,18.1,1,1,0
TX008350,P056,Union Agro,714,2,117700.0,60,1,22,8.3,1,0,0
TX008351,P120,Orient Chemicals,641,2,95300.0,90,0,50,13.3,0,1,0
TX008352,P008,Vega Logistics,728,2,178500.0,60,0,19,10.0,0,0,0
TX008353,P078,Pacific Materials,820,1,336600.0,90,0,37,22.7,0,0,0
TX008354,P093,Union Global,824,2,333600.0,0,1,52,20.6,0,0,0
TX008355,P045,Meridian Materials,680,4,68200.0,30,1,51,10.4,0,0,0
TX008356,P013,Orient Logistics,749,2,281200.0,0,0,37,18.9,0,0,0
TX008357,P096,Prime Materials,807,2,613000.0,60,0,50,24.4,0,0,0
TX008358,P069,Sierra Global,651,2,178600.0,60,1,31,3.9,1,0,1
TX008359,P101,Aurora Agro,672,3,182000.0,30,0,12,6.9,0,1,0
TX008360,P035,Sierra Materials,674,3,50400.0,60,1,66,9.4,0,0,0
TX008361,P077,Corona Energy,807,2,524100.0,30,0,37,18.7,1,0,0
TX008362,P094,Union Chemicals,775,1,606100.0,0,1,48,16.1,0,1,0
TX008363,P076,Nordic Materials,620,3,49700.0,30,1,58,12.9,0,0,1
TX008364,P096,Prime Materials,773,2,322000.0,30,0,50,23.6,0,1,0
TX008365,P110,Meridian Energy,779,1,669000.0,60,0,50,22.1,0,0,0
TX008366,P003,Delta Materials,876,1,261900.0,60,2,41,20.9,1,1,0
TX008367,P051,Union Energy,699,3,64900.0,30,0,51,11.2,0,1,0
TX008368,P063,Prime Agro,482,4,146100.0,30,2,13,0.5,0,0,1
TX008369,P036,Prime Trading,769,1,316800.0,30,0,40,22.1,0,0,0
TX008370,P001,Delta Power,709,2,152600.0,90,0,19,2.9,0,0,0
TX008371,P084,Meridian Metals,748,1,503400.0,60,0,45,23.0,1,1,0
TX008372,P116,Aurora Materials,654,3,68500.0,30,2,55,9.8,0,0,0
TX008373,P096,Prime Materials,788,2,845600.0,30,1,50,24.5,1,0,0
TX008374,P008,Vega Logistics,721,2,119300.0,0,0,19,10.0,0,0,0
TX008375,P022,Sierra Metals,861,2,334800.0,60,2,46,20.9,0,0,0
TX008376,P110,Meridian Energy,794,1,430900.0,30,1,50,22.9,0,0,0
TX008377,P006,Harbor Agro,699,3,164200.0,60,0,28,3.7,0,1,0
TX008378,P010,Delta Chemicals,680,3,79500.0,0,1,51,11.1,0,1,0
TX008379,P109,Delta Trading,833,1,212500.0,60,1,40,23.1,1,1,0
TX008380,P010,Delta Chemicals,677,3,98900.0,30,0,51,10.7,0,1,0
TX008381,P096,Prime Materials,794,2,514400.0,60,0,50,23.6,0,0,0
TX008382,P085,Pacific Agro,696,3,41800.0,60,1,55,15.5,0,1,0
TX008383,P022,Sierra Metals,866,2,261900.0,90,1,46,21.5,1,0,0
TX008384,P102,Falcon Power,800,1,274400.0,30,1,49,22.2,0,0,0
TX008385,P055,Delta Energy,676,3,55800.0,30,2,53,10.0,0,0,0
TX008386,P116,Aurora Materials,653,3,46300.0,90,2,55,10.0,0,1,1
TX008387,P056,Union Agro,717,2,187000.0,30,0,22,7.3,0,1,0
TX008388,P012,Prime Power,621,2,44500.0,60,0,60,4.6,0,0,0
TX008389,P051,Union Energy,692,3,61200.0,90,1,51,11.1,1,1,0
TX008390,P061,Harbor Metals,661,2,59600.0,60,1,58,14.6,0,0,0
TX008391,P076,Nordic Materials,632,3,70200.0,30,0,58,11.1,0,1,0
TX008392,P028,Pacific Global,614,2,59300.0,60,1,51,15.3,1,1,0
TX008393,P070,Crest Metals,794,1,1057900.0,0,0,45,23.4,1,1,0
TX008394,P114,Corona Logistics,743,1,251800.0,30,0,52,19.0,1,1,0
TX008395,P109,Delta Trading,801,1,354700.0,90,1,40,23.9,1,0,0
TX008396,P010,Delta Chemicals,674,3,83500.0,0,0,51,11.2,0,1,0
TX008397,P089,Golden Power,808,1,537900.0,60,0,45,24.6,1,1,0
TX008398,P072,Meridian Logistics,634,3,42400.0,60,0,51,8.6,0,1,0
TX008399,P024,Zenith Energy,722,3,106900.0,0,0,16,8.2,0,1,0
TX008400,P088,Falcon Trading,600,3,42400.0,0,2,43,12.5,0,0,0
TX008401,P099,Aurora Global,693,1,116900.0,60,1,26,11.2,0,0,0
TX008402,P113,Meridian Agro,615,3,32800.0,0,3,52,8.5,0,0,0
TX008403,P101,Aurora Agro,696,3,187000.0,60,1,12,7.1,0,1,0
TX008404,P056,Union Agro,701,2,136000.0,90,0,22,7.7,0,0,0
TX008405,P064,Zenith Chemicals,649,4,37300.0,0,1,44,7.6,0,0,0
TX008406,P071,Golden Metals,796,1,194000.0,60,3,47,27.3,0,0,0
TX008407,P005,Zenith Trading,615,3,45200.0,30,1,56,17.1,1,0,1
TX008408,P070,Crest Metals,814,1,602700.0,30,0,45,23.6,0,0,0
TX008409,P072,Meridian Logistics,664,3,38800.0,60,1,51,8.3,1,0,0
TX008410,P027,Summit Power,691,3,118300.0,0,0,21,4.0,0,0,0
TX008411,P112,Orient Materials,801,1,271400.0,90,1,45,23.5,0,0,0
TX008412,P067,Vega Materials,780,2,667100.0,30,1,51,21.8,0,1,0
TX008413,P045,Meridian Materials,665,4,26800.0,30,1,51,9.8,1,1,0
TX008414,P109,Delta Trading,820,1,261900.0,60,0,40,22.8,1,0,0
TX008415,P055,Delta Energy,688,3,29500.0,60,2,53,10.8,0,1,0
TX008416,P022,Sierra Metals,871,2,189800.0,30,1,46,22.4,0,0,0
TX008417,P107,Prime Metals,771,2,224700.0,0,1,47,22.8,1,1,0
TX008418,P120,Orient Chemicals,676,2,115700.0,60,0,50,13.6,1,1,0
TX008419,P034,Union Trading,769,2,211900.0,30,1,54,18.5,0,1,0
TX008420,P071,Golden Metals,822,1,578000.0,30,0,47,27.0,0,0,0
TX008421,P012,Prime Power,620,2,27400.0,60,0,60,4.1,1,1,0
TX008422,P118,Pacific Chemicals,788,1,344600.0,30,0,44,26.0,0,0,0
TX008423,P111,Prime Global,715,2,180300.0,30,0,21,4.1,0,0,0
TX008424,P070,Crest Metals,807,1,471200.0,30,0,45,23.4,0,1,0
TX008425,P093,Union Global,838,2,698400.0,30,1,52,20.5,1,0,0
TX008426,P110,Meridian Energy,804,1,284900.0,30,0,50,22.3,0,0,0
TX008427,P056,Union Agro,709,2,153100.0,60,0,22,7.5,0,1,0
TX008428,P096,Prime Materials,801,2,506500.0,0,0,50,23.0,1,0,0
TX008429,P035,Sierra Materials,659,3,35500.0,30,1,66,9.8,0,0,1
TX008430,P094,Union Chemicals,786,1,724500.0,60,0,48,17.2,1,0,0
TX008431,P055,Delta Energy,693,3,45700.0,60,2,53,10.5,0,0,1
TX008432,P095,Meridian Trading,812,2,313700.0,60,0,44,20.3,1,1,0
TX008433,P051,Union Energy,667,3,79400.0,60,0,51,11.4,0,0,1
TX008434,P006,Harbor Agro,696,3,179600.0,30,2,28,4.8,1,0,0
TX008435,P094,Union Chemicals,766,1,467200.0,60,0,48,16.8,0,0,0
TX008436,P046,Vega Agro,600,4,33600.0,30,2,56,10.2,1,1,0
TX008437,P016,Aurora Energy,801,1,210800.0,0,0,45,26.5,0,1,0
TX008438,P035,Sierra Materials,658,3,49200.0,90,1,66,9.8,0,0,0
TX008439,P058,Zenith Logistics,723,3,200100.0,0,0,19,7.5,1,0,0
TX008440,P114,Corona Logistics,775,1,452100.0,60,0,52,19.2,0,0,0
TX008441,P106,Prime Industries,718,2,117700.0,30,2,20,8.0,0,1,0
TX008442,P079,Golden Agro,680,2,41000.0,60,0,54,12.7,0,0,0
TX008443,P066,Orient Energy,608,3,38200.0,90,1,54,5.0,1,1,0
TX008444,P010,Delta Chemicals,662,3,68600.0,60,0,51,10.9,0,0,0
TX008445,P006,Harbor Agro,703,3,239000.0,30,0,28,4.5,0,0,0
TX008446,P075,Marina Industries,606,3,47100.0,30,1,49,12.3,0,1,0
TX008447,P050,Crest Chemicals,675,2,121000.0,0,1,14,3.0,0,0,0
TX008448,P041,Falcon Industries,657,3,47900.0,0,2,63,7.2,0,0,0
TX008449,P008,Vega Logistics,717,2,202800.0,60,0,19,10.0,0,1,0
TX008450,P035,Sierra Materials,672,3,61300.0,30,2,66,9.1,0,0,0
TX008451,P001,Delta Power,710,2,184100.0,0,0,19,1.4,0,0,0
TX008452,P006,Harbor Agro,723,3,243100.0,90,0,28,4.0,1,0,0
TX008453,P120,Orient Chemicals,628,2,75700.0,90,1,50,13.6,0,1,0
TX008454,P088,Falcon Trading,602,3,39400.0,0,1,43,12.3,0,0,0
TX008455,P110,Meridian Energy,810,1,427400.0,90,0,50,23.1,1,0,0
TX008456,P111,Prime Global,735,2,203800.0,0,0,21,3.9,0,1,0
TX008457,P070,Crest Metals,836,1,1104800.0,30,0,45,24.1,0,0,0
TX008458,P064,Zenith Chemicals,649,4,37200.0,30,1,44,7.6,1,1,0
TX008459,P076,Nordic Materials,626,3,54900.0,30,0,58,11.6,1,1,0
TX008460,P109,Delta Trading,830,1,298500.0,90,0,40,23.6,0,1,0
TX008461,P084,Meridian Metals,751,1,372400.0,30,0,45,23.1,0,0,0
TX008462,P083,Crest Agro,711,3,170000.0,90,0,19,7.4,1,0,0
TX008463,P040,Union Power,710,3,95900.0,60,1,15,3.0,0,1,0
TX008464,P047,Pacific Metals,665,3,138500.0,30,2,11,6.3,0,0,0
TX008465,P024,Zenith Energy,714,3,114300.0,90,0,16,8.1,1,0,1
TX008466,P054,Golden Global,631,3,56800.0,60,1,58,16.8,0,1,0
TX008467,P068,Cobalt Trading,689,4,270100.0,0,1,21,0.5,0,1,0
TX008468,P036,Prime Trading,738,1,170100.0,60,0,40,23.3,1,0,0
TX008469,P093,Union Global,842,2,535400.0,90,1,52,20.5,0,1,0
TX008470,P020,Corona Materials,681,3,89100.0,30,0,40,14.7,1,1,0
TX008471,P031,Vega Power,772,2,268300.0,30,0,38,17.0,1,0,0
TX008472,P090,Falcon Agro,824,2,197900.0,30,0,36,21.0,1,0,0
TX008473,P079,Golden Agro,657,2,28500.0,60,0,54,13.0,0,0,0
TX008474,P116,Aurora Materials,673,3,47600.0,30,2,55,10.3,1,0,0
TX008475,P036,Prime Trading,765,1,215800.0,90,0,40,22.5,1,0,0
TX008476,P089,Golden Power,810,1,347700.0,90,1,45,25.7,1,0,0
TX008477,P025,Crest Industries,715,2,258900.0,30,0,14,6.7,0,0,0
TX008478,P043,Atlas Chemicals,820,2,651700.0,90,0,46,21.8,0,1,0
TX008479,P102,Falcon Power,786,1,423800.0,0,0,49,23.2,0,1,0
TX008480,P056,Union Agro,714,2,133400.0,60,1,22,7.0,0,0,0
TX008481,P099,Aurora Global,694,1,109500.0,90,2,26,12.4,0,0,0
TX008482,P073,Vega Metals,704,2,399800.0,30,1,23,10.1,1,0,0
TX008483,P006,Harbor Agro,723,3,216400.0,30,0,28,4.6,0,0,0
TX008484,P075,Marina Industries,622,3,40000.0,30,1,49,12.3,1,1,0
TX008485,P012,Prime Power,623,2,31400.0,60,0,60,5.3,0,1,0
TX008486,P050,Crest Chemicals,696,2,99500.0,30,1,14,1.9,0,1,0
TX008487,P095,Meridian Trading,802,2,407200.0,60,0,44,20.8,1,1,0
TX008488,P066,Orient Energy,613,3,55600.0,30,1,54,5.1,0,1,0
TX008489,P108,Orient Power,690,3,39700.0,60,0,41,12.4,0,0,0
TX008490,P046,Vega Agro,646,4,46100.0,60,0,56,10.6,1,0,1
TX008491,P070,Crest Metals,844,1,745500.0,30,0,45,24.1,0,1,0
TX008492,P035,Sierra Materials,676,3,67300.0,30,1,66,9.4,0,1,0
TX008493,P115,Vega Trading,691,2,299800.0,0,0,20,8.4,0,1,0
TX008494,P094,Union Chemicals,776,1,403500.0,30,0,48,16.5,0,0,0
TX008495,P005,Zenith Trading,599,3,37400.0,30,1,56,18.8,0,1,0
TX008496,P045,Meridian Materials,684,4,49900.0,60,2,51,10.3,0,1,1
TX008497,P091,Nordic Trading,852,2,403700.0,90,0,45,19.6,0,0,1
TX008498,P087,Corona Metals,686,2,141700.0,0,1,19,13.5,0,0,0
TX008499,P036,Prime Trading,758,1,125700.0,90,0,40,22.9,1,1,0
TX008500,P054,Golden Global,649,3,30700.0,0,1,58,15.8,0,1,1
TX008501,P042,Corona Power,704,3,202300.0,60,1,25,12.3,1,0,0
TX008502,P071,Golden Metals,794,1,311800.0,0,0,47,26.6,1,0,0
TX008503,P113,Meridian Agro,623,3,77100.0,60,1,52,7.3,0,1,0
TX008504,P094,Union Chemicals,785,1,1006600.0,0,0,48,17.1,0,1,0
TX008505,P041,Falcon Industries,644,3,57800.0,0,1,63,6.6,0,0,0
TX008506,P003,Delta Materials,808,1,290100.0,30,1,41,20.5,1,1,0
TX008507,P095,Meridian Trading,803,2,364900.0,30,0,44,21.1,0,0,0
TX008508,P076,Nordic Materials,616,3,50800.0,0,0,58,12.4,1,1,0
TX008509,P012,Prime Power,644,2,24000.0,30,0,60,4.3,0,1,0
TX008510,P077,Corona Energy,807,2,428700.0,30,0,37,18.7,0,0,0
TX008511,P025,Crest Industries,698,2,187800.0,60,0,14,6.9,1,1,0
TX008512,P013,Orient Logistics,744,2,217300.0,0,0,37,19.0,1,1,0
TX008513,P041,Falcon Industries,616,3,36600.0,90,1,63,6.8,1,1,0
TX008514,P112,Orient Materials,794,1,185100.0,60,1,45,23.5,0,1,0
TX008515,P104,Summit Energy,839,2,593700.0,90,1,41,22.0,1,1,0
TX008516,P085,Pacific Agro,680,3,52900.0,60,1,55,16.4,0,0,0
TX008517,P061,Harbor Metals,660,2,67400.0,90,2,58,14.7,1,0,0
TX008518,P031,Vega Power,751,2,202900.0,0,1,38,17.1,0,0,0
TX008519,P089,Golden Power,811,1,338500.0,90,0,45,24.9,0,0,0
TX008520,P076,Nordic Materials,619,3,61500.0,30,0,58,11.2,1,0,0
TX008521,P048,Orient Metals,599,2,32500.0,60,1,45,12.1,0,1,0
TX008522,P016,Aurora Energy,809,1,482900.0,30,0,45,27.2,0,0,0
TX008523,P043,Atlas Chemicals,815,2,344400.0,0,0,46,21.5,0,0,0
TX008524,P120,Orient Chemicals,649,2,60600.0,0,0,50,13.8,1,1,0
TX008525,P013,Orient Logistics,733,2,388100.0,30,1,37,18.6,0,1,0
TX008526,P035,Sierra Materials,666,3,39800.0,30,1,66,9.5,1,0,0
TX008527,P078,Pacific Materials,810,1,436800.0,60,2,37,22.3,0,0,0
TX008528,P016,Aurora Energy,807,1,279900.0,30,0,45,25.1,0,0,0
TX008529,P051,Union Energy,690,3,80100.0,60,0,51,10.8,1,1,0
TX008530,P045,Meridian Materials,682,4,27900.0,60,1,51,10.2,1,1,0
TX008531,P088,Falcon Trading,615,3,55300.0,60,2,43,11.8,0,1,1
TX008532,P085,Pacific Agro,677,3,24200.0,30,1,55,15.8,0,1,1
TX008533,P035,Sierra Materials,657,3,57700.0,0,1,66,10.3,0,0,1
TX008534,P072,Meridian Logistics,641,3,90400.0,60,0,51,7.6,0,0,0
TX008535,P024,Zenith Energy,708,3,94200.0,60,0,16,8.1,0,1,0
TX008536,P014,Orient Global,816,1,349600.0,90,1,44,18.7,0,0,0
TX008537,P055,Delta Energy,682,3,32000.0,30,2,53,10.7,1,1,0
TX008538,P104,Summit Energy,825,2,366400.0,60,1,41,22.4,0,0,0
TX008539,P085,Pacific Agro,674,3,33600.0,0,1,55,16.2,1,0,0
TX008540,P043,Atlas Chemicals,798,2,477600.0,30,0,46,22.8,0,0,0
TX008541,P101,Aurora Agro,689,3,318300.0,60,1,12,6.9,1,1,0
TX008542,P008,Vega Logistics,720,2,123600.0,30,0,19,10.6,0,0,0
TX008543,P065,Crest Global,683,2,113100.0,60,1,15,12.5,1,1,0
TX008544,P120,Orient Chemicals,661,2,108500.0,30,1,50,13.1,0,0,0
TX008545,P119,Meridian Chemicals,640,1,145800.0,90,1,25,11.6,0,1,1
TX008546,P020,Corona Materials,677,3,95100.0,90,1,40,15.1,0,0,1
TX008547,P096,Prime Materials,786,2,700400.0,90,0,50,24.6,1,1,0
TX008548,P116,Aurora Materials,649,3,40600.0,0,3,55,10.2,1,0,0
TX008549,P020,Corona Materials,658,3,105500.0,60,0,40,15.6,1,0,0
TX008550,P054,Golden Global,639,3,33900.0,0,1,58,16.4,1,1,0
TX008551,P084,Meridian Metals,753,1,199400.0,0,0,45,23.3,1,1,0
TX008552,P012,Prime Power,629,2,26600.0,0,0,60,5.4,0,0,0
TX008553,P085,Pacific Agro,689,3,68300.0,60,1,55,16.4,0,1,0
TX008554,P116,Aurora Materials,690,3,23100.0,30,2,55,9.4,1,0,0
TX008555,P108,Orient Power,677,3,24000.0,90,0,41,12.0,0,1,0
TX008556,P088,Falcon Trading,610,3,26400.0,30,1,43,11.9,0,0,0
TX008557,P072,Meridian Logistics,667,3,56000.0,90,0,51,8.1,0,1,0
TX008558,P114,Corona Logistics,766,1,446700.0,90,0,52,19.1,0,1,0
TX008559,P118,Pacific Chemicals,784,1,296700.0,60,0,44,26.8,1,0,0
TX008560,P028,Pacific Global,637,2,47000.0,60,2,51,15.1,0,1,0
TX008561,P041,Falcon Industries,636,3,32400.0,90,2,63,6.8,1,1,0
TX008562,P093,Union Global,833,2,363100.0,60,1,52,20.0,0,1,0
TX008563,P099,Aurora Global,706,1,119100.0,60,1,26,11.4,0,0,0
TX008564,P016,Aurora Energy,790,1,481400.0,60,0,45,26.8,0,0,0
TX008565,P075,Marina Industries,588,3,23900.0,30,3,49,11.9,0,1,1
TX008566,P026,Summit Materials,734,3,110200.0,0,0,31,9.1,0,1,0
TX008567,P034,Union Trading,767,2,477200.0,0,0,54,18.7,0,1,0
TX008568,P101,Aurora Agro,718,3,191700.0,0,0,12,6.8,0,0,0
TX008569,P109,Delta Trading,812,1,299200.0,30,0,40,23.2,0,0,0
TX008570,P113,Meridian Agro,617,3,39800.0,30,3,52,8.0,1,1,0
TX008571,P062,Aurora Industries,679,3,168300.0,0,1,33,8.0,1,0,0
TX008572,P109,Delta Trading,830,1,344900.0,60,1,40,23.6,1,0,0
TX008573,P071,Golden Metals,800,1,527900.0,30,0,47,27.4,1,1,0
TX008574,P045,Meridian Materials,683,4,58900.0,30,1,51,12.0,1,0,0
TX008575,P010,Delta Chemicals,661,3,65800.0,30,0,51,11.0,0,0,0
TX008576,P003,Delta Materials,845,1,363500.0,0,1,41,21.0,0,1,0
TX008577,P035,Sierra Materials,664,3,55700.0,0,2,66,9.2,0,1,0
TX008578,P077,Corona Energy,782,2,361600.0,60,1,37,18.6,0,0,0
TX008579,P006,Harbor Agro,692,3,182900.0,90,0,28,5.2,0,0,1
TX008580,P094,Union Chemicals,778,1,741200.0,60,0,48,17.1,1,0,0
TX008581,P020,Corona Materials,687,3,72600.0,30,1,40,15.4,1,1,0
TX008582,P043,Atlas Chemicals,813,2,719300.0,60,0,46,21.4,0,0,0
TX008583,P024,Zenith Energy,684,3,120300.0,60,0,16,7.3,0,1,0
TX008584,P036,Prime Trading,738,1,276200.0,30,0,40,22.8,0,1,0
TX008585,P036,Prime Trading,777,1,124100.0,60,1,40,23.7,0,0,0
TX008586,P018,Marina Global,651,3,38000.0,60,1,58,15.4,0,1,1
TX008587,P010,Delta Chemicals,663,3,77500.0,90,0,51,10.2,0,0,0
TX008588,P092,Falcon Metals,656,2,44100.0,60,1,47,16.7,0,1,0
TX008589,P048,Orient Metals,629,2,41700.0,90,1,45,12.7,0,1,0
TX008590,P107,Prime Metals,804,2,323400.0,90,0,47,23.0,0,0,0
TX008591,P028,Pacific Global,634,2,98900.0,30,1,51,14.4,0,1,0
TX008592,P008,Vega Logistics,717,2,138300.0,0,0,19,9.2,1,1,0
TX008593,P090,Falcon Agro,827,2,635300.0,30,0,36,21.0,0,1,0
TX008594,P041,Falcon Industries,623,3,50300.0,60,1,63,6.5,0,1,1
TX008595,P028,Pacific Global,645,2,57900.0,0,1,51,14.6,0,1,0
TX008596,P112,Orient Materials,782,1,201700.0,90,0,45,23.2,0,1,0
TX008597,P112,Orient Materials,792,1,265300.0,30,0,45,23.3,1,1,0
TX008598,P005,Zenith Trading,598,3,27700.0,0,1,56,18.8,0,1,0
TX008599,P059,Falcon Materials,696,2,144900.0,60,2,21,10.1,0,0,0
TX008600,P016,Aurora Energy,804,1,284200.0,0,0,45,26.8,0,0,0
TX008601,P035,Sierra Materials,676,3,25400.0,30,1,66,9.6,1,0,1
TX008602,P072,Meridian Logistics,643,3,83800.0,60,0,51,8.7,0,1,1
TX008603,P103,Golden Materials,686,2,89700.0,0,0,8,9.7,0,0,0
TX008604,P014,Orient Global,821,1,672300.0,60,0,44,19.4,0,1,0
TX008605,P111,Prime Global,737,2,96900.0,60,0,21,3.9,0,0,1
TX008606,P018,Marina Global,643,3,56000.0,0,1,58,16.3,0,0,0
TX008607,P043,Atlas Chemicals,786,2,384900.0,0,0,46,22.0,0,1,0
TX008608,P001,Delta Power,716,2,102800.0,0,1,19,1.7,0,1,0
TX008609,P055,Delta Energy,684,3,49000.0,0,3,53,10.5,0,1,0
TX008610,P067,Vega Materials,784,2,465700.0,60,0,51,21.8,0,1,0
TX008611,P107,Prime Metals,797,2,189800.0,60,1,47,23.8,1,0,0
TX008612,P021,Harbor Power,647,3,115400.0,60,1,15,13.4,1,1,0
TX008613,P051,Union Energy,703,3,45700.0,60,0,51,11.2,1,0,0
TX008614,P074,Aurora Logistics,470,5,94700.0,60,4,7,7.0,1,1,1
TX008615,P090,Falcon Agro,834,2,365100.0,30,1,36,20.3,0,1,0
TX008616,P106,Prime Industries,730,2,117600.0,90,2,20,9.1,0,1,0
TX008617,P116,Aurora Materials,635,3,33300.0,90,2,55,9.3,0,0,1
TX008618,P087,Corona Metals,678,2,161100.0,0,1,19,12.4,0,0,0
TX008619,P084,Meridian Metals,774,1,251900.0,60,2,45,22.7,0,0,0
TX008620,P046,Vega Agro,631,4,71900.0,90,1,56,10.4,0,0,1
TX008621,P107,Prime Metals,792,2,363800.0,0,0,47,24.2,0,1,0
TX008622,P054,Golden Global,656,3,34500.0,0,1,58,16.0,0,0,0
TX008623,P026,Summit Materials,718,3,130500.0,30,0,31,8.7,0,0,0
TX008624,P007,Cairo Grid Co,518,4,84500.0,60,3,19,0.9,1,1,1
TX008625,P085,Pacific Agro,683,3,53200.0,60,1,55,15.6,0,0,0
TX008626,P116,Aurora Materials,661,3,40100.0,90,4,55,10.4,0,1,1
TX008627,P107,Prime Metals,813,2,205200.0,60,0,47,23.5,0,1,0
TX008628,P006,Harbor Agro,701,3,87300.0,30,0,28,4.8,0,1,0
TX008629,P010,Delta Chemicals,654,3,61800.0,0,0,51,9.8,0,1,0
TX008630,P116,Aurora Materials,659,3,52700.0,90,2,55,9.1,0,0,0
TX008631,P051,Union Energy,687,3,94000.0,90,0,51,11.6,0,0,0
TX008632,P020,Corona Materials,672,3,78200.0,30,2,40,15.2,0,0,0
TX008633,P095,Meridian Trading,814,2,338500.0,30,1,44,21.2,0,1,0
TX008634,P096,Prime Materials,790,2,556400.0,30,2,50,22.9,0,0,0
TX008635,P085,Pacific Agro,676,3,24300.0,30,1,55,16.3,1,0,0
TX008636,P048,Orient Metals,617,2,45300.0,30,1,45,11.8,1,1,0
TX008637,P041,Falcon Industries,640,3,33100.0,0,1,63,7.4,1,1,0
TX008638,P016,Aurora Energy,806,1,136100.0,30,1,45,27.2,0,0,0
TX008639,P008,Vega Logistics,704,2,149800.0,60,0,19,9.0,0,0,0
TX008640,P012,Prime Power,626,2,46500.0,60,0,60,4.2,1,0,0
TX008641,P095,Meridian Trading,800,2,282700.0,0,0,44,21.0,0,0,0
TX008642,P056,Union Agro,707,2,234500.0,60,0,22,7.9,0,0,0
TX008643,P079,Golden Agro,664,2,29100.0,0,0,54,12.4,0,1,0
TX008644,P072,Meridian Logistics,633,3,57300.0,30,3,51,9.0,0,0,0
TX008645,P055,Delta Energy,668,3,29700.0,30,2,53,10.5,1,1,0
TX008646,P037,Nordic Global,666,3,64800.0,30,1,45,13.6,0,0,0
TX008647,P118,Pacific Chemicals,776,1,334300.0,90,0,44,25.7,0,1,0
TX008648,P093,Union Global,855,2,482500.0,0,1,52,21.0,0,0,0
TX008649,P113,Meridian Agro,604,3,89300.0,60,1,52,8.7,1,0,0
TX008650,P070,Crest Metals,848,1,452500.0,30,0,45,24.4,0,1,0
TX008651,P117,Falcon Energy,663,2,40300.0,30,1,50,7.9,0,1,0
TX008652,P037,Nordic Global,659,3,45100.0,60,1,45,14.8,0,1,0
TX008653,P108,Orient Power,680,3,41900.0,0,0,41,12.2,1,0,0
TX008654,P085,Pacific Agro,693,3,41000.0,30,2,55,15.1,1,0,0
TX008655,P029,Atlas Global,433,5,152200.0,60,3,8,1.7,0,0,1
TX008656,P075,Marina Industries,619,3,40300.0,60,1,49,11.2,0,0,0
TX008657,P098,Marina Agro,661,3,20500.0,60,1,57,17.1,0,0,0
TX008658,P090,Falcon Agro,840,2,327800.0,90,1,36,21.5,0,1,0
TX008659,P116,Aurora Materials,648,3,35000.0,30,3,55,10.2,0,0,1
TX008660,P120,Orient Chemicals,640,2,60000.0,0,0,50,13.2,1,0,1
TX008661,P058,Zenith Logistics,751,3,266700.0,60,0,19,8.4,0,1,0
TX008662,P043,Atlas Chemicals,807,2,629400.0,60,2,46,21.9,0,1,0
TX008663,P083,Crest Agro,703,3,187500.0,90,0,19,7.6,0,1,0
TX008664,P055,Delta Energy,682,3,18100.0,30,3,53,11.5,0,0,0
TX008665,P072,Meridian Logistics,652,3,74300.0,60,1,51,9.4,0,0,0
TX008666,P036,Prime Trading,744,1,182900.0,60,1,40,22.8,0,1,0
TX008667,P034,Union Trading,753,2,401300.0,30,0,54,18.2,0,0,0
TX008668,P120,Orient Chemicals,673,2,54400.0,0,0,50,13.7,0,0,0
TX008669,P013,Orient Logistics,759,2,219700.0,90,0,37,17.9,0,0,0
TX008670,P064,Zenith Chemicals,644,4,38400.0,0,3,44,8.9,1,0,0
TX008671,P112,Orient Materials,814,1,308300.0,30,0,45,24.1,0,0,0
TX008672,P031,Vega Power,759,2,491600.0,60,0,38,16.7,0,1,0
TX008673,P051,Union Energy,689,3,64400.0,30,0,51,10.3,0,1,0
TX008674,P076,Nordic Materials,631,3,50700.0,60,1,58,12.3,1,0,0
TX008675,P116,Aurora Materials,644,3,38400.0,90,2,55,11.1,0,0,1
TX008676,P093,Union Global,833,2,515000.0,90,1,52,21.8,1,1,0
TX008677,P094,Union Chemicals,792,1,871900.0,60,0,48,16.8,1,0,0
TX008678,P093,Union Global,820,2,827100.0,60,1,52,20.1,0,1,0
TX008679,P068,Cobalt Trading,702,4,146300.0,90,0,21,0.5,0,0,0
TX008680,P089,Golden Power,813,1,483100.0,60,0,45,25.4,0,0,0
TX008681,P120,Orient Chemicals,645,2,74500.0,30,0,50,12.9,0,0,0
TX008682,P110,Meridian Energy,811,1,303500.0,30,0,50,22.9,1,0,0
TX008683,P089,Golden Power,812,1,270400.0,90,0,45,25.0,0,0,0
TX008684,P026,Summit Materials,719,3,100700.0,30,0,31,8.8,0,0,0
TX008685,P042,Corona Power,701,3,115500.0,30,1,25,11.4,1,0,0
TX008686,P064,Zenith Chemicals,665,4,29000.0,30,1,44,8.7,0,0,0
TX008687,P085,Pacific Agro,695,3,26000.0,30,1,55,16.0,0,0,1
TX008688,P079,Golden Agro,670,2,33700.0,30,1,54,12.9,0,0,1
TX008689,P056,Union Agro,708,2,198200.0,0,0,22,8.3,0,1,0
TX008690,P096,Prime Materials,792,2,311200.0,30,1,50,24.8,1,0,0
TX008691,P071,Golden Metals,779,1,221400.0,60,0,47,26.9,1,0,0
TX008692,P043,Atlas Chemicals,799,2,293100.0,0,0,46,22.0,1,1,0
TX008693,P027,Summit Power,719,3,83300.0,60,0,21,4.3,0,0,0
TX008694,P006,Harbor Agro,702,3,165700.0,0,0,28,5.2,0,1,0
TX008695,P043,Atlas Chemicals,807,2,353000.0,30,0,46,21.4,1,0,0
TX008696,P062,Aurora Industries,685,3,131400.0,30,1,33,7.1,1,0,0
TX008697,P009,Falcon Global,634,3,38300.0,90,2,51,9.2,0,0,0
TX008698,P009,Falcon Global,617,3,35300.0,0,1,51,9.4,0,1,0
TX008699,P107,Prime Metals,786,2,91000.0,60,0,47,23.7,0,0,0
TX008700,P110,Meridian Energy,797,1,465800.0,0,0,50,22.8,1,1,0
TX008701,P118,Pacific Chemicals,763,1,251300.0,90,0,44,26.1,0,0,0
TX008702,P079,Golden Agro,672,2,21600.0,0,1,54,12.8,0,0,0
TX008703,P108,Orient Power,681,3,36300.0,30,0,41,12.1,0,1,0
TX008704,P035,Sierra Materials,676,3,51400.0,60,1,66,9.7,0,1,0
TX008705,P064,Zenith Chemicals,662,4,38900.0,0,1,44,7.5,0,1,0
TX008706,P012,Prime Power,622,2,56600.0,30,0,60,4.8,1,0,0
TX008707,P083,Crest Agro,709,3,170800.0,0,0,19,7.0,1,0,0
TX008708,P063,Prime Agro,459,4,109700.0,0,3,13,1.4,0,0,1
TX008709,P050,Crest Chemicals,695,2,133500.0,60,1,14,2.3,0,1,0
TX008710,P033,Delta Industries,678,2,79500.0,30,0,24,5.9,1,0,0
TX008711,P075,Marina Industries,615,3,48100.0,60,1,49,12.1,1,1,0
TX008712,P044,Summit Agro,723,2,126000.0,0,1,23,6.9,1,1,0
TX008713,P015,Crest Materials,752,1,376900.0,30,0,34,25.1,1,0,0
TX008714,P107,Prime Metals,779,2,193300.0,60,1,47,22.7,1,1,0
TX008715,P114,Corona Logistics,743,1,356800.0,90,0,52,18.6,1,1,0
TX008716,P013,Orient Logistics,738,2,445000.0,0,0,37,18.4,1,0,0
TX008717,P097,Marina Chemicals,798,2,435900.0,30,1,35,18.8,0,1,0
TX008718,P096,Prime Materials,772,2,1006500.0,30,0,50,23.6,0,0,0
TX008719,P089,Golden Power,800,1,444400.0,60,1,45,24.8,0,0,0
TX008720,P041,Falcon Industries,640,3,49100.0,30,2,63,7.2,1,1,0
TX008721,P078,Pacific Materials,830,1,351200.0,60,0,37,23.9,1,1,0
TX008722,P046,Vega Agro,633,4,41800.0,90,0,56,10.3,0,1,1
TX008723,P012,Prime Power,637,2,26000.0,60,1,60,4.6,0,1,1
TX008724,P077,Corona Energy,790,2,418500.0,0,0,37,18.2,0,0,0
TX008725,P001,Delta Power,714,2,115400.0,90,0,19,2.0,1,0,0
TX008726,P013,Orient Logistics,743,2,186500.0,60,1,37,17.8,0,1,0
TX008727,P094,Union Chemicals,772,1,705200.0,30,1,48,16.6,0,1,0
TX008728,P037,Nordic Global,678,3,58900.0,0,1,45,13.8,0,0,0
TX008729,P036,Prime Trading,738,1,174500.0,90,0,40,23.9,1,1,0
TX008730,P110,Meridian Energy,809,1,191800.0,30,0,50,22.9,1,0,0
TX008731,P092,Falcon Metals,674,2,68600.0,60,2,47,15.3,0,0,0
TX008732,P070,Crest Metals,819,1,402100.0,90,1,45,23.8,0,0,0
TX008733,P089,Golden Power,810,1,337900.0,90,1,45,25.3,0,1,0
TX008734,P062,Aurora Industries,668,3,86600.0,90,1,33,8.7,1,0,0
TX008735,P007,Cairo Grid Co,524,4,120600.0,60,4,19,1.5,1,1,1
TX008736,P097,Marina Chemicals,845,2,281300.0,30,1,35,18.5,0,0,0
TX008737,P109,Delta Trading,846,1,231000.0,0,0,40,23.3,0,1,0
TX008738,P107,Prime Metals,798,2,227000.0,30,0,47,22.8,1,1,0
TX008739,P061,Harbor Metals,672,2,46800.0,90,2,58,15.2,0,0,0
TX008740,P108,Orient Power,705,3,34200.0,30,0,41,13.0,0,0,0
TX008741,P034,Union Trading,747,2,345100.0,30,0,54,19.2,1,0,0
TX008742,P112,Orient Materials,801,1,331500.0,30,1,45,24.2,1,1,0
TX008743,P104,Summit Energy,816,2,527300.0,90,1,41,22.8,0,1,0
TX008744,P103,Golden Materials,684,2,156200.0,90,0,8,9.6,0,0,1
TX008745,P110,Meridian Energy,806,1,502300.0,90,0,50,22.4,0,1,0
TX008746,P055,Delta Energy,672,3,32300.0,60,3,53,11.1,0,0,1
TX008747,P037,Nordic Global,657,3,41500.0,0,1,45,14.0,0,1,0
TX008748,P107,Prime Metals,785,2,211500.0,0,0,47,23.5,0,0,0
TX008749,P026,Summit Materials,712,3,131100.0,90,1,31,8.4,0,0,0
TX008750,P037,Nordic Global,677,3,43800.0,0,1,45,14.6,0,0,0
TX008751,P014,Orient Global,813,1,316800.0,60,0,44,17.3,0,1,0
TX008752,P057,Summit Industries,471,5,164500.0,90,4,4,3.1,1,0,1
TX008753,P027,Summit Power,724,3,124300.0,30,0,21,3.7,0,1,0
TX008754,P043,Atlas Chemicals,821,2,675300.0,0,0,46,21.5,0,0,0
TX008755,P109,Delta Trading,812,1,301900.0,60,1,40,24.0,0,1,0
TX008756,P102,Falcon Power,756,1,314300.0,30,1,49,23.4,0,0,0
TX008757,P035,Sierra Materials,653,3,45900.0,0,1,66,9.7,0,0,0
TX008758,P114,Corona Logistics,738,1,388300.0,60,0,52,19.0,0,0,0
TX008759,P018,Marina Global,627,3,51900.0,90,2,58,15.6,0,1,0
TX008760,P018,Marina Global,623,3,61500.0,60,1,58,14.5,0,0,0
TX008761,P118,Pacific Chemicals,782,1,199300.0,60,0,44,26.9,0,0,0
TX008762,P046,Vega Agro,657,4,49600.0,60,0,56,9.8,0,1,0
TX008763,P018,Marina Global,639,3,34400.0,90,1,58,14.8,0,0,1
TX008764,P094,Union Chemicals,779,1,724500.0,60,1,48,16.2,0,0,0
TX008765,P014,Orient Global,795,1,408400.0,30,0,44,18.5,0,1,0
TX008766,P044,Summit Agro,694,2,254000.0,30,0,23,8.1,0,0,0
TX008767,P035,Sierra Materials,652,3,36400.0,30,1,66,9.7,0,1,0
TX008768,P048,Orient Metals,630,2,20700.0,60,1,45,12.0,1,1,0
TX008769,P037,Nordic Global,668,3,61900.0,30,1,45,14.5,0,0,0
TX008770,P028,Pacific Global,616,2,37000.0,30,1,51,14.7,1,1,0
TX008771,P041,Falcon Industries,645,3,24500.0,90,1,63,6.9,1,0,1
TX008772,P023,Sierra Trading,485,4,78500.0,30,2,19,4.1,0,1,0
TX008773,P037,Nordic Global,662,3,74300.0,60,1,45,14.3,0,0,1
TX008774,P040,Union Power,718,3,125600.0,30,2,15,3.3,0,1,0
TX008775,P088,Falcon Trading,609,3,37300.0,30,1,43,12.2,0,0,1
TX008776,P093,Union Global,818,2,575500.0,60,1,52,21.1,1,1,0
TX008777,P055,Delta Energy,680,3,27100.0,30,2,53,10.1,0,0,0
TX008778,P048,Orient Metals,632,2,32600.0,30,1,45,12.1,1,1,1
TX008779,P021,Harbor Power,677,3,126200.0,90,1,15,13.0,1,0,0
TX008780,P118,Pacific Chemicals,787,1,298700.0,60,0,44,26.9,0,0,0
TX008781,P037,Nordic Global,658,3,74500.0,60,2,45,13.5,0,1,0
TX008782,P105,Prime Logistics,517,4,62300.0,60,4,12,2.9,1,1,1
TX008783,P041,Falcon Industries,615,3,36300.0,30,1,63,6.3,0,0,1
TX008784,P005,Zenith Trading,623,3,44900.0,30,1,56,18.4,0,1,0
TX008785,P046,Vega Agro,616,4,41200.0,30,0,56,9.6,0,0,0
TX008786,P073,Vega Metals,700,2,225000.0,30,1,23,10.0,1,0,0
TX008787,P073,Vega Metals,710,2,176000.0,30,1,23,10.6,1,0,0
TX008788,P037,Nordic Global,663,3,46800.0,30,1,45,13.5,0,0,1
TX008789,P083,Crest Agro,731,3,190100.0,60,0,19,8.2,0,1,0
TX008790,P061,Harbor Metals,652,2,78500.0,90,2,58,14.4,0,1,1
TX008791,P102,Falcon Power,771,1,283700.0,60,0,49,23.2,1,0,0
TX008792,P028,Pacific Global,625,2,39800.0,30,2,51,14.7,0,1,0
TX008793,P066,Orient Energy,598,3,34900.0,0,1,54,6.1,0,1,0
TX008794,P009,Falcon Global,639,3,25400.0,60,1,51,8.9,0,0,1
TX008795,P080,Harbor Global,527,4,97500.0,90,2,20,4.5,0,0,1
TX008796,P047,Pacific Metals,677,3,86500.0,60,1,11,6.3,0,0,1
TX008797,P111,Prime Global,731,2,177900.0,30,0,21,4.2,0,0,0
TX008798,P120,Orient Chemicals,638,2,69000.0,60,0,50,13.6,1,0,0
TX008799,P075,Marina Industries,595,3,35100.0,30,1,49,11.5,1,1,0
TX008800,P001,Delta Power,697,2,108200.0,60,1,19,2.9,1,0,0
TX008801,P010,Delta Chemicals,672,3,56600.0,30,0,51,11.2,1,0,0
TX008802,P075,Marina Industries,596,3,42200.0,60,1,49,12.5,1,1,0
TX008803,P028,Pacific Global,639,2,40200.0,60,1,51,14.1,1,1,0
TX008804,P003,Delta Materials,847,1,292600.0,30,3,41,20.7,0,0,0
TX008805,P082,Union Materials,680,3,86400.0,0,2,14,12.4,0,1,0
TX008806,P032,Cobalt Logistics,710,3,113500.0,90,0,23,4.8,0,0,0
TX008807,P110,Meridian Energy,812,1,180600.0,30,0,50,22.7,0,1,0
TX008808,P014,Orient Global,807,1,628400.0,30,0,44,17.1,0,1,0
TX008809,P046,Vega Agro,629,4,26600.0,0,0,56,9.9,0,0,1
TX008810,P115,Vega Trading,690,2,120900.0,0,1,20,7.6,0,1,0
TX008811,P046,Vega Agro,643,4,56700.0,90,0,56,10.0,0,0,1
TX008812,P016,Aurora Energy,804,1,192600.0,60,1,45,27.3,0,1,0
TX008813,P075,Marina Industries,619,3,23800.0,30,1,49,13.0,0,1,0
TX008814,P092,Falcon Metals,684,2,61800.0,30,1,47,17.0,1,0,0
TX008815,P054,Golden Global,648,3,64200.0,90,1,58,15.7,0,0,0
TX008816,P041,Falcon Industries,636,3,33900.0,30,1,63,6.4,0,1,0
TX008817,P036,Prime Trading,762,1,169700.0,30,0,40,23.1,0,1,0
TX008818,P093,Union Global,821,2,587400.0,0,1,52,20.5,0,0,0
TX008819,P013,Orient Logistics,731,2,334600.0,30,1,37,18.6,0,0,1
TX008820,P088,Falcon Trading,623,3,47000.0,90,1,43,12.2,0,0,1
TX008821,P115,Vega Trading,678,2,171400.0,30,1,20,6.8,0,0,0
TX008822,P088,Falcon Trading,637,3,52600.0,30,1,43,12.6,0,1,1
TX008823,P108,Orient Power,695,3,35100.0,0,0,41,11.9,0,1,0
TX008824,P051,Union Energy,657,3,62600.0,30,0,51,11.4,0,1,0
TX008825,P003,Delta Materials,855,1,649600.0,60,2,41,20.2,1,0,0
TX008826,P061,Harbor Metals,668,2,63700.0,30,2,58,14.4,1,1,0
TX008827,P112,Orient Materials,787,1,284700.0,90,0,45,23.4,1,0,0
TX008828,P046,Vega Agro,630,4,29800.0,0,0,56,11.0,0,0,0
TX008829,P056,Union Agro,695,2,167600.0,60,0,22,7.6,0,0,0
TX008830,P009,Falcon Global,660,3,43200.0,0,1,51,9.4,0,1,0
TX008831,P075,Marina Industries,621,3,40800.0,30,1,49,12.5,1,0,1
TX008832,P037,Nordic Global,663,3,54400.0,90,1,45,13.7,0,1,1
TX008833,P056,Union Agro,703,2,179700.0,60,0,22,8.1,0,1,0
TX008834,P045,Meridian Materials,678,4,48500.0,60,1,51,10.7,1,1,0
TX008835,P036,Prime Trading,749,1,144300.0,30,1,40,23.7,0,1,0
TX008836,P035,Sierra Materials,669,3,43300.0,90,2,66,9.1,1,1,0
TX008837,P012,Prime Power,625,2,35800.0,30,0,60,4.5,0,1,0
TX008838,P028,Pacific Global,628,2,68500.0,0,2,51,13.9,0,1,1
TX008839,P018,Marina Global,642,3,43100.0,90,1,58,15.4,0,0,1
TX008840,P046,Vega Agro,629,4,56300.0,0,1,56,9.8,0,1,0
TX008841,P116,Aurora Materials,638,3,35600.0,0,3,55,10.0,1,0,0
TX008842,P023,Sierra Trading,500,4,99900.0,30,3,19,4.2,1,0,1
TX008843,P041,Falcon Industries,647,3,30800.0,0,1,63,7.2,1,0,0
TX008844,P089,Golden Power,786,1,317100.0,60,1,45,25.2,0,0,0
TX008845,P013,Orient Logistics,759,2,331100.0,30,0,37,18.2,0,1,0
TX008846,P010,Delta Chemicals,668,3,111900.0,0,0,51,10.9,0,1,0
TX008847,P045,Meridian Materials,670,4,55400.0,60,1,51,10.3,0,1,0
TX008848,P010,Delta Chemicals,666,3,59600.0,60,1,51,10.4,0,0,0
TX008849,P084,Meridian Metals,753,1,237100.0,30,1,45,23.0,1,1,0
TX008850,P005,Zenith Trading,632,3,62900.0,0,1,56,17.4,0,1,0
TX008851,P102,Falcon Power,784,1,450700.0,60,1,49,22.4,0,1,0
TX008852,P085,Pacific Agro,673,3,47000.0,90,1,55,15.9,0,0,1
TX008853,P009,Falcon Global,646,3,31300.0,60,1,51,9.7,0,0,0
TX008854,P067,Vega Materials,775,2,807600.0,30,0,51,22.5,0,0,0
TX008855,P005,Zenith Trading,624,3,15500.0,60,1,56,17.9,1,1,0
TX008856,P062,Aurora Industries,676,3,77600.0,30,1,33,7.9,0,1,0
TX008857,P035,Sierra Materials,672,3,38000.0,30,1,66,10.2,0,0,0
TX008858,P048,Orient Metals,630,2,34800.0,60,1,45,12.4,1,0,1
TX008859,P076,Nordic Materials,633,3,44000.0,0,0,58,12.1,1,0,0
TX008860,P114,Corona Logistics,738,1,390000.0,60,0,52,19.1,0,0,0
TX008861,P096,Prime Materials,775,2,718400.0,60,1,50,23.0,1,1,0
TX008862,P054,Golden Global,643,3,47200.0,30,1,58,15.8,0,0,0
TX008863,P072,Meridian Logistics,668,3,42300.0,60,1,51,7.8,1,0,0
TX008864,P109,Delta Trading,805,1,345600.0,30,0,40,24.4,1,0,0
TX008865,P036,Prime Trading,766,1,257000.0,60,1,40,24.1,0,1,0
TX008866,P109,Delta Trading,816,1,205900.0,60,1,40,23.4,0,1,0
TX008867,P006,Harbor Agro,701,3,154200.0,60,1,28,4.5,1,1,0
TX008868,P095,Meridian Trading,823,2,339100.0,0,0,44,20.5,0,0,0
TX008869,P065,Crest Global,714,2,169800.0,30,0,15,13.3,0,1,0
TX008870,P054,Golden Global,639,3,39900.0,60,1,58,16.8,0,1,0
TX008871,P115,Vega Trading,708,2,209500.0,90,1,20,8.4,0,0,1
TX008872,P110,Meridian Energy,809,1,673400.0,60,1,50,22.9,0,1,0
TX008873,P036,Prime Trading,762,1,242500.0,60,1,40,23.7,0,0,0
TX008874,P027,Summit Power,729,3,87500.0,0,1,21,3.3,0,1,0
TX008875,P073,Vega Metals,694,2,168500.0,30,2,23,10.3,1,1,0
TX008876,P006,Harbor Agro,705,3,117100.0,0,1,28,4.4,0,0,0
TX008877,P016,Aurora Energy,807,1,232100.0,30,0,45,26.3,0,0,0
TX008878,P055,Delta Energy,682,3,26600.0,90,2,53,11.7,0,1,0
TX008879,P043,Atlas Chemicals,832,2,880900.0,0,3,46,22.3,1,1,0
TX008880,P021,Harbor Power,674,3,107800.0,30,0,15,13.8,1,1,0
TX008881,P005,Zenith Trading,596,3,29400.0,90,1,56,18.3,0,0,0
TX008882,P078,Pacific Materials,847,1,354500.0,30,0,37,22.0,0,0,0
TX008883,P071,Golden Metals,804,1,244300.0,0,0,47,26.9,0,0,0
TX008884,P027,Summit Power,719,3,75100.0,30,0,21,3.1,0,0,0
TX008885,P008,Vega Logistics,700,2,143600.0,0,0,19,9.8,0,1,0
TX008886,P117,Falcon Energy,672,2,31800.0,60,2,50,7.8,0,0,1
TX008887,P097,Marina Chemicals,798,2,291300.0,60,1,35,19.0,0,0,0
TX008888,P119,Meridian Chemicals,635,1,198000.0,30,1,25,11.4,1,1,0
TX008889,P028,Pacific Global,617,2,71900.0,30,1,51,15.1,0,1,0
TX008890,P094,Union Chemicals,783,1,737400.0,0,1,48,15.9,1,0,0
TX008891,P037,Nordic Global,679,3,51500.0,60,1,45,13.4,0,1,0
TX008892,P111,Prime Global,740,2,97700.0,30,1,21,4.4,0,1,0
TX008893,P021,Harbor Power,664,3,108900.0,0,0,15,12.9,0,1,0
TX008894,P104,Summit Energy,831,2,361000.0,0,1,41,21.6,0,1,0
TX008895,P059,Falcon Materials,697,2,128800.0,60,2,21,9.1,0,1,0
TX008896,P012,Prime Power,638,2,51000.0,0,0,60,4.1,0,0,0
TX008897,P028,Pacific Global,604,2,33000.0,30,2,51,14.1,0,1,0
TX008898,P072,Meridian Logistics,650,3,38400.0,60,0,51,7.4,0,0,1
TX008899,P064,Zenith Chemicals,663,4,39700.0,60,1,44,7.5,0,1,0
TX008900,P018,Marina Global,633,3,73500.0,60,1,58,16.1,0,1,0
TX008901,P040,Union Power,723,3,83400.0,30,1,15,4.1,1,0,0
TX008902,P053,Summit Global,759,3,140500.0,30,0,14,9.9,0,1,0
TX008903,P071,Golden Metals,796,1,260400.0,60,1,47,26.8,0,0,0
TX008904,P102,Falcon Power,765,1,329600.0,60,1,49,22.7,0,0,0
TX008905,P048,Orient Metals,635,2,50700.0,0,1,45,11.4,0,1,0
TX008906,P036,Prime Trading,761,1,352300.0,0,1,40,23.7,0,0,0
TX008907,P119,Meridian Chemicals,647,1,110100.0,60,1,25,11.8,1,1,0
TX008908,P072,Meridian Logistics,645,3,43800.0,30,0,51,7.9,1,1,0
TX008909,P092,Falcon Metals,669,2,45000.0,90,4,47,16.7,0,1,0
TX008910,P076,Nordic Materials,648,3,62700.0,30,0,58,11.5,0,0,0
TX008911,P094,Union Chemicals,791,1,658100.0,30,0,48,17.3,0,0,0
TX008912,P037,Nordic Global,658,3,48800.0,90,1,45,13.7,0,0,0
TX008913,P120,Orient Chemicals,640,2,59000.0,0,1,50,12.7,1,1,0
TX008914,P009,Falcon Global,648,3,34200.0,30,1,51,8.9,0,0,0
TX008915,P021,Harbor Power,668,3,119300.0,60,0,15,11.8,1,0,0
TX008916,P054,Golden Global,659,3,65600.0,60,1,58,15.1,0,1,0
TX008917,P045,Meridian Materials,683,4,95900.0,30,1,51,11.3,0,0,0
TX008918,P035,Sierra Materials,666,3,48200.0,30,1,66,9.7,0,0,0
TX008919,P044,Summit Agro,716,2,135000.0,0,1,23,8.5,1,1,0
TX008920,P075,Marina Industries,594,3,58800.0,30,1,49,12.9,0,1,0
TX008921,P097,Marina Chemicals,802,2,227600.0,30,1,35,19.3,0,0,0
TX008922,P120,Orient Chemicals,625,2,71700.0,30,0,50,12.9,0,0,0
TX008923,P117,Falcon Energy,690,2,40000.0,60,1,50,7.3,1,0,0
TX008924,P102,Falcon Power,774,1,271400.0,0,0,49,22.9,1,0,0
TX008925,P048,Orient Metals,623,2,38700.0,60,1,45,12.2,0,1,0
TX008926,P098,Marina Agro,648,3,34900.0,90,1,57,17.1,0,0,1
TX008927,P020,Corona Materials,662,3,83200.0,30,1,40,14.9,0,1,0
TX008928,P084,Meridian Metals,750,1,345700.0,30,0,45,22.5,0,0,0
TX008929,P041,Falcon Industries,609,3,31800.0,90,2,63,6.2,0,0,1
TX008930,P087,Corona Metals,700,2,133800.0,30,1,19,12.0,0,0,0
TX008931,P041,Falcon Industries,637,3,49300.0,0,1,63,7.3,1,1,1
TX008932,P096,Prime Materials,781,2,656600.0,60,0,50,23.6,0,0,0
TX008933,P007,Cairo Grid Co,521,4,228200.0,0,3,19,1.3,0,1,0
TX008934,P067,Vega Materials,789,2,495900.0,30,0,51,22.2,0,0,0
TX008935,P048,Orient Metals,624,2,38200.0,0,2,45,11.5,1,0,0
TX008936,P079,Golden Agro,678,2,40200.0,30,0,54,14.1,0,0,0
TX008937,P051,Union Energy,687,3,49600.0,60,0,51,11.1,0,0,0
TX008938,P110,Meridian Energy,798,1,305200.0,0,1,50,23.1,0,0,0
TX008939,P054,Golden Global,655,3,36000.0,30,1,58,15.8,1,0,0
TX008940,P061,Harbor Metals,639,2,44800.0,60,2,58,14.4,1,0,0
TX008941,P066,Orient Energy,632,3,25400.0,30,1,54,5.0,0,0,0
TX008942,P014,Orient Global,820,1,364000.0,60,0,44,19.2,0,0,0
TX008943,P087,Corona Metals,692,2,168900.0,60,1,19,12.3,0,1,0
TX008944,P109,Delta Trading,823,1,417100.0,60,1,40,23.3,1,1,0
TX008945,P075,Marina Industries,591,3,53900.0,0,1,49,11.8,0,0,0
TX008946,P036,Prime Trading,758,1,502100.0,0,0,40,23.0,0,1,0
TX008947,P041,Falcon Industries,622,3,18900.0,30,1,63,6.7,0,1,0
TX008948,P048,Orient Metals,622,2,25300.0,30,2,45,11.9,0,0,0
TX008949,P090,Falcon Agro,831,2,465100.0,90,0,36,21.0,0,1,0
TX008950,P048,Orient Metals,600,2,30000.0,60,1,45,11.5,0,1,0
TX008951,P014,Orient Global,807,1,411300.0,0,0,44,18.7,0,0,0
TX008952,P013,Orient Logistics,730,2,305300.0,30,1,37,18.5,0,0,0
TX008953,P035,Sierra Materials,653,3,35100.0,30,2,66,9.1,1,1,1
TX008954,P051,Union Energy,685,3,54400.0,60,2,51,11.4,0,0,0
TX008955,P002,Corona Agro,698,3,147900.0,30,1,25,3.3,1,0,0
TX008956,P035,Sierra Materials,673,3,66900.0,30,1,66,10.2,0,1,0
TX008957,P093,Union Global,820,2,370000.0,30,1,52,20.5,0,0,0
TX008958,P104,Summit Energy,829,2,586700.0,90,2,41,21.5,0,0,0
TX008959,P018,Marina Global,629,3,38200.0,60,2,58,14.9,1,0,0
TX008960,P005,Zenith Trading,595,3,56600.0,60,1,56,18.0,0,1,0
TX008961,P104,Summit Energy,844,2,583600.0,0,1,41,21.3,0,0,0
TX008962,P088,Falcon Trading,628,3,52100.0,60,1,43,12.5,0,1,0
TX008963,P012,Prime Power,623,2,73100.0,90,1,60,4.8,1,1,0
TX008964,P035,Sierra Materials,659,3,42800.0,60,2,66,9.4,0,0,1
TX008965,P005,Zenith Trading,629,3,27000.0,30,1,56,19.0,1,1,0
TX008966,P051,Union Energy,698,3,39300.0,60,0,51,11.0,0,0,0
TX008967,P035,Sierra Materials,675,3,44300.0,30,1,66,9.9,0,1,0
TX008968,P031,Vega Power,788,2,378400.0,30,0,38,17.0,0,0,0
TX008969,P010,Delta Chemicals,673,3,52800.0,90,0,51,11.1,0,0,1
TX008970,P107,Prime Metals,799,2,257500.0,60,1,47,23.5,0,0,0
TX008971,P068,Cobalt Trading,704,4,308100.0,0,1,21,0.5,0,0,1
TX008972,P084,Meridian Metals,753,1,402700.0,30,0,45,22.0,0,0,0
TX008973,P072,Meridian Logistics,630,3,46900.0,60,0,51,8.6,0,0,0
TX008974,P071,Golden Metals,789,1,223200.0,30,1,47,27.3,0,0,0
TX008975,P090,Falcon Agro,814,2,467600.0,60,1,36,21.0,0,1,0
TX008976,P014,Orient Global,833,1,505700.0,30,0,44,18.1,1,0,0
TX008977,P035,Sierra Materials,677,3,35900.0,90,2,66,9.4,0,0,1
TX008978,P113,Meridian Agro,622,3,31100.0,60,1,52,8.6,1,1,0
TX008979,P089,Golden Power,804,1,273800.0,60,0,45,24.4,1,1,0
TX008980,P077,Corona Energy,755,2,347000.0,0,0,37,18.5,0,1,0
TX008981,P054,Golden Global,656,3,49000.0,0,1,58,16.7,1,1,0
TX008982,P105,Prime Logistics,497,4,71400.0,0,4,12,3.9,0,1,1
TX008983,P044,Summit Agro,737,2,141700.0,60,0,23,8.5,1,1,0
TX008984,P080,Harbor Global,542,4,171600.0,0,2,20,4.1,0,1,1
TX008985,P080,Harbor Global,542,4,93400.0,30,2,20,3.8,0,1,1
TX008986,P080,Harbor Global,538,4,153900.0,60,2,20,5.0,0,0,0
TX008987,P078,Pacific Materials,832,1,426300.0,90,0,37,22.7,0,0,0
TX008988,P054,Golden Global,645,3,28600.0,60,1,58,16.5,1,1,0
TX008989,P005,Zenith Trading,603,3,46100.0,60,1,56,18.7,1,0,0
TX008990,P075,Marina Industries,603,3,30200.0,90,1,49,11.4,0,0,1
TX008991,P023,Sierra Trading,459,4,182400.0,30,3,19,5.0,0,0,1
TX008992,P002,Corona Agro,716,3,182900.0,60,3,25,3.1,1,0,1
TX008993,P114,Corona Logistics,736,1,587200.0,30,1,52,18.8,1,1,0
TX008994,P037,Nordic Global,645,3,40600.0,90,1,45,13.5,0,0,1
TX008995,P045,Meridian Materials,700,4,94300.0,60,1,51,10.0,0,0,0
TX008996,P037,Nordic Global,678,3,57400.0,60,2,45,13.0,1,1,0
TX008997,P075,Marina Industries,626,3,53400.0,60,1,49,11.3,0,0,0
TX008998,P015,Crest Materials,770,1,316300.0,30,0,34,24.6,1,0,0
TX008999,P095,Meridian Trading,804,2,250600.0,30,0,44,21.8,0,0,0
TX009000,P094,Union Chemicals,768,1,899100.0,60,0,48,16.4,0,0,0
TX009001,P040,Union Power,708,3,114500.0,30,1,15,4.3,0,0,0
TX009002,P104,Summit Energy,815,2,394900.0,0,1,41,22.3,0,0,0
TX009003,P071,Golden Metals,811,1,339000.0,0,1,47,27.4,1,1,0
TX009004,P094,Union Chemicals,782,1,886200.0,90,0,48,16.2,0,0,0
TX009005,P105,Prime Logistics,525,4,87400.0,60,3,12,3.0,0,1,1
TX009006,P117,Falcon Energy,678,2,101000.0,60,1,50,8.0,1,0,0
TX009007,P107,Prime Metals,789,2,298600.0,0,1,47,23.1,1,1,0
TX009008,P043,Atlas Chemicals,814,2,640100.0,0,0,46,22.1,1,0,0
TX009009,P062,Aurora Industries,668,3,70400.0,0,1,33,8.0,0,1,0
TX009010,P099,Aurora Global,684,1,96400.0,90,1,26,11.2,0,1,0
TX009011,P034,Union Trading,744,2,302800.0,60,0,54,18.6,0,1,0
TX009012,P062,Aurora Industries,663,3,67400.0,30,1,33,8.5,1,0,0
TX009013,P076,Nordic Materials,635,3,58400.0,0,0,58,12.0,0,1,0
TX009014,P051,Union Energy,700,3,50900.0,90,0,51,10.6,0,1,0
TX009015,P007,Cairo Grid Co,523,4,183800.0,60,3,19,1.2,1,0,1
TX009016,P089,Golden Power,800,1,381000.0,90,1,45,24.4,0,1,0
TX009017,P013,Orient Logistics,776,2,257100.0,30,0,37,19.1,1,0,0
TX009018,P109,Delta Trading,823,1,314800.0,60,0,40,23.8,0,1,0
TX009019,P118,Pacific Chemicals,797,1,361500.0,30,0,44,26.4,0,0,0
TX009020,P109,Delta Trading,829,1,435100.0,30,0,40,23.8,0,0,0
TX009021,P095,Meridian Trading,811,2,251700.0,0,1,44,20.9,1,1,0
TX009022,P075,Marina Industries,610,3,26900.0,0,1,49,12.2,0,0,0
TX009023,P103,Golden Materials,678,2,73100.0,30,0,8,9.5,0,1,0
TX009024,P054,Golden Global,662,3,81300.0,60,2,58,16.4,1,0,1
TX009025,P062,Aurora Industries,679,3,80900.0,60,1,33,7.9,0,0,1
TX009026,P010,Delta Chemicals,684,3,46600.0,0,0,51,11.2,0,1,0
TX009027,P007,Cairo Grid Co,520,4,169300.0,60,3,19,1.3,1,0,1
TX009028,P068,Cobalt Trading,700,4,221400.0,0,1,21,1.2,0,0,1
TX009029,P048,Orient Metals,618,2,36400.0,0,1,45,12.8,0,1,0
TX009030,P061,Harbor Metals,662,2,42900.0,0,2,58,14.9,0,1,0
TX009031,P044,Summit Agro,716,2,175400.0,60,2,23,9.3,0,1,0
TX009032,P018,Marina Global,641,3,40900.0,30,1,58,15.7,0,1,0
TX009033,P048,Orient Metals,612,2,41200.0,60,1,45,12.2,0,1,0
TX009034,P085,Pacific Agro,664,3,24000.0,90,1,55,15.9,0,0,1
TX009035,P012,Prime Power,610,2,72400.0,60,0,60,4.0,0,1,0
TX009036,P096,Prime Materials,772,2,828800.0,60,2,50,23.8,0,0,0
TX009037,P016,Aurora Energy,810,1,203300.0,60,0,45,27.1,0,0,0
TX009038,P015,Crest Materials,770,1,320300.0,0,0,34,24.6,1,1,0
TX009039,P095,Meridian Trading,795,2,250500.0,0,0,44,21.8,0,0,0
TX009040,P028,Pacific Global,653,2,97000.0,0,1,51,14.1,0,1,0
TX009041,P049,Orient Trading,494,4,115700.0,30,3,9,5.7,1,1,0
TX009042,P101,Aurora Agro,696,3,146700.0,60,0,12,7.2,1,0,0
TX009043,P098,Marina Agro,653,3,41800.0,60,1,57,17.0,0,1,0
TX009044,P097,Marina Chemicals,839,2,202700.0,0,1,35,19.2,0,1,0
TX009045,P092,Falcon Metals,655,2,55500.0,30,1,47,15.2,1,1,0
TX009046,P106,Prime Industries,704,2,168000.0,30,2,20,7.6,0,1,0
TX009047,P043,Atlas Chemicals,816,2,335500.0,0,0,46,22.2,0,1,0
TX009048,P105,Prime Logistics,509,4,58900.0,60,4,12,2.6,0,0,1
TX009049,P075,Marina Industries,590,3,38200.0,60,1,49,12.4,0,0,1
TX009050,P035,Sierra Materials,692,3,47700.0,90,1,66,9.6,0,0,1
TX009051,P078,Pacific Materials,804,1,524100.0,30,0,37,22.1,0,1,0
TX009052,P041,Falcon Industries,634,3,49800.0,60,1,63,7.4,1,1,0
TX009053,P041,Falcon Industries,618,3,40500.0,90,2,63,6.6,1,0,0
TX009054,P085,Pacific Agro,680,3,26900.0,90,1,55,15.2,0,1,1
TX009055,P071,Golden Metals,790,1,248700.0,30,1,47,27.2,0,1,0
TX009056,P067,Vega Materials,790,2,468600.0,90,0,51,22.2,1,0,0
TX009057,P111,Prime Global,711,2,152000.0,60,2,21,4.2,0,0,0
TX009058,P045,Meridian Materials,686,4,39900.0,60,1,51,10.8,0,0,0
TX009059,P079,Golden Agro,666,2,35900.0,60,0,54,14.0,0,1,0
TX009060,P051,Union Energy,703,3,35200.0,0,1,51,10.1,0,0,0
TX009061,P036,Prime Trading,774,1,174700.0,0,2,40,23.4,0,1,0
TX009062,P003,Delta Materials,843,1,465900.0,30,1,41,19.9,0,1,0
TX009063,P114,Corona Logistics,756,1,720900.0,30,0,52,18.2,0,0,0
TX009064,P012,Prime Power,637,2,31700.0,30,0,60,4.3,0,1,0
TX009065,P117,Falcon Energy,687,2,63400.0,90,1,50,7.2,1,1,0
TX009066,P036,Prime Trading,744,1,245400.0,30,0,40,23.6,1,0,0
TX009067,P088,Falcon Trading,620,3,39900.0,30,1,43,12.9,0,1,0
TX009068,P099,Aurora Global,684,1,70200.0,90,1,26,12.0,0,1,0
TX009069,P022,Sierra Metals,855,2,211500.0,0,2,46,21.9,0,0,0
TX009070,P114,Corona Logistics,750,1,320000.0,90,0,52,18.6,0,0,0
TX009071,P116,Aurora Materials,649,3,60200.0,90,2,55,10.4,0,1,0
TX009072,P016,Aurora Energy,798,1,464000.0,30,0,45,26.0,1,1,0
TX009073,P045,Meridian Materials,700,4,52000.0,60,1,51,10.9,0,0,0
TX009074,P076,Nordic Materials,636,3,41200.0,0,0,58,10.9,0,1,0
TX009075,P072,Meridian Logistics,623,3,38400.0,60,1,51,8.5,0,0,0
TX009076,P075,Marina Industries,602,3,30800.0,0,2,49,12.2,0,1,0
TX009077,P051,Union Energy,704,3,81400.0,60,2,51,11.1,1,0,0
TX009078,P058,Zenith Logistics,720,3,152200.0,90,1,19,8.1,1,1,0
TX009079,P022,Sierra Metals,862,2,249500.0,30,3,46,22.1,0,1,0
TX009080,P028,Pacific Global,652,2,100100.0,30,1,51,15.7,1,1,0
TX009081,P072,Meridian Logistics,631,3,47200.0,90,1,51,8.0,0,0,0
TX009082,P077,Corona Energy,771,2,206600.0,90,2,37,18.1,0,0,0
TX009083,P070,Crest Metals,839,1,361300.0,90,0,45,23.8,0,0,0
TX009084,P054,Golden Global,648,3,43400.0,30,1,58,15.5,0,0,0
TX009085,P037,Nordic Global,654,3,76200.0,0,1,45,13.9,0,0,1
TX009086,P101,Aurora Agro,694,3,163300.0,90,0,12,6.9,0,0,0
TX009087,P091,Nordic Trading,868,2,278500.0,90,1,45,18.7,0,0,0
TX009088,P107,Prime Metals,787,2,481700.0,0,0,47,22.7,0,1,0
TX009089,P016,Aurora Energy,824,1,300700.0,0,1,45,26.9,0,0,0
TX009090,P083,Crest Agro,707,3,115700.0,30,0,19,7.6,0,1,0
TX009091,P094,Union Chemicals,770,1,817000.0,30,0,48,16.8,0,1,0
TX009092,P071,Golden Metals,786,1,429600.0,0,0,47,26.9,0,0,0
TX009093,P082,Union Materials,655,3,127100.0,60,1,14,12.5,0,1,1
TX009094,P046,Vega Agro,623,4,45200.0,30,0,56,9.6,0,0,1
TX009095,P099,Aurora Global,680,1,58100.0,30,3,26,12.3,1,1,0
TX009096,P114,Corona Logistics,748,1,327100.0,60,1,52,19.4,0,0,0
TX009097,P044,Summit Agro,737,2,243600.0,30,0,23,8.1,0,0,0
TX009098,P042,Corona Power,730,3,99700.0,0,0,25,12.6,0,0,0
TX009099,P062,Aurora Industries,672,3,148000.0,90,1,33,8.4,0,0,0
TX009100,P051,Union Energy,693,3,40000.0,30,0,51,10.8,0,0,0
TX009101,P102,Falcon Power,742,1,255600.0,30,1,49,22.6,0,1,0
TX009102,P098,Marina Agro,682,3,40800.0,60,1,57,17.5,0,1,0
TX009103,P055,Delta Energy,681,3,23600.0,30,2,53,11.2,0,1,0
TX009104,P034,Union Trading,753,2,296700.0,30,0,54,18.7,0,1,0
TX009105,P067,Vega Materials,790,2,264200.0,90,2,51,22.3,1,1,0
TX009106,P067,Vega Materials,764,2,284100.0,90,1,51,22.3,0,1,0
TX009107,P092,Falcon Metals,673,2,72400.0,30,3,47,15.8,0,0,1
TX009108,P020,Corona Materials,670,3,90500.0,30,0,40,15.4,0,0,0
TX009109,P075,Marina Industries,602,3,29400.0,60,2,49,10.8,0,0,1
TX009110,P014,Orient Global,822,1,567100.0,0,0,44,18.8,1,0,0
TX009111,P006,Harbor Agro,697,3,155300.0,90,0,28,4.1,1,0,0
TX009112,P055,Delta Energy,673,3,46200.0,30,2,53,11.2,0,1,0
TX009113,P023,Sierra Trading,473,4,170700.0,60,2,19,4.0,1,0,1
TX009114,P027,Summit Power,711,3,187000.0,60,0,21,3.8,1,0,0
TX009115,P071,Golden Metals,792,1,334000.0,60,0,47,26.8,1,0,0
TX009116,P071,Golden Metals,786,1,145900.0,60,1,47,26.5,0,1,0
TX009117,P012,Prime Power,622,2,54900.0,30,1,60,4.1,0,1,0
TX009118,P118,Pacific Chemicals,780,1,311200.0,90,0,44,26.7,0,0,0
TX009119,P009,Falcon Global,639,3,43300.0,60,2,51,9.1,0,1,1
TX009120,P110,Meridian Energy,828,1,259000.0,90,0,50,22.8,1,0,0
TX009121,P110,Meridian Energy,801,1,482500.0,60,0,50,22.3,0,1,0
TX009122,P076,Nordic Materials,616,3,56200.0,30,0,58,11.5,0,1,0
TX009123,P018,Marina Global,641,3,45500.0,60,1,58,14.8,0,0,0
TX009124,P088,Falcon Trading,612,3,67300.0,30,1,43,12.9,0,1,0
TX009125,P097,Marina Chemicals,812,2,186900.0,30,1,35,20.0,0,0,0
TX009126,P009,Falcon Global,614,3,29600.0,30,1,51,8.0,0,1,0
TX009127,P084,Meridian Metals,770,1,191200.0,30,0,45,23.8,0,1,0
TX009128,P094,Union Chemicals,787,1,1019800.0,0,0,48,16.5,1,0,0
TX009129,P097,Marina Chemicals,810,2,172900.0,30,1,35,19.3,0,1,0
TX009130,P117,Falcon Energy,699,2,55900.0,0,1,50,7.9,0,0,0
TX009131,P111,Prime Global,716,2,191100.0,0,0,21,5.2,1,0,0
TX009132,P107,Prime Metals,812,2,136900.0,60,0,47,23.0,0,1,0
TX009133,P018,Marina Global,652,3,78600.0,30,1,58,15.8,0,1,0
TX009134,P016,Aurora Energy,805,1,187900.0,90,0,45,27.0,0,1,0
TX009135,P061,Harbor Metals,633,2,41300.0,30,1,58,14.7,1,0,0
TX009136,P041,Falcon Industries,626,3,82700.0,30,3,63,7.3,0,0,0
TX009137,P115,Vega Trading,695,2,132300.0,60,0,20,7.3,0,0,0
TX009138,P099,Aurora Global,675,1,120300.0,90,2,26,10.8,1,0,0
TX009139,P023,Sierra Trading,486,4,105300.0,90,3,19,4.8,1,1,1
TX009140,P091,Nordic Trading,860,2,311900.0,30,0,45,20.1,0,0,0
TX009141,P102,Falcon Power,771,1,217300.0,60,0,49,23.0,1,1,0
TX009142,P117,Falcon Energy,690,2,87500.0,30,1,50,7.9,1,0,0
TX009143,P108,Orient Power,706,3,36700.0,30,1,41,11.4,0,1,0
TX009144,P075,Marina Industries,589,3,37000.0,30,1,49,12.6,1,1,0
TX009145,P112,Orient Materials,794,1,233300.0,90,0,45,23.3,0,1,0
TX009146,P040,Union Power,721,3,149000.0,0,1,15,4.4,1,1,0
TX009147,P054,Golden Global,672,3,37300.0,30,3,58,16.7,0,0,0
TX009148,P051,Union Energy,696,3,60100.0,90,0,51,11.1,0,0,0
TX009149,P076,Nordic Materials,613,3,102600.0,90,0,58,12.7,0,0,0
TX009150,P077,Corona Energy,826,2,410400.0,0,1,37,18.4,0,1,0
TX009151,P077,Corona Energy,808,2,458400.0,90,1,37,17.4,0,1,0
TX009152,P024,Zenith Energy,707,3,103900.0,30,0,16,7.3,1,1,0
TX009153,P072,Meridian Logistics,639,3,36400.0,90,0,51,8.9,0,1,0
TX009154,P084,Meridian Metals,765,1,167300.0,0,0,45,22.9,0,0,0
TX009155,P068,Cobalt Trading,685,4,325100.0,60,0,21,0.5,1,0,0
TX009156,P046,Vega Agro,645,4,46900.0,0,0,56,10.8,1,1,0
TX009157,P092,Falcon Metals,685,2,64800.0,60,1,47,15.9,0,0,0
TX009158,P091,Nordic Trading,867,2,201800.0,60,0,45,19.8,0,1,0
TX009159,P099,Aurora Global,673,1,69900.0,90,1,26,11.4,0,0,0
TX009160,P025,Crest Industries,719,2,180200.0,0,0,14,6.6,1,0,0
TX009161,P091,Nordic Trading,844,2,328000.0,60,0,45,19.7,0,0,0
TX009162,P094,Union Chemicals,802,1,760900.0,60,0,48,16.7,0,1,0
TX009163,P102,Falcon Power,762,1,292700.0,0,0,49,22.6,1,1,0
TX009164,P045,Meridian Materials,680,4,50700.0,60,2,51,10.6,1,0,0
TX009165,P109,Delta Trading,825,1,473600.0,30,0,40,22.7,0,1,0
TX009166,P022,Sierra Metals,873,2,293500.0,30,2,46,21.5,0,1,0
TX009167,P076,Nordic Materials,638,3,67100.0,60,0,58,11.8,0,1,0
TX009168,P036,Prime Trading,729,1,205000.0,60,1,40,23.7,0,1,0
TX009169,P035,Sierra Materials,665,3,42400.0,60,2,66,9.2,1,0,0
TX009170,P120,Orient Chemicals,617,2,74100.0,30,0,50,13.3,1,1,0
TX009171,P102,Falcon Power,788,1,325100.0,30,0,49,23.4,0,1,0
TX009172,P006,Harbor Agro,695,3,112000.0,90,1,28,5.0,0,1,1
TX009173,P054,Golden Global,639,3,34300.0,30,1,58,15.5,1,1,1
TX009174,P068,Cobalt Trading,697,4,259300.0,60,1,21,2.0,1,0,0
TX009175,P051,Union Energy,688,3,38700.0,60,2,51,11.8,1,1,0
TX009176,P051,Union Energy,683,3,63200.0,0,0,51,11.3,0,0,0
TX009177,P117,Falcon Energy,704,2,64500.0,90,1,50,6.9,0,1,0
TX009178,P114,Corona Logistics,763,1,373900.0,0,0,52,18.5,0,0,0
TX009179,P118,Pacific Chemicals,778,1,505000.0,60,0,44,25.9,1,0,0
TX009180,P012,Prime Power,646,2,33100.0,60,0,60,5.2,0,1,0
TX009181,P118,Pacific Chemicals,786,1,311600.0,30,0,44,26.8,0,1,0
TX009182,P002,Corona Agro,684,3,152000.0,90,1,25,4.2,0,1,0
TX009183,P006,Harbor Agro,703,3,95600.0,0,0,28,4.4,0,0,0
TX009184,P003,Delta Materials,819,1,314100.0,60,2,41,20.4,1,1,0
TX009185,P114,Corona Logistics,742,1,266400.0,60,0,52,19.3,0,1,0
TX009186,P075,Marina Industries,591,3,44200.0,30,2,49,12.4,1,1,0
TX009187,P023,Sierra Trading,479,4,117600.0,0,2,19,4.6,1,0,0
TX009188,P107,Prime Metals,798,2,158400.0,60,1,47,23.0,1,0,0
TX009189,P018,Marina Global,635,3,61400.0,0,2,58,16.6,1,0,0
TX009190,P102,Falcon Power,783,1,361300.0,0,0,49,22.5,1,0,0
TX009191,P093,Union Global,829,2,452700.0,90,1,52,19.9,0,1,0
TX009192,P084,Meridian Metals,743,1,220100.0,30,0,45,22.7,1,0,0
TX009193,P048,Orient Metals,619,2,44700.0,30,1,45,11.6,0,0,0
TX009194,P066,Orient Energy,606,3,46000.0,30,1,54,5.3,1,0,0
TX009195,P041,Falcon Industries,622,3,33500.0,60,1,63,6.2,0,0,0
TX009196,P014,Orient Global,804,1,550600.0,30,0,44,18.5,0,0,0
TX009197,P111,Prime Global,734,2,207400.0,60,0,21,4.1,1,1,0
TX009198,P020,Corona Materials,674,3,57800.0,60,0,40,16.3,0,1,0
TX009199,P029,Atlas Global,430,5,185100.0,60,2,8,0.5,0,1,1
TX009200,P078,Pacific Materials,836,1,350600.0,60,1,37,22.8,0,0,0
TX009201,P070,Crest Metals,836,1,699200.0,30,0,45,23.6,0,0,0
TX009202,P071,Golden Metals,791,1,206500.0,30,0,47,27.3,0,1,0
TX009203,P108,Orient Power,677,3,67500.0,30,1,41,11.6,1,0,0
TX009204,P064,Zenith Chemicals,652,4,20400.0,60,2,44,7.5,0,1,0
TX009205,P084,Meridian Metals,759,1,462200.0,60,1,45,23.0,0,0,0
TX009206,P117,Falcon Energy,680,2,66400.0,60,2,50,7.5,1,0,0
TX009207,P091,Nordic Trading,841,2,264600.0,30,0,45,19.6,1,1,0
TX009208,P055,Delta Energy,689,3,51100.0,30,2,53,10.3,1,0,0
TX009209,P072,Meridian Logistics,663,3,35500.0,30,1,51,8.0,0,1,1
TX009210,P013,Orient Logistics,745,2,139700.0,30,0,37,18.5,1,1,0
TX009211,P009,Falcon Global,634,3,22800.0,30,1,51,8.4,0,1,0
TX009212,P079,Golden Agro,669,2,28600.0,60,0,54,13.9,0,1,1
TX009213,P054,Golden Global,648,3,43100.0,30,1,58,15.6,1,1,0
TX009214,P118,Pacific Chemicals,794,1,285100.0,60,0,44,26.9,0,0,0
TX009215,P119,Meridian Chemicals,647,1,161100.0,30,1,25,11.7,0,0,0
TX009216,P037,Nordic Global,659,3,41900.0,0,1,45,14.5,0,0,0
TX009217,P068,Cobalt Trading,679,4,171900.0,0,0,21,0.5,0,0,0
TX009218,P090,Falcon Agro,824,2,470000.0,30,0,36,20.4,1,1,0
TX009219,P001,Delta Power,698,2,216600.0,30,0,19,2.9,0,1,0
TX009220,P107,Prime Metals,779,2,150500.0,60,0,47,23.5,1,1,0
TX009221,P079,Golden Agro,672,2,52500.0,0,0,54,13.2,0,0,0
TX009222,P117,Falcon Energy,669,2,53800.0,0,2,50,8.2,0,0,0
TX009223,P061,Harbor Metals,645,2,51100.0,60,1,58,15.4,0,0,0
TX009224,P011,Corona Industries,681,3,190200.0,60,0,20,11.7,0,0,0
TX009225,P051,Union Energy,667,3,58600.0,30,0,51,11.4,0,0,0
TX009226,P097,Marina Chemicals,804,2,297200.0,60,1,35,19.1,0,0,0
TX009227,P013,Orient Logistics,756,2,154100.0,0,1,37,18.0,0,0,0
TX009228,P068,Cobalt Trading,704,4,242900.0,0,0,21,0.5,0,1,0
TX009229,P071,Golden Metals,793,1,257300.0,30,0,47,26.6,0,0,0
TX009230,P092,Falcon Metals,693,2,56300.0,60,1,47,14.6,1,1,0
TX009231,P098,Marina Agro,654,3,62600.0,30,1,57,16.8,0,0,0
TX009232,P005,Zenith Trading,604,3,26500.0,30,1,56,17.9,0,0,1
TX009233,P045,Meridian Materials,680,4,83700.0,30,1,51,11.2,1,1,0
TX009234,P005,Zenith Trading,613,3,23900.0,0,1,56,17.7,0,1,0
TX009235,P093,Union Global,836,2,619400.0,30,1,52,20.5,0,1,0
TX009236,P044,Summit Agro,708,2,163400.0,90,2,23,8.4,0,0,0
TX009237,P067,Vega Materials,790,2,360500.0,30,0,51,21.8,0,1,0
TX009238,P108,Orient Power,691,3,36400.0,60,0,41,11.4,1,0,0
TX009239,P088,Falcon Trading,632,3,39200.0,60,1,43,12.1,0,0,0
TX009240,P117,Falcon Energy,677,2,41900.0,90,1,50,7.1,1,0,0
TX009241,P067,Vega Materials,767,2,291000.0,60,0,51,21.3,0,1,0
TX009242,P046,Vega Agro,662,4,45400.0,0,0,56,11.1,0,1,0
TX009243,P073,Vega Metals,685,2,181700.0,0,1,23,10.7,0,1,0
TX009244,P102,Falcon Power,786,1,486100.0,30,0,49,22.1,0,0,0
TX009245,P077,Corona Energy,810,2,464600.0,30,0,37,18.9,0,1,0
TX009246,P076,Nordic Materials,604,3,63200.0,30,0,58,11.7,0,1,1
TX009247,P046,Vega Agro,634,4,50900.0,0,0,56,10.1,0,1,1
TX009248,P055,Delta Energy,695,3,43500.0,60,3,53,10.7,0,1,0
TX009249,P111,Prime Global,730,2,172300.0,90,0,21,3.7,0,0,0
TX009250,P031,Vega Power,775,2,363500.0,0,0,38,16.7,0,0,0
TX009251,P065,Crest Global,698,2,103000.0,30,0,15,13.4,0,1,0
TX009252,P048,Orient Metals,632,2,36000.0,30,1,45,12.3,1,0,0
TX009253,P088,Falcon Trading,619,3,45500.0,30,2,43,12.6,1,0,0
TX009254,P087,Corona Metals,665,2,126800.0,60,2,19,13.2,0,0,0
TX009255,P037,Nordic Global,644,3,65300.0,60,1,45,14.1,1,0,1
TX009256,P018,Marina Global,644,3,52700.0,0,1,58,15.9,0,1,0
TX009257,P015,Crest Materials,776,1,547600.0,60,1,34,24.5,0,0,0
TX009258,P067,Vega Materials,773,2,459500.0,90,0,51,21.6,0,0,0
TX009259,P003,Delta Materials,851,1,383100.0,30,1,41,20.0,1,0,0
TX009260,P048,Orient Metals,622,2,63400.0,60,2,45,12.4,0,0,1
TX009261,P101,Aurora Agro,681,3,147200.0,30,0,12,6.4,0,0,1
TX009262,P044,Summit Agro,725,2,174200.0,30,0,23,8.1,0,0,0
TX009263,P080,Harbor Global,527,4,111300.0,30,3,20,5.4,0,1,1
TX009264,P030,Golden Energy,492,5,65600.0,60,3,5,7.8,0,0,0
TX009265,P110,Meridian Energy,814,1,377600.0,60,1,50,23.3,0,0,0
TX009266,P075,Marina Industries,612,3,49700.0,30,2,49,11.6,0,0,0
TX009267,P041,Falcon Industries,611,3,45100.0,30,1,63,7.7,0,0,0
TX009268,P101,Aurora Agro,698,3,109100.0,60,1,12,6.8,0,0,0
TX009269,P075,Marina Industries,621,3,70100.0,30,1,49,12.0,0,0,1
TX009270,P117,Falcon Energy,663,2,51100.0,60,1,50,7.7,0,0,0
TX009271,P061,Harbor Metals,668,2,37700.0,30,1,58,14.7,0,1,0
TX009272,P005,Zenith Trading,611,3,31400.0,0,1,56,19.0,0,0,0
TX009273,P085,Pacific Agro,668,3,43200.0,30,1,55,15.5,0,1,0
TX009274,P083,Crest Agro,691,3,120200.0,30,0,19,7.5,0,0,0
TX009275,P102,Falcon Power,781,1,226500.0,30,0,49,23.1,0,0,0
TX009276,P018,Marina Global,659,3,52200.0,0,1,58,16.0,0,1,0
TX009277,P091,Nordic Trading,850,2,249000.0,0,0,45,20.0,0,0,0
TX009278,P064,Zenith Chemicals,672,4,41200.0,60,1,44,7.0,0,0,1
TX009279,P062,Aurora Industries,668,3,80300.0,90,2,33,9.0,0,0,0
TX009280,P108,Orient Power,680,3,27600.0,30,0,41,11.7,0,0,1
TX009281,P009,Falcon Global,632,3,26200.0,60,1,51,8.7,0,0,0
TX009282,P043,Atlas Chemicals,811,2,557100.0,30,0,46,21.9,1,0,0
TX009283,P061,Harbor Metals,647,2,45900.0,60,1,58,16.1,1,0,0
TX009284,P061,Harbor Metals,659,2,73500.0,30,1,58,15.3,0,1,0
TX009285,P009,Falcon Global,655,3,36000.0,60,3,51,9.0,0,0,1
TX009286,P079,Golden Agro,679,2,21200.0,30,0,54,12.3,0,0,0
TX009287,P051,Union Energy,702,3,47400.0,30,1,51,10.9,1,1,0
TX009288,P045,Meridian Materials,685,4,91800.0,30,1,51,10.4,0,1,0
TX009289,P007,Cairo Grid Co,513,4,182500.0,30,3,19,0.5,1,0,1
TX009290,P013,Orient Logistics,763,2,326900.0,60,0,37,17.9,1,0,0
TX009291,P018,Marina Global,642,3,28300.0,0,1,58,15.0,0,0,1
TX009292,P034,Union Trading,763,2,537000.0,60,0,54,17.2,0,1,0
TX009293,P102,Falcon Power,787,1,296200.0,90,0,49,23.4,0,1,0
TX009294,P009,Falcon Global,628,3,40000.0,30,1,51,9.0,0,0,0
TX009295,P028,Pacific Global,638,2,64300.0,30,1,51,14.3,0,0,0
TX009296,P072,Meridian Logistics,649,3,72300.0,30,1,51,8.6,0,1,0
TX009297,P006,Harbor Agro,726,3,164800.0,0,0,28,4.3,1,1,0
TX009298,P096,Prime Materials,780,2,811000.0,0,1,50,24.0,0,0,0
TX009299,P111,Prime Global,726,2,128300.0,0,0,21,3.5,0,1,1
TX009300,P032,Cobalt Logistics,725,3,99400.0,30,0,23,4.5,0,0,0
TX009301,P011,Corona Industries,690,3,227400.0,90,0,20,10.9,0,0,0
TX009302,P062,Aurora Industries,659,3,77200.0,60,1,33,9.1,0,1,0
TX009303,P088,Falcon Trading,632,3,58200.0,0,1,43,12.3,1,1,0
TX009304,P068,Cobalt Trading,696,4,202500.0,30,2,21,0.7,1,0,0
TX009305,P072,Meridian Logistics,649,3,31900.0,0,1,51,8.8,0,0,0
TX009306,P016,Aurora Energy,825,1,176800.0,30,0,45,26.9,0,0,0
TX009307,P085,Pacific Agro,691,3,34300.0,90,2,55,15.6,0,1,0
TX009308,P006,Harbor Agro,694,3,205500.0,90,0,28,4.7,0,0,0
TX009309,P003,Delta Materials,835,1,471400.0,30,2,41,20.5,0,1,0
TX009310,P080,Harbor Global,544,4,121300.0,30,2,20,5.6,0,1,0
TX009311,P118,Pacific Chemicals,807,1,278100.0,60,0,44,27.1,0,1,0
TX009312,P119,Meridian Chemicals,655,1,132300.0,30,1,25,12.4,0,0,0
TX009313,P104,Summit Energy,831,2,588800.0,60,2,41,22.5,0,1,0
TX009314,P117,Falcon Energy,695,2,65600.0,90,2,50,7.6,0,1,1
TX009315,P089,Golden Power,807,1,356300.0,30,0,45,25.5,0,0,0
TX009316,P045,Meridian Materials,673,4,33700.0,30,2,51,10.6,0,0,0
TX009317,P076,Nordic Materials,624,3,65700.0,30,2,58,11.7,0,0,0
TX009318,P099,Aurora Global,685,1,108500.0,60,1,26,11.1,0,0,0
TX009319,P009,Falcon Global,653,3,43900.0,90,1,51,9.1,0,0,0
TX009320,P046,Vega Agro,630,4,52600.0,30,0,56,10.3,0,0,1
TX009321,P091,Nordic Trading,849,2,267900.0,60,0,45,20.3,0,0,0
TX009322,P007,Cairo Grid Co,512,4,184900.0,60,4,19,1.6,0,1,1
TX009323,P047,Pacific Metals,664,3,118500.0,30,1,11,6.9,1,1,0
TX009324,P066,Orient Energy,615,3,34700.0,90,1,54,6.0,1,1,0
TX009325,P041,Falcon Industries,625,3,53600.0,30,1,63,6.6,0,0,0
TX009326,P072,Meridian Logistics,648,3,50600.0,0,0,51,8.1,0,0,0
TX009327,P071,Golden Metals,792,1,347100.0,60,1,47,27.3,0,0,0
TX009328,P043,Atlas Chemicals,810,2,669400.0,60,0,46,22.2,1,1,0
TX009329,P026,Summit Materials,734,3,95200.0,0,0,31,9.5,0,1,0
TX009330,P033,Delta Industries,683,2,152500.0,0,0,24,6.4,0,1,0
TX009331,P071,Golden Metals,788,1,323900.0,30,2,47,27.3,0,0,0
TX009332,P094,Union Chemicals,774,1,682600.0,60,0,48,16.6,0,1,0
TX009333,P113,Meridian Agro,612,3,23200.0,0,1,52,9.1,1,0,0
TX009334,P067,Vega Materials,789,2,230300.0,90,0,51,22.0,0,1,0
TX009335,P089,Golden Power,795,1,482600.0,60,1,45,24.4,1,0,0
TX009336,P092,Falcon Metals,677,2,50500.0,30,3,47,15.5,0,1,0
TX009337,P017,Lagos Agro Ltd,520,4,161100.0,60,3,7,2.9,0,1,1
TX009338,P064,Zenith Chemicals,679,4,40000.0,60,1,44,7.6,1,0,1
TX009339,P012,Prime Power,639,2,22800.0,30,1,60,4.6,0,0,0
TX009340,P072,Meridian Logistics,649,3,74000.0,30,0,51,9.2,0,1,0
TX009341,P033,Delta Industries,656,2,169500.0,30,0,24,5.7,0,0,0
TX009342,P061,Harbor Metals,644,2,32200.0,0,1,58,15.7,0,0,0
TX009343,P046,Vega Agro,631,4,39100.0,90,0,56,10.3,0,0,1
TX009344,P034,Union Trading,752,2,317700.0,90,1,54,18.8,0,1,1
TX009345,P037,Nordic Global,661,3,43100.0,30,1,45,13.5,0,0,0
TX009346,P107,Prime Metals,788,2,176400.0,60,0,47,23.4,0,1,0
TX009347,P034,Union Trading,764,2,329200.0,90,0,54,18.3,0,1,0
TX009348,P080,Harbor Global,524,4,176500.0,60,2,20,4.0,0,1,1
TX009349,P061,Harbor Metals,644,2,49900.0,30,2,58,15.8,0,1,0
TX009350,P096,Prime Materials,791,2,626600.0,0,1,50,24.1,1,0,0
TX009351,P093,Union Global,857,2,540700.0,0,1,52,20.7,0,1,0
TX009352,P073,Vega Metals,698,2,145500.0,60,1,23,9.7,0,0,0
TX009353,P031,Vega Power,761,2,337000.0,90,0,38,17.2,0,0,0
TX009354,P059,Falcon Materials,695,2,281000.0,30,2,21,9.3,0,1,0
TX009355,P034,Union Trading,733,2,294100.0,60,0,54,18.5,0,1,0
TX009356,P021,Harbor Power,695,3,118700.0,30,0,15,13.1,0,0,0
TX009357,P037,Nordic Global,657,3,41300.0,90,1,45,13.3,0,0,0
TX009358,P094,Union Chemicals,741,1,536300.0,60,1,48,16.9,1,0,0
TX009359,P033,Delta Industries,698,2,110900.0,60,0,24,6.2,0,1,0
TX009360,P035,Sierra Materials,672,3,40500.0,0,3,66,9.5,0,0,0
TX009361,P034,Union Trading,753,2,371300.0,30,0,54,17.8,1,0,0
TX009362,P020,Corona Materials,666,3,61500.0,90,1,40,14.6,0,1,0
TX009363,P067,Vega Materials,794,2,533700.0,30,0,51,20.8,0,1,0
TX009364,P032,Cobalt Logistics,714,3,106200.0,30,0,23,4.3,1,1,0
TX009365,P041,Falcon Industries,627,3,53900.0,0,1,63,6.8,1,0,1
TX009366,P039,Nordic Chemicals,497,4,155500.0,30,3,12,7.2,0,0,1
TX009367,P108,Orient Power,685,3,27000.0,30,0,41,11.8,0,1,0
TX009368,P066,Orient Energy,610,3,33300.0,30,1,54,7.1,0,1,0
TX009369,P021,Harbor Power,683,3,79600.0,0,1,15,13.1,0,0,0
TX009370,P096,Prime Materials,798,2,511800.0,60,1,50,23.6,0,0,0
TX009371,P043,Atlas Chemicals,800,2,504900.0,30,0,46,22.5,0,0,0
TX009372,P110,Meridian Energy,811,1,337100.0,30,0,50,23.5,0,0,0
TX009373,P009,Falcon Global,625,3,50000.0,60,1,51,9.2,0,0,0
TX009374,P108,Orient Power,693,3,34100.0,0,1,41,12.2,1,1,0
TX009375,P058,Zenith Logistics,738,3,224500.0,30,0,19,8.1,1,0,0
TX009376,P079,Golden Agro,677,2,57400.0,30,0,54,12.7,1,1,0
TX009377,P079,Golden Agro,683,2,32000.0,90,1,54,13.2,1,1,1
TX009378,P092,Falcon Metals,685,2,36400.0,30,2,47,15.9,0,1,0
TX009379,P018,Marina Global,629,3,43800.0,60,1,58,15.2,0,1,0
TX009380,P109,Delta Trading,832,1,407700.0,0,0,40,22.3,0,1,0
TX009381,P066,Orient Energy,604,3,29600.0,60,1,54,7.1,0,0,0
TX009382,P063,Prime Agro,459,4,104600.0,60,3,13,0.7,1,1,1
TX009383,P078,Pacific Materials,820,1,388100.0,30,0,37,23.3,0,1,0
TX009384,P113,Meridian Agro,626,3,81000.0,30,1,52,8.8,0,1,0
TX009385,P003,Delta Materials,841,1,462900.0,30,1,41,21.0,1,1,0
TX009386,P051,Union Energy,674,3,71800.0,30,0,51,9.9,1,0,0
TX009387,P096,Prime Materials,810,2,482300.0,60,0,50,24.0,1,0,0
TX009388,P046,Vega Agro,620,4,54500.0,30,0,56,10.6,0,0,1
TX009389,P110,Meridian Energy,785,1,399200.0,60,0,50,22.5,1,0,0
TX009390,P035,Sierra Materials,654,3,57700.0,30,1,66,9.1,0,1,1
TX009391,P084,Meridian Metals,755,1,206900.0,0,0,45,23.0,0,0,0
TX009392,P119,Meridian Chemicals,661,1,99600.0,60,2,25,11.5,0,1,0
TX009393,P029,Atlas Global,454,5,143700.0,0,2,8,1.2,0,0,1
TX009394,P078,Pacific Materials,836,1,172600.0,0,0,37,22.3,0,1,0
TX009395,P109,Delta Trading,793,1,370800.0,0,0,40,23.1,0,1,0
TX009396,P096,Prime Materials,783,2,910600.0,30,0,50,23.1,0,1,0
TX009397,P046,Vega Agro,617,4,56800.0,60,1,56,9.6,1,0,0
TX009398,P062,Aurora Industries,664,3,106000.0,90,1,33,8.4,0,0,0
TX009399,P013,Orient Logistics,742,2,462900.0,60,0,37,18.3,0,1,0
TX009400,P113,Meridian Agro,603,3,58700.0,60,3,52,8.8,1,0,0
TX009401,P009,Falcon Global,643,3,50100.0,30,2,51,10.3,0,0,0
TX009402,P065,Crest Global,688,2,118400.0,60,1,15,14.2,0,0,0
TX009403,P104,Summit Energy,831,2,488100.0,90,1,41,21.8,0,1,0
TX009404,P005,Zenith Trading,618,3,29100.0,30,1,56,18.2,0,0,1
TX009405,P096,Prime Materials,774,2,498700.0,60,0,50,23.4,1,1,0
TX009406,P035,Sierra Materials,661,3,59500.0,30,1,66,10.2,1,1,0
TX009407,P098,Marina Agro,644,3,34700.0,0,2,57,17.5,0,1,1
TX009408,P108,Orient Power,676,3,25900.0,60,0,41,11.4,0,0,0
TX009409,P008,Vega Logistics,723,2,187100.0,30,1,19,9.0,0,0,0
TX009410,P009,Falcon Global,658,3,29500.0,30,1,51,9.2,0,0,0
TX009411,P066,Orient Energy,608,3,30200.0,0,2,54,5.1,1,0,0
TX009412,P093,Union Global,827,2,464200.0,30,1,52,21.0,0,0,0
TX009413,P070,Crest Metals,834,1,278600.0,60,0,45,23.8,0,0,0
TX009414,P034,Union Trading,768,2,374200.0,30,1,54,18.3,1,0,0
TX009415,P115,Vega Trading,705,2,108400.0,60,0,20,8.6,0,0,0
TX009416,P042,Corona Power,718,3,142300.0,0,1,25,12.4,0,0,0
TX009417,P098,Marina Agro,647,3,50400.0,30,1,57,17.8,1,1,0
TX009418,P120,Orient Chemicals,660,2,44100.0,30,1,50,12.3,1,1,0
TX009419,P061,Harbor Metals,655,2,58600.0,30,1,58,15.1,1,0,0
TX009420,P046,Vega Agro,625,4,55200.0,30,0,56,10.4,1,0,1
TX009421,P018,Marina Global,635,3,64800.0,90,1,58,15.6,1,0,1
TX009422,P054,Golden Global,653,3,32900.0,30,2,58,16.0,0,0,0
TX009423,P026,Summit Materials,716,3,117600.0,30,1,31,8.3,0,0,1
TX009424,P110,Meridian Energy,820,1,495800.0,30,0,50,23.0,0,1,0
TX009425,P117,Falcon Energy,664,2,89500.0,30,1,50,7.3,0,0,0
TX009426,P045,Meridian Materials,657,4,64700.0,60,1,51,10.5,1,0,1
TX009427,P075,Marina Industries,586,3,44700.0,30,2,49,12.7,1,0,0
TX009428,P021,Harbor Power,670,3,98500.0,0,0,15,13.3,1,1,0
TX009429,P042,Corona Power,688,3,191500.0,30,0,25,12.3,0,0,0
TX009430,P021,Harbor Power,660,3,149700.0,60,1,15,12.1,0,0,0
TX009431,P071,Golden Metals,796,1,252700.0,60,0,47,27.3,0,1,0
TX009432,P100,Nordic Agro,663,3,151400.0,60,0,14,11.4,0,0,0
TX009433,P114,Corona Logistics,765,1,388200.0,60,3,52,18.5,0,0,0
TX009434,P032,Cobalt Logistics,707,3,63900.0,60,0,23,4.7,0,0,0
TX009435,P075,Marina Industries,600,3,83100.0,30,2,49,12.2,1,1,0
TX009436,P017,Lagos Agro Ltd,535,4,120100.0,60,3,7,4.4,0,0,1
TX009437,P009,Falcon Global,639,3,37800.0,30,1,51,9.1,0,1,0
TX009438,P116,Aurora Materials,651,3,59900.0,60,3,55,10.3,0,0,1
TX009439,P054,Golden Global,648,3,47700.0,0,1,58,16.4,0,0,0
TX009440,P084,Meridian Metals,755,1,331100.0,60,0,45,22.7,0,1,0
TX009441,P042,Corona Power,714,3,123100.0,30,0,25,12.1,0,1,0
TX009442,P072,Meridian Logistics,658,3,28700.0,30,0,51,8.5,1,1,0
TX009443,P116,Aurora Materials,647,3,39400.0,90,2,55,10.1,1,1,0
TX009444,P043,Atlas Chemicals,796,2,449000.0,60,0,46,20.9,1,0,0
TX009445,P120,Orient Chemicals,640,2,88500.0,0,2,50,13.2,1,0,0
TX009446,P042,Corona Power,693,3,126400.0,60,0,25,12.1,1,1,0
TX009447,P069,Sierra Global,641,2,137200.0,60,1,31,4.0,1,0,0
TX009448,P011,Corona Industries,688,3,233900.0,90,0,20,10.2,0,0,1
TX009449,P006,Harbor Agro,700,3,156700.0,60,1,28,4.4,0,0,0
TX009450,P034,Union Trading,744,2,316700.0,60,1,54,17.8,0,1,0
TX009451,P048,Orient Metals,612,2,46000.0,60,1,45,11.7,0,0,0
TX009452,P011,Corona Industries,677,3,267400.0,90,0,20,11.0,1,1,0
TX009453,P014,Orient Global,816,1,534900.0,30,0,44,18.3,0,1,0
TX009454,P104,Summit Energy,835,2,502300.0,60,1,41,21.5,1,1,0
TX009455,P063,Prime Agro,490,4,159300.0,30,2,13,0.7,0,1,0
TX009456,P033,Delta Industries,689,2,112500.0,60,1,24,6.6,0,1,0
TX009457,P096,Prime Materials,788,2,1092700.0,60,0,50,23.2,0,0,0
TX009458,P003,Delta Materials,849,1,513100.0,60,1,41,19.3,0,1,0
TX009459,P001,Delta Power,714,2,128700.0,60,1,19,2.0,0,0,0
TX009460,P096,Prime Materials,792,2,561100.0,30,1,50,23.7,0,0,0
TX009461,P043,Atlas Chemicals,799,2,616100.0,60,2,46,21.4,0,1,0
TX009462,P115,Vega Trading,698,2,223200.0,60,0,20,8.0,1,0,0
TX009463,P096,Prime Materials,770,2,660300.0,30,0,50,23.1,0,0,0
TX009464,P034,Union Trading,765,2,320700.0,60,0,54,17.1,1,0,0
TX009465,P116,Aurora Materials,654,3,50500.0,60,2,55,9.9,0,1,0
TX009466,P063,Prime Agro,491,4,205000.0,60,2,13,1.5,0,0,1
TX009467,P087,Corona Metals,691,2,126000.0,90,1,19,12.4,1,0,0
TX009468,P090,Falcon Agro,826,2,391900.0,0,1,36,21.7,1,1,0
TX009469,P043,Atlas Chemicals,834,2,724500.0,60,0,46,21.1,1,1,0
TX009470,P077,Corona Energy,826,2,314200.0,0,0,37,18.8,1,0,0
TX009471,P048,Orient Metals,603,2,27600.0,30,1,45,11.5,0,1,0
TX009472,P008,Vega Logistics,716,2,156800.0,90,2,19,9.9,0,1,0
TX009473,P054,Golden Global,655,3,28000.0,60,1,58,16.1,0,0,0
TX009474,P036,Prime Trading,770,1,207100.0,60,0,40,22.9,0,1,0
TX009475,P008,Vega Logistics,721,2,107300.0,90,0,19,8.7,0,0,0
TX009476,P110,Meridian Energy,788,1,549500.0,60,1,50,22.2,0,1,0
TX009477,P092,Falcon Metals,677,2,29400.0,0,2,47,15.9,0,0,0
TX009478,P019,Cobalt Materials,476,4,135900.0,30,3,4,5.1,0,0,0
TX009479,P120,Orient Chemicals,646,2,61300.0,60,1,50,13.4,0,0,0
TX009480,P012,Prime Power,627,2,38900.0,90,0,60,5.1,1,1,1
TX009481,P037,Nordic Global,678,3,83800.0,30,1,45,13.8,1,0,0
TX009482,P087,Corona Metals,686,2,132900.0,0,1,19,11.7,0,0,0
TX009483,P106,Prime Industries,724,2,101400.0,90,4,20,8.7,0,0,0
TX009484,P088,Falcon Trading,619,3,35600.0,60,1,43,13.6,1,1,0
TX009485,P069,Sierra Global,644,2,99400.0,30,1,31,3.0,0,1,0
TX009486,P035,Sierra Materials,662,3,55400.0,0,1,66,8.9,1,1,0
TX009487,P112,Orient Materials,797,1,276000.0,60,0,45,23.2,0,1,0
TX009488,P113,Meridian Agro,639,3,41600.0,90,2,52,8.5,1,1,0
TX009489,P078,Pacific Materials,805,1,321200.0,60,0,37,22.9,0,1,0
TX009490,P071,Golden Metals,808,1,224500.0,90,0,47,27.6,1,0,0
TX009491,P111,Prime Global,736,2,205000.0,30,0,21,3.9,0,0,0
TX009492,P094,Union Chemicals,790,1,626900.0,30,0,48,16.3,1,0,0
TX009493,P003,Delta Materials,846,1,345200.0,60,1,41,20.0,1,0,0
TX009494,P085,Pacific Agro,686,3,30500.0,60,3,55,16.2,1,1,1
TX009495,P096,Prime Materials,784,2,704900.0,30,0,50,22.5,0,0,0
TX009496,P013,Orient Logistics,747,2,233300.0,60,0,37,18.3,0,0,0
TX009497,P079,Golden Agro,666,2,33300.0,30,0,54,13.7,1,1,0
TX009498,P046,Vega Agro,622,4,29700.0,30,0,56,10.0,1,0,0
TX009499,P018,Marina Global,635,3,66100.0,90,2,58,15.1,0,0,1
TX009500,P031,Vega Power,776,2,318100.0,60,0,38,17.1,1,1,0
TX009501,P036,Prime Trading,762,1,232800.0,90,0,40,22.8,0,0,0
TX009502,P066,Orient Energy,605,3,83400.0,30,1,54,5.7,0,1,1
TX009503,P036,Prime Trading,764,1,198900.0,90,0,40,23.6,0,1,0
TX009504,P085,Pacific Agro,682,3,23800.0,30,1,55,16.2,1,0,0
TX009505,P085,Pacific Agro,692,3,36900.0,0,1,55,15.9,1,1,0
TX009506,P084,Meridian Metals,762,1,329500.0,60,0,45,22.1,0,0,0
TX009507,P096,Prime Materials,786,2,434500.0,60,1,50,23.7,1,0,0
TX009508,P003,Delta Materials,840,1,245700.0,60,1,41,19.8,0,1,0
TX009509,P061,Harbor Metals,644,2,46300.0,90,1,58,14.8,0,1,1
TX009510,P014,Orient Global,838,1,293800.0,60,0,44,18.4,0,0,0
TX009511,P045,Meridian Materials,686,4,42100.0,30,2,51,9.7,0,0,1
TX009512,P006,Harbor Agro,718,3,146900.0,90,2,28,4.3,1,0,0
TX009513,P056,Union Agro,721,2,204100.0,30,0,22,7.4,1,0,0
TX009514,P120,Orient Chemicals,647,2,43800.0,30,0,50,13.2,0,0,0
TX009515,P078,Pacific Materials,801,1,213800.0,30,0,37,22.6,1,1,0
TX009516,P100,Nordic Agro,673,3,181200.0,0,0,14,11.9,1,1,0
TX009517,P072,Meridian Logistics,651,3,33000.0,60,0,51,9.4,0,1,0
TX009518,P072,Meridian Logistics,624,3,33500.0,60,0,51,8.8,0,0,0
TX009519,P035,Sierra Materials,669,3,49500.0,60,1,66,8.8,0,0,0
TX009520,P018,Marina Global,648,3,25600.0,30,3,58,14.6,0,1,0
TX009521,P013,Orient Logistics,743,2,367600.0,60,1,37,17.9,0,0,0
TX009522,P076,Nordic Materials,624,3,64900.0,0,0,58,11.4,1,0,0
TX009523,P071,Golden Metals,804,1,254900.0,0,0,47,27.1,0,0,0
TX009524,P069,Sierra Global,662,2,81600.0,30,1,31,4.1,1,1,0
TX009525,P036,Prime Trading,761,1,155400.0,30,0,40,23.3,0,0,0
TX009526,P112,Orient Materials,800,1,306900.0,0,0,45,24.2,0,0,0
TX009527,P075,Marina Industries,623,3,29300.0,0,3,49,12.6,0,1,0
TX009528,P078,Pacific Materials,796,1,278700.0,60,0,37,22.5,0,0,0
TX009529,P070,Crest Metals,823,1,751300.0,0,1,45,23.5,1,0,0
TX009530,P118,Pacific Chemicals,768,1,169200.0,90,0,44,26.5,0,0,0
TX009531,P111,Prime Global,724,2,126200.0,30,1,21,4.1,1,1,0
TX009532,P072,Meridian Logistics,652,3,29300.0,60,0,51,8.2,0,0,0
TX009533,P016,Aurora Energy,801,1,316100.0,0,0,45,27.4,0,1,0
TX009534,P078,Pacific Materials,832,1,601900.0,90,2,37,22.7,0,1,0
TX009535,P034,Union Trading,759,2,388700.0,30,1,54,18.1,0,0,0
TX009536,P002,Corona Agro,709,3,154500.0,0,1,25,4.0,1,1,0
TX009537,P094,Union Chemicals,764,1,849600.0,60,0,48,16.5,0,0,0
TX009538,P094,Union Chemicals,796,1,1010100.0,30,0,48,15.6,0,0,0
TX009539,P075,Marina Industries,617,3,36400.0,30,1,49,11.7,0,0,0
TX009540,P009,Falcon Global,636,3,47800.0,0,1,51,8.8,1,1,0
TX009541,P096,Prime Materials,778,2,785900.0,30,0,50,23.4,0,1,0
TX009542,P002,Corona Agro,659,3,148700.0,60,3,25,4.1,0,1,0
TX009543,P097,Marina Chemicals,797,2,286800.0,60,1,35,18.9,0,1,0
TX009544,P085,Pacific Agro,685,3,44100.0,60,1,55,15.8,1,1,0
TX009545,P085,Pacific Agro,680,3,35300.0,60,1,55,14.2,0,1,0
TX009546,P113,Meridian Agro,625,3,26500.0,60,2,52,8.4,1,0,0
TX009547,P022,Sierra Metals,848,2,278200.0,30,1,46,21.6,0,1,0
TX009548,P099,Aurora Global,692,1,158400.0,30,1,26,10.7,0,0,0
TX009549,P071,Golden Metals,800,1,266200.0,30,0,47,27.5,0,1,0
TX009550,P095,Meridian Trading,829,2,242400.0,30,0,44,20.1,0,0,0
TX009551,P051,Union Energy,691,3,48500.0,30,0,51,11.4,1,1,0
TX009552,P079,Golden Agro,669,2,26200.0,30,0,54,13.4,1,0,0
TX009553,P113,Meridian Agro,612,3,63800.0,0,2,52,8.6,0,0,1
TX009554,P058,Zenith Logistics,714,3,136800.0,0,0,19,7.0,0,0,0
TX009555,P076,Nordic Materials,619,3,41200.0,30,0,58,11.9,1,0,0
TX009556,P035,Sierra Materials,682,3,51400.0,60,1,66,9.4,0,0,0
TX009557,P091,Nordic Trading,853,2,656000.0,90,0,45,20.2,1,1,0
TX009558,P065,Crest Global,696,2,110200.0,30,0,15,13.7,0,0,0
TX009559,P015,Crest Materials,769,1,410000.0,60,0,34,25.0,1,1,0
TX009560,P108,Orient Power,686,3,35600.0,30,0,41,11.5,0,0,0
TX009561,P064,Zenith Chemicals,650,4,29000.0,30,1,44,7.9,1,1,0
TX009562,P042,Corona Power,694,3,195900.0,90,1,25,11.3,1,1,0
TX009563,P034,Union Trading,770,2,440900.0,0,0,54,17.9,0,0,0
TX009564,P014,Orient Global,801,1,397400.0,90,0,44,19.0,0,0,0
TX009565,P015,Crest Materials,768,1,290900.0,0,1,34,24.1,0,0,0
TX009566,P003,Delta Materials,822,1,432200.0,0,1,41,20.0,0,0,0
TX009567,P091,Nordic Trading,849,2,313400.0,60,0,45,20.4,0,1,0
TX009568,P110,Meridian Energy,795,1,207500.0,30,0,50,22.3,1,0,0
TX009569,P092,Falcon Metals,675,2,32300.0,0,1,47,15.3,1,0,0
TX009570,P066,Orient Energy,590,3,40900.0,90,1,54,5.5,1,1,0
TX009571,P050,Crest Chemicals,684,2,108100.0,90,1,14,2.9,0,0,0
TX009572,P043,Atlas Chemicals,800,2,434200.0,90,0,46,21.7,0,0,0
TX009573,P012,Prime Power,620,2,56400.0,60,0,60,4.7,1,0,0
TX009574,P109,Delta Trading,826,1,315100.0,60,0,40,22.7,1,1,0
TX009575,P091,Nordic Trading,862,2,248900.0,30,0,45,19.5,0,0,0
TX009576,P084,Meridian Metals,734,1,315200.0,0,0,45,23.0,1,0,0
TX009577,P116,Aurora Materials,636,3,35500.0,30,2,55,10.7,0,0,0
TX009578,P057,Summit Industries,459,5,120500.0,30,4,4,3.1,0,0,1
TX009579,P037,Nordic Global,666,3,49100.0,0,3,45,13.9,0,1,0
TX009580,P113,Meridian Agro,624,3,101900.0,0,1,52,8.5,1,0,0
TX009581,P093,Union Global,822,2,483900.0,0,1,52,20.6,0,0,0
TX009582,P045,Meridian Materials,658,4,65600.0,0,1,51,10.6,0,0,0
TX009583,P040,Union Power,732,3,89300.0,90,1,15,4.7,0,1,0
TX009584,P116,Aurora Materials,652,3,34000.0,0,3,55,9.7,1,0,0
TX009585,P026,Summit Materials,726,3,138700.0,60,0,31,8.6,0,1,0
TX009586,P070,Crest Metals,823,1,665200.0,30,0,45,23.2,1,1,0
TX009587,P078,Pacific Materials,837,1,525400.0,0,0,37,22.8,0,1,0
TX009588,P035,Sierra Materials,677,3,42700.0,90,1,66,8.7,0,0,0
TX009589,P022,Sierra Metals,863,2,228600.0,60,2,46,22.0,1,1,0
TX009590,P082,Union Materials,640,3,157600.0,60,1,14,11.8,1,0,1
TX009591,P059,Falcon Materials,680,2,233400.0,0,2,21,9.7,0,1,1
TX009592,P036,Prime Trading,779,1,246600.0,0,0,40,24.1,0,1,0
TX009593,P021,Harbor Power,672,3,172800.0,30,0,15,12.8,0,1,0
TX009594,P043,Atlas Chemicals,820,2,650600.0,30,0,46,22.3,0,0,0
TX009595,P113,Meridian Agro,610,3,37300.0,30,1,52,7.7,1,0,0
TX009596,P082,Union Materials,666,3,91400.0,30,2,14,12.5,1,1,0
TX009597,P067,Vega Materials,784,2,762100.0,0,0,51,22.3,0,1,0
TX009598,P118,Pacific Chemicals,779,1,333300.0,30,0,44,27.4,1,1,0
TX009599,P045,Meridian Materials,648,4,44500.0,0,1,51,10.1,0,0,1
TX009600,P061,Harbor Metals,662,2,43700.0,90,1,58,16.1,0,0,1
TX009601,P076,Nordic Materials,630,3,41600.0,90,0,58,12.1,0,1,0
TX009602,P042,Corona Power,723,3,120000.0,0,0,25,12.1,1,1,0
TX009603,P062,Aurora Industries,701,3,100900.0,60,1,33,7.3,0,0,1
TX009604,P061,Harbor Metals,661,2,53500.0,60,3,58,16.0,1,1,0
TX009605,P096,Prime Materials,775,2,460000.0,90,0,50,22.7,0,1,0
TX009606,P067,Vega Materials,773,2,694300.0,60,0,51,22.2,0,1,0
TX009607,P071,Golden Metals,798,1,238600.0,60,1,47,26.3,1,0,0
TX009608,P022,Sierra Metals,848,2,128000.0,30,1,46,21.2,1,0,0
TX009609,P035,Sierra Materials,681,3,47500.0,60,1,66,9.1,1,1,0
TX009610,P066,Orient Energy,585,3,41300.0,30,1,54,6.7,1,0,0
TX009611,P092,Falcon Metals,665,2,49500.0,0,1,47,15.4,1,0,0
TX009612,P007,Cairo Grid Co,531,4,144200.0,0,3,19,1.3,1,0,1
TX009613,P112,Orient Materials,796,1,363400.0,30,0,45,23.9,0,0,0
TX009614,P092,Falcon Metals,656,2,35700.0,60,1,47,15.4,0,0,0
TX009615,P054,Golden Global,633,3,35800.0,30,1,58,16.3,0,1,0
TX009616,P074,Aurora Logistics,489,5,250200.0,30,3,7,7.7,1,0,1
TX009617,P110,Meridian Energy,831,1,314700.0,30,0,50,23.3,1,0,0
TX009618,P061,Harbor Metals,662,2,47400.0,60,1,58,15.6,0,0,0
TX009619,P038,Marina Logistics,515,5,169100.0,30,2,14,3.4,0,0,1
TX009620,P048,Orient Metals,592,2,78400.0,60,2,45,12.6,0,0,1
TX009621,P038,Marina Logistics,507,5,70100.0,60,1,14,4.5,1,0,1
TX009622,P091,Nordic Trading,848,2,263500.0,90,0,45,19.1,0,1,0
TX009623,P014,Orient Global,831,1,492700.0,30,0,44,18.0,0,1,0
TX009624,P105,Prime Logistics,517,4,119300.0,60,3,12,1.4,0,0,1
TX009625,P083,Crest Agro,712,3,187600.0,90,0,19,7.5,0,0,1
TX009626,P061,Harbor Metals,668,2,42700.0,60,1,58,14.8,1,0,0
TX009627,P033,Delta Industries,665,2,118800.0,90,0,24,5.8,0,0,0
TX009628,P091,Nordic Trading,874,2,230800.0,60,0,45,20.0,0,0,0
TX009629,P037,Nordic Global,646,3,49300.0,60,2,45,14.2,0,1,0
TX009630,P113,Meridian Agro,607,3,45300.0,90,2,52,9.0,0,0,0
TX009631,P098,Marina Agro,666,3,46200.0,30,1,57,16.8,1,0,0
TX009632,P061,Harbor Metals,676,2,60300.0,0,1,58,15.6,0,0,0
TX009633,P095,Meridian Trading,813,2,215000.0,90,2,44,21.1,0,0,0
TX009634,P045,Meridian Materials,696,4,69300.0,60,1,51,10.3,0,0,0
TX009635,P048,Orient Metals,598,2,38000.0,60,2,45,12.4,0,0,0
TX009636,P098,Marina Agro,658,3,30900.0,0,1,57,16.2,0,0,1
TX009637,P108,Orient Power,707,3,36400.0,90,2,41,11.6,0,0,0
TX009638,P059,Falcon Materials,688,2,256900.0,60,2,21,8.9,0,0,0
TX009639,P051,Union Energy,667,3,45700.0,30,1,51,11.5,0,0,1
TX009640,P020,Corona Materials,677,3,112500.0,30,0,40,14.7,0,1,0
TX009641,P076,Nordic Materials,629,3,42900.0,30,0,58,12.5,1,0,0
TX009642,P033,Delta Industries,679,2,84500.0,60,0,24,5.8,0,0,0
TX009643,P064,Zenith Chemicals,653,4,38000.0,30,1,44,7.8,0,0,1
TX009644,P075,Marina Industries,614,3,40800.0,60,1,49,11.8,0,0,0
TX009645,P098,Marina Agro,649,3,25400.0,30,1,57,18.1,1,0,0
TX009646,P103,Golden Materials,688,2,262000.0,0,1,8,10.4,0,1,0
TX009647,P097,Marina Chemicals,805,2,561100.0,30,1,35,18.5,0,0,0
TX009648,P089,Golden Power,799,1,196800.0,30,0,45,24.4,0,0,0
TX009649,P116,Aurora Materials,636,3,48200.0,30,3,55,10.5,0,0,0
TX009650,P031,Vega Power,780,2,209800.0,0,0,38,17.5,0,0,0
TX009651,P114,Corona Logistics,734,1,479200.0,0,0,52,19.3,0,0,0
TX009652,P095,Meridian Trading,830,2,422500.0,90,0,44,19.9,0,0,0
TX009653,P065,Crest Global,699,2,117200.0,0,1,15,13.8,0,0,0
TX009654,P116,Aurora Materials,671,3,43200.0,60,2,55,9.5,0,0,0
TX009655,P011,Corona Industries,699,3,114900.0,0,0,20,11.3,0,0,0
TX009656,P107,Prime Metals,789,2,171000.0,0,2,47,22.7,0,0,0
TX009657,P075,Marina Industries,598,3,41200.0,30,1,49,12.3,0,0,0
TX009658,P031,Vega Power,764,2,376600.0,60,0,38,17.7,0,0,0
TX009659,P012,Prime Power,639,2,46900.0,60,2,60,4.0,1,0,1
TX009660,P062,Aurora Industries,687,3,177700.0,0,1,33,7.6,0,1,0
TX009661,P002,Corona Agro,676,3,253300.0,60,2,25,3.5,0,1,0
TX009662,P059,Falcon Materials,665,2,238300.0,30,2,21,9.5,0,0,0
TX009663,P006,Harbor Agro,720,3,168100.0,60,2,28,4.6,0,1,0
TX009664,P004,Al-Rashid Trading,451,5,172000.0,30,2,6,6.5,1,0,1
TX009665,P005,Zenith Trading,604,3,42600.0,90,2,56,18.0,0,0,1
TX009666,P064,Zenith Chemicals,642,4,49700.0,60,1,44,8.4,0,0,1
TX009667,P032,Cobalt Logistics,714,3,105500.0,30,0,23,5.1,1,1,0
TX009668,P107,Prime Metals,793,2,175500.0,60,0,47,23.3,1,1,0
TX009669,P070,Crest Metals,837,1,302800.0,60,1,45,24.3,0,0,0
TX009670,P027,Summit Power,714,3,91800.0,30,0,21,4.5,1,1,0
TX009671,P084,Meridian Metals,762,1,213500.0,30,1,45,21.9,0,0,0
TX009672,P015,Crest Materials,761,1,414900.0,60,0,34,24.1,0,0,0
TX009673,P092,Falcon Metals,665,2,43800.0,60,1,47,15.9,1,0,0
TX009674,P099,Aurora Global,669,1,204000.0,30,1,26,12.5,1,1,0
TX009675,P093,Union Global,836,2,305600.0,0,1,52,20.3,0,0,0
TX009676,P064,Zenith Chemicals,652,4,23000.0,30,1,44,8.0,0,0,0
TX009677,P064,Zenith Chemicals,649,4,53900.0,60,1,44,8.0,1,0,0
TX009678,P076,Nordic Materials,627,3,51100.0,0,0,58,12.6,0,0,0
TX009679,P046,Vega Agro,663,4,38600.0,90,1,56,10.2,0,0,0
TX009680,P026,Summit Materials,703,3,155500.0,30,0,31,9.0,0,0,0
TX009681,P113,Meridian Agro,621,3,48200.0,90,1,52,9.4,0,1,1
TX009682,P079,Golden Agro,658,2,17600.0,60,0,54,14.3,0,1,0
TX009683,P013,Orient Logistics,747,2,399500.0,60,0,37,18.8,0,1,0
TX009684,P050,Crest Chemicals,657,2,186300.0,90,1,14,2.7,0,1,0
TX009685,P078,Pacific Materials,811,1,589600.0,30,0,37,22.3,0,0,0
TX009686,P055,Delta Energy,711,3,45700.0,60,2,53,10.9,0,0,0
TX009687,P098,Marina Agro,653,3,32000.0,90,1,57,16.7,0,0,0
TX009688,P018,Marina Global,635,3,59400.0,60,2,58,14.9,0,0,0
TX009689,P071,Golden Metals,802,1,252300.0,0,0,47,27.4,0,0,0
TX009690,P115,Vega Trading,689,2,146200.0,90,1,20,8.0,0,1,0
TX009691,P048,Orient Metals,615,2,45000.0,30,3,45,11.9,0,1,0
TX009692,P098,Marina Agro,641,3,35400.0,90,1,57,17.2,0,0,1
TX009693,P120,Orient Chemicals,637,2,66300.0,60,1,50,13.3,0,1,0
TX009694,P107,Prime Metals,786,2,371300.0,0,0,47,22.8,0,1,0
TX009695,P079,Golden Agro,634,2,33000.0,0,0,54,13.5,0,0,0
TX009696,P046,Vega Agro,632,4,78100.0,0,0,56,10.3,1,0,0
TX009697,P099,Aurora Global,688,1,89700.0,0,1,26,10.6,0,1,0
TX009698,P016,Aurora Energy,800,1,304200.0,90,0,45,26.4,0,0,0
TX009699,P029,Atlas Global,451,5,129100.0,60,2,8,1.0,0,0,1
TX009700,P120,Orient Chemicals,644,2,90700.0,30,1,50,13.1,0,0,0
TX009701,P010,Delta Chemicals,638,3,38800.0,60,1,51,11.0,0,1,0
TX009702,P012,Prime Power,643,2,70200.0,60,0,60,4.5,0,1,0
TX009703,P035,Sierra Materials,647,3,84500.0,60,2,66,9.6,1,0,1
TX009704,P072,Meridian Logistics,657,3,36100.0,30,0,51,8.1,0,1,0
TX009705,P118,Pacific Chemicals,783,1,266000.0,30,1,44,26.2,1,1,0
TX009706,P022,Sierra Metals,862,2,195500.0,90,1,46,21.7,1,0,0
TX009707,P109,Delta Trading,834,1,394500.0,30,0,40,24.0,1,1,0
TX009708,P089,Golden Power,812,1,399400.0,60,1,45,25.3,0,0,0
TX009709,P104,Summit Energy,813,2,564200.0,0,2,41,22.9,0,1,0
TX009710,P118,Pacific Chemicals,778,1,235600.0,60,0,44,27.3,0,1,0
TX009711,P016,Aurora Energy,818,1,258800.0,0,0,45,26.6,1,1,0
TX009712,P109,Delta Trading,823,1,289200.0,60,0,40,23.4,0,1,0
TX009713,P048,Orient Metals,598,2,77200.0,90,1,45,12.1,0,0,0
TX009714,P093,Union Global,834,2,622600.0,30,1,52,20.4,0,1,0
TX009715,P054,Golden Global,653,3,50700.0,60,1,58,16.2,0,1,0
TX009716,P061,Harbor Metals,676,2,66600.0,90,1,58,15.0,1,1,0
TX009717,P071,Golden Metals,783,1,247800.0,90,0,47,27.4,1,1,0
TX009718,P119,Meridian Chemicals,646,1,182000.0,30,1,25,10.1,0,0,0
TX009719,P020,Corona Materials,669,3,56000.0,90,0,40,15.6,0,1,0
TX009720,P056,Union Agro,711,2,208300.0,0,0,22,8.0,0,0,0
TX009721,P079,Golden Agro,688,2,57000.0,0,0,54,12.4,1,0,1
TX009722,P117,Falcon Energy,680,2,51000.0,60,1,50,8.0,0,1,0
TX009723,P041,Falcon Industries,633,3,38300.0,0,1,63,6.7,0,1,0
TX009724,P070,Crest Metals,829,1,563300.0,0,0,45,24.1,0,0,0
TX009725,P078,Pacific Materials,819,1,195700.0,90,0,37,22.1,0,1,0
TX009726,P110,Meridian Energy,798,1,423400.0,30,0,50,22.8,0,1,0
TX009727,P106,Prime Industries,710,2,126200.0,60,3,20,8.4,1,0,0
TX009728,P035,Sierra Materials,674,3,60000.0,30,2,66,9.8,0,0,0
TX009729,P094,Union Chemicals,782,1,951700.0,0,0,48,16.4,0,0,0
TX009730,P094,Union Chemicals,771,1,624200.0,30,0,48,16.5,0,0,0
TX009731,P113,Meridian Agro,583,3,54600.0,30,1,52,7.9,0,0,0
TX009732,P101,Aurora Agro,700,3,137800.0,60,0,12,6.5,0,0,0
TX009733,P041,Falcon Industries,630,3,35800.0,60,1,63,6.7,0,0,0
TX009734,P062,Aurora Industries,669,3,119300.0,0,1,33,8.0,1,1,0
TX009735,P104,Summit Energy,810,2,675600.0,90,1,41,22.1,0,1,0
TX009736,P016,Aurora Energy,811,1,185900.0,30,0,45,27.2,0,0,0
TX009737,P016,Aurora Energy,808,1,259000.0,0,0,45,26.8,1,0,0
TX009738,P085,Pacific Agro,676,3,16700.0,90,2,55,16.3,0,0,0
TX009739,P041,Falcon Industries,652,3,46300.0,30,1,63,6.9,1,1,0
TX009740,P005,Zenith Trading,613,3,41000.0,90,1,56,17.2,0,1,0
TX009741,P079,Golden Agro,683,2,22500.0,60,0,54,13.0,0,0,0
TX009742,P088,Falcon Trading,618,3,51900.0,90,1,43,12.0,0,0,0
TX009743,P068,Cobalt Trading,701,4,123800.0,60,0,21,0.7,1,1,0
TX009744,P069,Sierra Global,662,2,152000.0,60,1,31,2.6,0,0,0
TX009745,P102,Falcon Power,767,1,163800.0,60,2,49,22.5,1,1,0
TX009746,P114,Corona Logistics,751,1,425100.0,30,0,52,19.5,1,1,0
TX009747,P075,Marina Industries,604,3,45900.0,60,1,49,12.7,1,1,0
TX009748,P118,Pacific Chemicals,786,1,308200.0,0,0,44,26.2,1,0,0
TX009749,P078,Pacific Materials,815,1,329900.0,60,1,37,21.9,1,0,0
TX009750,P008,Vega Logistics,712,2,101900.0,0,0,19,10.2,1,0,0
TX009751,P076,Nordic Materials,627,3,44700.0,90,0,58,12.2,0,1,0
TX009752,P109,Delta Trading,821,1,268400.0,30,1,40,22.6,1,1,0
TX009753,P088,Falcon Trading,611,3,103100.0,60,2,43,12.3,0,0,0
TX009754,P055,Delta Energy,698,3,30100.0,60,2,53,10.6,0,0,0
TX009755,P093,Union Global,828,2,474800.0,0,1,52,20.5,0,1,0
TX009756,P042,Corona Power,734,3,89100.0,90,0,25,12.6,0,0,0
TX009757,P072,Meridian Logistics,649,3,87000.0,30,0,51,8.1,0,0,0
TX009758,P107,Prime Metals,790,2,256700.0,30,0,47,22.7,0,0,0
TX009759,P009,Falcon Global,628,3,25400.0,30,3,51,9.0,0,0,1
TX009760,P048,Orient Metals,626,2,46700.0,60,1,45,11.9,0,0,0
TX009761,P003,Delta Materials,867,1,337400.0,90,1,41,20.6,0,1,0
TX009762,P016,Aurora Energy,809,1,400300.0,0,1,45,26.3,0,1,0
TX009763,P020,Corona Materials,673,3,70500.0,30,0,40,15.2,0,1,0
TX009764,P076,Nordic Materials,627,3,49600.0,60,0,58,11.4,0,0,0
TX009765,P016,Aurora Energy,828,1,205800.0,30,0,45,26.0,0,1,0
TX009766,P107,Prime Metals,783,2,369600.0,90,0,47,23.0,0,1,0
TX009767,P021,Harbor Power,660,3,67200.0,0,0,15,12.3,0,1,0
TX009768,P061,Harbor Metals,669,2,64300.0,60,1,58,15.1,0,1,0
TX009769,P083,Crest Agro,692,3,245600.0,60,0,19,8.1,1,0,0
TX009770,P064,Zenith Chemicals,652,4,57600.0,30,1,44,8.1,0,1,0
TX009771,P098,Marina Agro,656,3,35200.0,60,1,57,18.5,0,0,0
TX009772,P043,Atlas Chemicals,801,2,408800.0,60,1,46,21.7,1,1,0
TX009773,P075,Marina Industries,614,3,36300.0,30,2,49,11.9,1,1,1
TX009774,P098,Marina Agro,660,3,50000.0,0,1,57,17.7,0,0,1
TX009775,P118,Pacific Chemicals,798,1,215100.0,30,0,44,26.4,0,0,0
TX009776,P083,Crest Agro,703,3,182600.0,60,2,19,7.3,0,0,0
TX009777,P071,Golden Metals,793,1,282500.0,60,0,47,26.7,1,1,0
TX009778,P021,Harbor Power,660,3,107000.0,90,1,15,12.2,0,0,0
TX009779,P008,Vega Logistics,693,2,107900.0,30,0,19,9.8,1,1,0
TX009780,P041,Falcon Industries,655,3,42700.0,30,1,63,6.4,0,0,0
TX009781,P066,Orient Energy,656,3,49900.0,30,1,54,5.9,0,1,0
TX009782,P012,Prime Power,644,2,52500.0,60,0,60,5.3,1,0,0
TX009783,P088,Falcon Trading,614,3,44100.0,60,1,43,12.3,0,0,0
TX009784,P003,Delta Materials,818,1,379300.0,30,1,41,20.6,1,0,0
TX009785,P111,Prime Global,731,2,90600.0,0,0,21,3.7,0,0,0
TX009786,P048,Orient Metals,643,2,28800.0,90,2,45,11.5,0,0,1
TX009787,P069,Sierra Global,649,2,216900.0,90,1,31,3.9,0,0,0
TX009788,P078,Pacific Materials,810,1,374000.0,0,1,37,22.5,0,0,0
TX009789,P095,Meridian Trading,822,2,313200.0,60,0,44,21.4,1,0,0
TX009790,P079,Golden Agro,661,2,22100.0,90,0,54,13.4,0,1,0
TX009791,P070,Crest Metals,828,1,336100.0,30,1,45,24.2,0,1,1
TX009792,P088,Falcon Trading,632,3,64900.0,60,1,43,11.8,0,0,0
TX009793,P101,Aurora Agro,688,3,215100.0,30,0,12,7.7,0,0,0
TX009794,P091,Nordic Trading,838,2,421700.0,0,0,45,19.7,0,1,0
TX009795,P108,Orient Power,691,3,25700.0,90,1,41,11.7,0,1,0
TX009796,P020,Corona Materials,663,3,139600.0,30,0,40,15.1,0,0,0
TX009797,P042,Corona Power,723,3,92800.0,60,0,25,12.5,0,1,0
TX009798,P009,Falcon Global,624,3,28200.0,90,1,51,9.6,1,1,0
TX009799,P037,Nordic Global,664,3,72500.0,90,2,45,14.0,0,1,0
TX009800,P061,Harbor Metals,655,2,33000.0,0,1,58,14.7,1,0,0
TX009801,P089,Golden Power,803,1,346400.0,60,0,45,24.5,0,1,0
TX009802,P092,Falcon Metals,667,2,53200.0,30,1,47,15.7,0,1,0
TX009803,P117,Falcon Energy,682,2,73600.0,0,1,50,6.6,0,0,0
TX009804,P002,Corona Agro,664,3,203700.0,30,1,25,2.9,0,0,0
TX009805,P061,Harbor Metals,628,2,40000.0,30,1,58,15.2,1,0,0
TX009806,P020,Corona Materials,685,3,50600.0,0,0,40,15.2,0,1,0
TX009807,P087,Corona Metals,683,2,154600.0,0,1,19,12.7,0,1,0
TX009808,P088,Falcon Trading,624,3,49900.0,90,1,43,11.8,0,0,1
TX009809,P112,Orient Materials,786,1,262900.0,0,0,45,24.0,1,1,0
TX009810,P100,Nordic Agro,666,3,242800.0,60,0,14,11.3,0,1,0
TX009811,P109,Delta Trading,817,1,325800.0,30,0,40,23.5,0,1,0
TX009812,P005,Zenith Trading,610,3,17900.0,30,1,56,18.3,0,0,1
TX009813,P003,Delta Materials,848,1,339500.0,30,1,41,20.3,0,1,0
TX009814,P089,Golden Power,807,1,281700.0,60,0,45,24.4,0,0,0
TX009815,P035,Sierra Materials,667,3,23700.0,30,1,66,8.9,1,1,0
TX009816,P093,Union Global,850,2,610800.0,60,1,52,19.9,0,0,0
TX009817,P073,Vega Metals,707,2,110100.0,60,1,23,10.7,1,0,0
TX009818,P010,Delta Chemicals,682,3,74100.0,60,0,51,10.6,0,0,1
TX009819,P064,Zenith Chemicals,657,4,17400.0,90,2,44,6.9,1,0,1
TX009820,P005,Zenith Trading,591,3,22500.0,0,2,56,18.3,1,1,0
TX009821,P055,Delta Energy,700,3,46200.0,60,2,53,11.1,0,1,0
TX009822,P097,Marina Chemicals,798,2,248800.0,30,1,35,19.2,0,0,0
TX009823,P089,Golden Power,807,1,310900.0,60,0,45,25.0,0,0,0
TX009824,P004,Al-Rashid Trading,475,5,230000.0,60,2,6,6.1,0,1,1
TX009825,P093,Union Global,840,2,455400.0,30,1,52,20.1,1,0,0
TX009826,P102,Falcon Power,782,1,349100.0,0,0,49,22.4,0,0,0
TX009827,P035,Sierra Materials,672,3,36500.0,60,1,66,10.1,1,0,0
TX009828,P003,Delta Materials,831,1,440200.0,0,2,41,20.0,0,1,0
TX009829,P116,Aurora Materials,655,3,63400.0,90,5,55,10.7,0,1,1
TX009830,P064,Zenith Chemicals,676,4,28700.0,90,2,44,8.0,1,0,1
TX009831,P068,Cobalt Trading,695,4,221400.0,30,1,21,0.6,0,1,0
TX009832,P116,Aurora Materials,667,3,29000.0,30,3,55,9.6,1,0,0
TX009833,P064,Zenith Chemicals,652,4,54500.0,90,1,44,7.0,0,1,1
TX009834,P037,Nordic Global,660,3,130800.0,30,1,45,13.7,0,0,0
TX009835,P048,Orient Metals,619,2,49600.0,0,1,45,12.3,1,1,0
TX009836,P070,Crest Metals,828,1,460200.0,60,0,45,24.1,0,1,0
TX009837,P028,Pacific Global,630,2,76300.0,60,1,51,15.4,0,0,0
TX009838,P046,Vega Agro,654,4,38500.0,0,0,56,10.3,1,1,0
TX009839,P026,Summit Materials,718,3,266100.0,30,1,31,8.6,0,1,0
TX009840,P006,Harbor Agro,700,3,118600.0,60,1,28,4.0,0,0,0
TX009841,P036,Prime Trading,779,1,173200.0,30,0,40,23.0,1,1,0
TX009842,P079,Golden Agro,664,2,37900.0,60,0,54,13.8,0,1,0
TX009843,P058,Zenith Logistics,754,3,355900.0,90,0,19,7.8,0,0,0
TX009844,P010,Delta Chemicals,692,3,101300.0,60,0,51,11.1,0,0,0
TX009845,P006,Harbor Agro,698,3,180400.0,90,1,28,4.4,0,0,0
TX009846,P026,Summit Materials,741,3,213600.0,30,1,31,9.9,1,0,0
TX009847,P077,Corona Energy,815,2,561000.0,90,1,37,19.0,0,0,0
TX009848,P061,Harbor Metals,638,2,22500.0,0,1,58,14.8,1,0,0
TX009849,P068,Cobalt Trading,685,4,195700.0,90,0,21,0.5,1,0,0
TX009850,P112,Orient Materials,805,1,264500.0,90,1,45,24.9,1,0,0
TX009851,P043,Atlas Chemicals,817,2,498400.0,60,0,46,22.6,1,1,0
TX009852,P115,Vega Trading,710,2,84900.0,30,1,20,7.4,1,1,0
TX009853,P022,Sierra Metals,881,2,224800.0,30,3,46,21.9,0,0,0
TX009854,P016,Aurora Energy,795,1,265500.0,0,1,45,26.6,0,1,0
TX009855,P116,Aurora Materials,634,3,40600.0,30,2,55,9.9,0,0,0
TX009856,P089,Golden Power,806,1,258000.0,90,0,45,25.1,0,1,0
TX009857,P088,Falcon Trading,627,3,60600.0,60,1,43,11.8,1,0,1
TX009858,P041,Falcon Industries,633,3,33400.0,0,1,63,6.5,0,0,0
TX009859,P113,Meridian Agro,617,3,80000.0,0,1,52,8.8,0,0,0
TX009860,P109,Delta Trading,839,1,328000.0,30,0,40,23.7,0,0,0
TX009861,P026,Summit Materials,734,3,75600.0,30,2,31,8.5,0,1,0
TX009862,P091,Nordic Trading,854,2,323900.0,90,0,45,19.3,1,0,0
TX009863,P069,Sierra Global,661,2,197700.0,30,2,31,3.9,1,0,0
TX009864,P113,Meridian Agro,605,3,37300.0,60,2,52,7.8,1,0,0
TX009865,P006,Harbor Agro,699,3,187500.0,90,0,28,4.6,0,0,0
TX009866,P022,Sierra Metals,842,2,285300.0,0,1,46,21.2,1,1,0
TX009867,P047,Pacific Metals,679,3,192400.0,30,1,11,6.9,0,0,0
TX009868,P005,Zenith Trading,598,3,33800.0,0,1,56,18.1,0,0,0
TX009869,P058,Zenith Logistics,707,3,353600.0,0,0,19,7.4,0,0,0
TX009870,P005,Zenith Trading,598,3,27000.0,60,1,56,18.2,1,1,0
TX009871,P098,Marina Agro,658,3,65000.0,90,2,57,17.5,0,0,1
TX009872,P035,Sierra Materials,672,3,38200.0,90,2,66,9.1,0,0,0
TX009873,P107,Prime Metals,804,2,265700.0,30,0,47,23.1,0,1,0
TX009874,P012,Prime Power,652,2,34400.0,60,0,60,5.2,1,0,0
TX009875,P056,Union Agro,719,2,187200.0,60,0,22,8.7,0,0,0
TX009876,P041,Falcon Industries,620,3,34500.0,30,1,63,8.1,1,0,0
TX009877,P041,Falcon Industries,595,3,48200.0,30,1,63,6.9,0,0,1
TX009878,P041,Falcon Industries,624,3,46400.0,60,1,63,6.5,0,0,0
TX009879,P109,Delta Trading,821,1,270900.0,0,0,40,23.8,0,1,0
TX009880,P107,Prime Metals,778,2,237600.0,90,0,47,23.8,0,1,0
TX009881,P041,Falcon Industries,637,3,62700.0,0,1,63,6.7,0,1,0
TX009882,P061,Harbor Metals,670,2,40100.0,0,1,58,15.3,1,0,0
TX009883,P087,Corona Metals,673,2,115100.0,60,1,19,12.5,1,0,0
TX009884,P045,Meridian Materials,685,4,75000.0,0,2,51,10.5,0,0,1
TX009885,P041,Falcon Industries,642,3,58900.0,60,1,63,7.1,0,0,0
TX009886,P089,Golden Power,791,1,424700.0,90,2,45,23.7,1,1,0
TX009887,P119,Meridian Chemicals,645,1,109600.0,30,1,25,11.2,1,0,0
TX009888,P116,Aurora Materials,656,3,22500.0,0,2,55,9.7,0,0,0
TX009889,P045,Meridian Materials,668,4,52500.0,30,1,51,10.1,0,1,0
TX009890,P070,Crest Metals,819,1,452100.0,0,0,45,23.1,0,0,0
TX009891,P016,Aurora Energy,819,1,225000.0,30,0,45,27.0,1,1,0
TX009892,P104,Summit Energy,829,2,324700.0,30,1,41,22.2,1,0,0
TX009893,P055,Delta Energy,691,3,34600.0,90,2,53,11.6,0,1,0
TX009894,P088,Falcon Trading,623,3,34400.0,90,1,43,12.9,0,0,0
TX009895,P107,Prime Metals,811,2,239400.0,30,1,47,22.2,0,0,0
TX009896,P068,Cobalt Trading,719,4,136100.0,0,0,21,0.6,0,1,0
TX009897,P002,Corona Agro,689,3,190600.0,60,2,25,4.2,1,0,0
TX009898,P072,Meridian Logistics,660,3,35100.0,0,0,51,8.4,0,0,0
TX009899,P035,Sierra Materials,648,3,41300.0,30,2,66,9.7,0,1,0
TX009900,P022,Sierra Metals,866,2,221100.0,90,2,46,22.0,0,0,0
TX009901,P089,Golden Power,785,1,584500.0,90,0,45,25.2,0,0,0
TX009902,P023,Sierra Trading,462,4,267200.0,90,2,19,3.7,0,1,1
TX009903,P011,Corona Industries,647,3,196200.0,90,0,20,10.6,1,0,1
TX009904,P096,Prime Materials,784,2,518700.0,60,0,50,24.0,0,0,0
TX009905,P050,Crest Chemicals,683,2,257900.0,30,1,14,2.9,0,0,0
TX009906,P062,Aurora Industries,667,3,69700.0,30,2,33,8.2,0,0,0
TX009907,P114,Corona Logistics,764,1,331700.0,60,0,52,19.3,1,0,0
TX009908,P047,Pacific Metals,649,3,115800.0,90,1,11,7.0,0,0,1
TX009909,P077,Corona Energy,806,2,481300.0,60,0,37,18.1,0,0,0
TX009910,P118,Pacific Chemicals,782,1,156800.0,60,1,44,27.3,0,0,0
TX009911,P116,Aurora Materials,666,3,19800.0,60,3,55,9.6,1,1,0
TX009912,P010,Delta Chemicals,657,3,57300.0,60,0,51,10.8,0,0,1
TX009913,P062,Aurora Industries,670,3,92000.0,30,1,33,8.2,0,0,0
TX009914,P095,Meridian Trading,827,2,346900.0,0,0,44,20.7,1,1,0
TX009915,P003,Delta Materials,840,1,216600.0,90,1,41,21.6,0,1,0
TX009916,P071,Golden Metals,798,1,327800.0,30,0,47,27.3,1,0,0
TX009917,P067,Vega Materials,784,2,693900.0,60,2,51,22.3,1,1,0
TX009918,P117,Falcon Energy,674,2,90800.0,60,1,50,7.6,1,1,0
TX009919,P053,Summit Global,745,3,135900.0,30,0,14,9.9,0,1,0
TX009920,P072,Meridian Logistics,654,3,69700.0,30,0,51,8.7,0,0,0
TX009921,P068,Cobalt Trading,712,4,238900.0,30,0,21,0.6,0,0,0
TX009922,P106,Prime Industries,725,2,100200.0,30,2,20,8.3,0,0,0
TX009923,P118,Pacific Chemicals,778,1,295200.0,60,0,44,26.6,1,0,0
TX009924,P038,Marina Logistics,507,5,67900.0,90,1,14,3.5,0,0,1
TX009925,P112,Orient Materials,819,1,298500.0,60,0,45,24.4,0,1,0
TX009926,P062,Aurora Industries,682,3,149800.0,30,1,33,7.9,0,0,1
TX009927,P012,Prime Power,661,2,36600.0,60,1,60,4.3,0,0,0
TX009928,P062,Aurora Industries,671,3,178800.0,0,1,33,8.1,0,0,0
TX009929,P085,Pacific Agro,665,3,43400.0,0,2,55,16.3,1,0,0
TX009930,P026,Summit Materials,737,3,275000.0,90,1,31,8.6,0,0,0
TX009931,P085,Pacific Agro,692,3,50400.0,60,1,55,15.3,1,0,0
TX009932,P117,Falcon Energy,699,2,40600.0,30,1,50,7.5,1,0,0
TX009933,P114,Corona Logistics,768,1,396000.0,60,1,52,18.6,0,1,0
TX009934,P072,Meridian Logistics,653,3,62900.0,30,0,51,7.7,0,0,0
TX009935,P067,Vega Materials,783,2,429400.0,30,0,51,22.1,0,1,0
TX009936,P106,Prime Industries,735,2,159300.0,30,2,20,8.4,0,0,0
TX009937,P092,Falcon Metals,671,2,45100.0,60,1,47,16.0,0,1,0
TX009938,P002,Corona Agro,676,3,171500.0,30,2,25,4.0,0,1,0
TX009939,P037,Nordic Global,664,3,95800.0,30,1,45,14.0,1,1,1
TX009940,P056,Union Agro,730,2,154700.0,30,0,22,7.5,1,0,0
TX009941,P114,Corona Logistics,761,1,574100.0,60,2,52,18.5,0,0,0
TX009942,P093,Union Global,827,2,679300.0,90,2,52,20.8,1,0,0
TX009943,P112,Orient Materials,813,1,368700.0,90,0,45,24.0,0,1,0
TX009944,P089,Golden Power,805,1,302400.0,90,0,45,24.7,0,1,0
TX009945,P077,Corona Energy,801,2,306800.0,30,1,37,18.3,0,0,0
TX009946,P042,Corona Power,717,3,101800.0,60,1,25,12.3,0,1,0
TX009947,P078,Pacific Materials,811,1,395900.0,60,0,37,22.8,0,1,0
TX009948,P090,Falcon Agro,834,2,281600.0,0,1,36,20.5,0,0,0
TX009949,P117,Falcon Energy,675,2,99800.0,60,1,50,8.0,0,1,0
TX009950,P098,Marina Agro,659,3,33400.0,60,2,57,16.4,1,0,0
TX009951,P005,Zenith Trading,592,3,44900.0,60,3,56,19.0,0,0,0
TX009952,P108,Orient Power,694,3,46700.0,30,0,41,11.8,0,0,0
TX009953,P094,Union Chemicals,764,1,632700.0,90,0,48,16.3,0,0,0
TX009954,P117,Falcon Energy,679,2,68500.0,30,1,50,7.8,0,1,0
TX009955,P010,Delta Chemicals,685,3,86400.0,30,0,51,10.8,0,0,1
TX009956,P085,Pacific Agro,672,3,41900.0,0,1,55,16.2,0,0,0
TX009957,P118,Pacific Chemicals,789,1,237000.0,90,1,44,26.3,0,1,0
TX009958,P016,Aurora Energy,800,1,216500.0,60,0,45,26.3,0,1,0
TX009959,P112,Orient Materials,828,1,366900.0,0,0,45,24.3,0,0,0
TX009960,P118,Pacific Chemicals,779,1,336500.0,30,0,44,25.8,1,1,0
TX009961,P037,Nordic Global,675,3,55800.0,30,2,45,13.4,0,0,0
TX009962,P010,Delta Chemicals,695,3,48800.0,30,0,51,11.4,0,0,0
TX009963,P026,Summit Materials,738,3,202100.0,60,0,31,9.0,0,0,0
TX009964,P013,Orient Logistics,738,2,173600.0,30,0,37,18.0,1,1,0
TX009965,P105,Prime Logistics,495,4,104000.0,30,3,12,1.7,0,0,1
TX009966,P070,Crest Metals,823,1,849900.0,90,1,45,24.0,0,1,0
TX009967,P097,Marina Chemicals,821,2,262300.0,0,1,35,19.1,0,1,0
TX009968,P098,Marina Agro,654,3,33200.0,30,1,57,17.3,0,0,1
TX009969,P002,Corona Agro,697,3,150100.0,0,1,25,3.5,0,1,0
TX009970,P018,Marina Global,635,3,32900.0,60,2,58,16.0,0,1,0
TX009971,P102,Falcon Power,780,1,318600.0,90,0,49,23.3,0,1,0
TX009972,P093,Union Global,820,2,530500.0,60,1,52,20.7,0,1,0
TX009973,P058,Zenith Logistics,726,3,343800.0,30,1,19,8.3,0,1,0
TX009974,P054,Golden Global,657,3,47100.0,30,1,58,16.7,0,1,1
TX009975,P028,Pacific Global,613,2,40000.0,0,2,51,15.2,1,0,0
TX009976,P070,Crest Metals,836,1,504300.0,60,1,45,24.0,1,1,0
TX009977,P056,Union Agro,706,2,200700.0,30,1,22,8.5,0,0,0
TX009978,P005,Zenith Trading,616,3,36500.0,90,1,56,17.8,0,0,0
TX009979,P034,Union Trading,735,2,234600.0,90,0,54,18.4,1,0,0
TX009980,P031,Vega Power,781,2,301900.0,30,0,38,16.3,0,1,0
TX009981,P009,Falcon Global,628,3,59500.0,0,1,51,8.8,1,0,0
TX009982,P107,Prime Metals,788,2,169600.0,60,1,47,22.3,1,1,0
TX009983,P034,Union Trading,755,2,400800.0,60,1,54,18.6,0,0,0
TX009984,P092,Falcon Metals,681,2,30100.0,30,1,47,15.6,1,1,0
TX009985,P010,Delta Chemicals,669,3,63300.0,30,0,51,11.0,0,0,0
TX009986,P041,Falcon Industries,625,3,49600.0,60,1,63,6.9,1,0,0
TX009987,P059,Falcon Materials,701,2,202800.0,60,3,21,9.3,0,1,0
TX009988,P069,Sierra Global,653,2,119000.0,30,1,31,3.7,0,1,0
TX009989,P085,Pacific Agro,693,3,49400.0,30,1,55,15.8,0,0,0
TX009990,P094,Union Chemicals,767,1,724000.0,0,0,48,16.7,1,0,1
TX009991,P069,Sierra Global,669,2,92600.0,30,1,31,4.3,0,1,0
TX009992,P067,Vega Materials,764,2,360400.0,30,0,51,22.5,0,0,0
TX009993,P055,Delta Energy,686,3,50400.0,60,4,53,10.1,0,0,1
TX009994,P003,Delta Materials,828,1,549500.0,0,2,41,21.0,1,1,0
TX009995,P051,Union Energy,710,3,62600.0,0,0,51,11.2,0,1,0
TX009996,P046,Vega Agro,651,4,24200.0,30,0,56,10.7,0,0,0
TX009997,P113,Meridian Agro,618,3,53400.0,30,1,52,8.5,1,0,0
TX009998,P117,Falcon Energy,682,2,46700.0,0,1,50,6.8,0,1,0
TX009999,P089,Golden Power,822,1,459600.0,30,0,45,25.3,0,1,0
